FullAddress,CommunityName ,PropertyID,CountyState,Risk,HousingCompany,PrivateEquityFirm,Units,YearAcquired,Fannie/Freddie,PropertyType,Latitude,Longitude,,
"1 Saddlebrook Dr Graystake,IL 60030",Saddlebrook Farms,IL-Saddlebrook Farms-1,"Lake, IL",Relatively High,Hometown America,Calzada Capital Partners,1775,2014,No,Manufactured Housing,42.247472,-87.952995,Calzada Capital Partners,77
"1000 US Highway 98 N Lakeland,FL 33809",Cypress Lake Village,FL-Cypress Lake Village-1000,"Polk, FL",Relatively High,Cove Communities,Montgomery Street Partners,1602,2022,No,Manufactured Housing,28.184555,-82.008824,Montgomery Street Partners,16
"45301 Chateau Thierry Blvd Macomb,MI 48044",Westbridge Manor,MI-Westbridge Manor-45301,"Macomb, MI",Relatively High,Yes! Communities,Stockbridge Capital Group,1446,2016,Fannie Mae,Manufactured Housing,42.631354,-82.904605,Stockbridge Capital Group,265
"15235 S Tamiami Trail Fort Myers,FL 33908",Jamaica Bay Village,FL-Jamaica Bay Village-15235,"Lee, FL",Relatively High,Cove Communities,Montgomery Street Partners,1417,2021,No,Manufactured Housing,26.521801,-81.864732,The Carlyle Group,63
"18621 N Tamiami Trl North Ft Myers,FL 33903",Del Tura Country Club,FL-Del Tura Country Club-18621,"Lee, FL",Relatively High,Hometown America,Calzada Capital Partners,1344,2010,Freddie Mac,Manufactured Housing,26.734732,-81.912256,Green Courte Partners,21
"12850 SW 14th St Miami,FL 33184",University Lakes,FL-University Lakes-12850,"Miami-Dade, FL",Very High,Hometown America,Calzada Capital Partners,1153,2001,Fannie Mae,Manufactured Housing,25.753952,-80.403975,Havenpark Capital Partners,89
"14205 E Colonial Dr Orlando,FL 32826",Fairways Country Club,FL-Fairways Country Club-14205,"Orange, FL",Relatively High,Hometown America,Calzada Capital Partners,1142,2003,Fannie Mae,Manufactured Housing,28.572422,-81.165543,Legacy Communities,67
"702 S Meridian Rd Apache Junction,AZ 85120",Superstition Sunrise RV Resort,AZ-Superstition Sunrise RV Resort-702,"Maricopa, AZ",Very High,The Carlyle Group,The Carlyle Group,1119,2020,No,Manufactured Housing,33.40182,-111.584714,Kingsley Management,30
"1811B W Gleaneagles Rd Ocala,FL 34472",Rolling Greens Village,FL-Rolling Greens Village-1811B,"Marion, FL",Relatively High,Cove Communities,Montgomery Street Partners,1100,N/A,No,Manufactured Housing,29.16882,-82.04136,Silver Creek Capital,41
"3000 Tanglewood Pkwy Sebring,FL 33872",Tanglewood,FL-Tanglewood-3000,"Highlands, FL",Relatively Moderate,Hometown America,Calzada Capital Partners,1094,2009,No,Manufactured Housing,27.518322,-81.507468,Brookfield Corporation,104
"1 Parkway Drive Olmsted Township,OH 44138",Columbia Park,OH-Columbia Park-1,"Cuyahoga, OH",Relatively High,Windward Communities,Green Courte Partners,1000,N/A,No,Manufactured Housing,41.386125,-81.905409,RHP Properties,272
"38000 Le Chateau Blvd Clinton Twp,MI 48038",Rivers Edge,MI-Rivers Edge-38000,"Macomb, MI",Relatively High,Havenpark Communities,Havenpark Capital Partners,958,2020,Fannie Mae,Manufactured Housing,42.576622,-82.961676,Sunrise Communities,16
"7100 Ulmeton Rd Largo,FL 33771",Ranchero Village,FL-Ranchero Village-7100,"Pinellas, FL",Relatively High,Legacy Communities,Legacy Communities,946,N/A,N/A,Manufactured Housing,27.910383,-82.747984,Apollo Global Management,115
"200 Oak Point Dr Middleborough,MA 2346",Oak Point,MA-Oak Point-200,"Plymouth, MA",Relatively Moderate,Hometown America,Calzada Capital Partners,880,2004,No,Manufactured Housing,41.948699,-70.902404,,0
"3419 FL-60 Valrico,FL 33594",StrawBerry Ridge Village,FL-StrawBerry Ridge Village-3419,"Hillsborough, FL",Relatively High,Cove Communities,Montgomery Street Partners,867,2022,No,Manufactured Housing,27.937563,-82.223617,Riverstone Capital Partners,73
"1700 East Lakeville Rd Oxford,MI 48371",Lake Villa,MI-Lake Villa-1700,"Oakland, MI",Relatively High,Kingsley Management,Kingsley Management,851,N/A,N/A,Manufactured Housing,42.825335,-83.231704,MHP Funds,125
"50333 Willis Rd Belleville,MI 48111",Holiday West,MI-Holiday West-50333,"Wayne, MI",Relatively High,Cambio Communities,Silver Creek Capital,844,N/A,Fannie Mae,Manufactured Housing,42.156333,-83.531652,The Blackstone Group,71
"7330 Landsend Lane Liverpool,NY 13090",Madison Village,NY-Madison Village-7330,"Onondaga, NY",Relatively Moderate,RHP Properties (Brookfield),Brookfield Corporation,835,N/A,No,Manufactured Housing,43.165843,-76.247175,Alden Global Capital,160
"9300 West 79th Street Justice,IL 60458",Sterling Estates,IL-Sterling Estates -9300,"Cook, IL",Very High,RHP Properties (RHP),RHP Properties,807,N/A,Freddie Mac,Manufactured Housing,41.747409,-87.848104,Federal Capital Partners,169
"1225 Vienna Dr Sunnyvale,CA 94089",Plaza Del rey,CA-Plaza Del rey-1225,"Santa Clara, CA",Very High,Hometown America,Calzada Capital Partners,800,2019,No,Manufactured Housing,37.399894,-122.002961,Crow Holdings Capital - Real Estate,21
"10400 Hwy 27 Frostproof,FL 33843",Camp Inn,FL-Camp Inn -10400,"Polk, FL",Relatively High,RHP Properties (RHP),RHP Properties,799,N/A,No,Manufactured Housing,27.776471,-81.599468,Open Capital,36
"4620 South High School Rd Indianapolis,IN 46241",Valleybrook,IN-Valleybrook-4620,"Marion, IN",Relatively High,Yes! Communities,Stockbridge Capital Group,798,2018,Freddie Mac,Manufactured Housing,39.696564,-86.275737,MHC Capital,28
"29800 Guilford Circle Chesterfield,MI 48051",Carriage Way,MI-Carriage Way-29800,"Macomb, MI",Relatively High,Havenpark Communities,Havenpark Capital Partners,798,2022,Fannie Mae,Manufactured Housing,42.684922,-82.809887,"Crow Holdings Capital - Real Estate,Legacy Communities",2
"3700 Palm Valley Cir Oviedo,FL 32765",Palm Valley,FL-Palm Valley-3700,"Seminole, FL",Relatively Moderate,Hometown America,Calzada Capital Partners,790,2019,Freddie Mac,Manufactured Housing,28.61815,-81.198195,TIR Equities,6
"5600 Old Capitol Trail Wilmington,DE 19808",Murray Manor,DE-Murray Manor -5600,"New Castle, DE",Relatively High,RHP Properties (RHP),RHP Properties,786,N/A,Freddie Mac,Manufactured Housing,39.711841,-75.670909,"Legacy Communities,Crow Holdings Capital - Real Estate",1
"10201 Riverdale Rd Thornton,CO 80229",Pine Lakes Ranch,CO-Pine Lakes Ranch-10201,"Adams, CO",Relatively Moderate,RHP Properties (RHP),RHP Properties,762,N/A,No,Manufactured Housing,39.880961,-104.938279,Keel Team,46
"216 Southfork Blvd Wylie,TX 75098",Southfork,TX-Southfork-216,"Collin, TX",Relatively High,Yes! Communities,Stockbridge Capital Group,746,2014,Fannie Mae,Manufactured Housing,33.029114,-96.589546,,
"8930 146th Ave West Olive,MI 49460",West Olive Estates,MI-West Olive Estates-8930,"Ottawa, MI",Relatively Moderate,Yes! Communities,Stockbridge Capital Group,741,2018,Freddie Mac,Manufactured Housing,42.930976,-86.146827,,
"2737 Washington Center Rd Fort Wayne,IN 46818",Ridgebrook Hills,IN-Ridgebrook Hills-2737,"Allen, IN",Relatively Moderate,Sunrise Communities,Sunrise Communities,738,2021,Fannie Mae,Manufactured Housing,41.132162,-85.175038,,
"1434 Fallcreek Drive Mishwaka,IN 46544",Village Green,IN-Village Green-1434,"St. Joseph, IN",Relatively Moderate,Yes! Communities,Stockbridge Capital Group,734,2018,Freddie Mac,Manufactured Housing,41.648169,-86.153811,,
"400 N Plaza Dr Apache Junction,AZ",Lost Dutchman RV Resort,AZ-Lost Dutchman RV Resort-400,"Pinal, AZ",Relatively Moderate,The Carlyle Group,The Carlyle Group,730,N/A,N/A,Manufactured Housing,33.419485,-111.552781,,
"19376 US Hwy 41 N North Ft Myers,FL 33903",Tara Woods,FL-Tara Woods-19376,"Lee, FL",Relatively High,Hometown America,Calzada Capital Partners,729,2013,No,Manufactured Housing,26.662958,-81.88605,,
"41875 Carousel St Novi,MI 48377",Oakland Glens,MI-Oakland Glens-41875,"Oakland, MI",Relatively High,Yes! Communities,Stockbridge Capital Group,725,2023,Fannie Mae,Manufactured Housing,42.514256,-83.461198,,
"7930 Audubon Ave Alexandria,VA 22306",Audubon Estates,VA-Audubon Estates-7930,"Fairfax, VA",Relatively High,Hometown America,Calzada Capital Partners,701,2003,Freddie Mac,Manufactured Housing,38.742434,-77.090098,,
"11848 Calvary Rd Willis,TX 77318",Rockrose Ranch,TX-Rockrose Ranch-11848,"Montgomery, TX",Relatively High,Inspire Communities,Apollo Global Management,700,2021,No,Manufactured Housing,30.470307,-95.534016,,
"2551 W 92nd Ave Federal Heights,CO 80260",Kimberly Hills,CO-Kimberly Hills-2551,"Adams, CO",Relatively Moderate,Kingsley Management,Kingsley Management,686,N/A,N/A,Manufactured Housing,39.864781,-105.017633,,
"450 Chillon Drive Lynwood,IL 60411",Alpine Village,IL-Alpine Village-450,"Cook, IL",Very High,Inspire Communities,Apollo Global Management,677,2002,Freddie Mac,Manufactured Housing,41.500655,-87.528278,,
"8403 Millnockett Ln Orlando,FL 32825",Shadow Hills,FL-Shadow Hills-8403,"Orange, FL",Relatively High,RHP Properties (Brookfield),Brookfield Corporation,671,2017,No,Manufactured Housing,28.562135,-81.27311,,
"4509 Longmeadow Blvd W Saginaw,MI 48603",Lawndale Estates,MI-Lawndale Estates-4509,"Saginaw, MI",Relatively Moderate,Yes! Communities,Stockbridge Capital Group,667,2018,Freddie Mac,Manufactured Housing,43.473216,-84.040469,,
"8403 Millinockett Ln Orlando,FL 32825",Shadow Hills,FL-Shadow Hills-8403,"Orange, FL",Relatively High,Brookfield,,665,2017,N/A,Manufactured Housing,28.562135,-81.27311,,
"7061 Bethuy Rd Fair Haven,MI 48023",The Shores of Anchor Bay,MI-The Shores of Anchor Bay-7061,"St. Clair, MI",Relatively Moderate,Yes! Communities,Stockbridge Capital Group,659,2018,Fannie Mae,Manufactured Housing,42.690289,-82.704941,,
"1199 East Santa Fe Street Gardner,KS 66030",Conestoga,KS-Conestoga-1199,"Johnson, KS",Relatively High,Windward Communities,Green Courte Partners,659,N/A,No,Manufactured Housing,38.805923,-94.898372,,
"6151 Forest Hill Blvd West Palm Beach,FL",Casa Del Monte,FL-Casa Del Monte-6151,"Palm Beach, FL",Relatively High,Riverstone Communities,Riverstone Capital Partners,657,2003,N/A,Manufactured Housing,26.653713,-80.140031,,
"3231 Timmins Rd Muskegon,MI 49444",Norton Shores,MI-Norton Shores-3231,"Muskegon, MI",Relatively Low,Yes! Communities,Stockbridge Capital Group,656,2022,Freddie Mac,Manufactured Housing,43.193931,-86.212259,,
"6 Bear Creek Path Ormond Beach,FL 32174",Bear Creek Village,FL-Bear Creek Village-6,"Volusia, FL",Relatively High,Cove Communities,Montgomery Street Partners,646,2022,No,Manufactured Housing,29.307251,-81.103264,,
"10960 Beach Boulevard Jacksonville,FL 32246",Countryside Village,FL-Countryside Village-10960,"Duval, FL",Relatively High,RHP Properties (Brookfield),Brookfield Corporation,643,N/A,No,Manufactured Housing,30.279975,-81.539378,,
"10960 Beach Boulevard Jacksonville,FL 32246",Countryside Village,FL-Countryside Village -10960,"Duval, FL",Relatively High,RHP Properties (RHP),RHP Properties,643,N/A,No,Manufactured Housing,30.279975,-81.539378,,
"10701 US Hwy 41 Leesburg,FL 34788",Lakes at Leesburg,FL-Lakes at Leesburg-10701,"Lake, FL",Relatively Moderate,Hometown America,Calzada Capital Partners,640,N/A,Freddie Mac,Manufactured Housing,28.888724,-81.782704,,
"508 East Howard Lane Austin,TX 78753",Dessau Fountain Estates,TX-Dessau Fountain Estates -508,"Travis, TX",Relatively High,RHP Properties (RHP),RHP Properties,638,N/A,Fannie Mae,Manufactured Housing,30.414555,-97.653101,,
"301 Beach St Edwardsville,KS 66113",Edwardsville Village,KS-Edwardsville Village-301,"Wyandotte, KS",Relatively Moderate,RHP Properties (RHP),RHP Properties,634,2017,Fannie Mae,Manufactured Housing,39.058648,-94.82212,,
"11701 Stagecoach Rd Little Rock,AR 72210",Knollwood Mobile Home Park,AR-Knollwood Mobile Home Park-11701,"Pulaski, AR",Relatively High,Riverstone Communities,Riverstone Capital Partners,633,2007,No,Manufactured Housing,34.647689,-92.438168,,
"999 Mango Dr Cassselberry,FL 32707",Summerloch Green,FL-Summerloch Green-999,"Seminole, FL",Relatively Moderate,The Carlyle Group,The Carlyle Group,633,2017,No,Manufactured Housing,28.689077,-81.323936,,
"7927 Forest Hills Rd Loves Park,IL 61111",Forest Hills Village MHC,IL-Forest Hills Village MHC-7927,"Winnebago, IL",Relatively Moderate,Kingsley Management,Kingsley Management,632,N/A,N/A,Manufactured Housing,42.339237,-89.01826,,
"4590 Troy Highway Montgomery,AL 36116",Evergreen Estates,AL-Evergreen Estates-4590,"Montgomery, AL",Relatively Moderate,Yes! Communities,Stockbridge Capital Group,627,2016,Fannie Mae,Manufactured Housing,32.309756,-86.22086,,
"26270 I-30 Alexander,AR 72002",Knollwood,AR-Knollwood-26270,"Saline, AR",Relatively Low,Riverstone Communities,Riverstone Capital Partners,624,2009,No,Manufactured Housing,34.64191,-92.445853,,
"508 44th Ave E Bradenton,FL 34203",Village on the Green,FL-Village on the Green-508,"Manatee, FL",Relatively High,Legacy Communities,Legacy Communities,624,N/A,N/A,Manufactured Housing,27.459615,-82.561157,,
"6837 NE Cubitis Ave Arcadia,FL",Cross Creek Country Club Resort,FL-Cross Creek Country Club Resort-6837,"Desoto, FL",Relatively Moderate,Treehouse Communities,,622,N/A,N/A,Manufactured Housing,27.290997,-81.830456,,
"75 Briarwood Trail Monroe,MI 48161",Oakridge Estates,MI-Oakridge Estates-75,"Monroe, MI",Relatively Moderate,Yes! Communities,Stockbridge Capital Group,621,N/A,Fannie Mae,Manufactured Housing,41.891791,-83.409664,,
"1711 E Business Hwy 83 Mission,TX 78572",Mission Bell & Trade Winds Resort,TX-Mission Bell & Trade Winds Resort-1711,"Hidalgo, TX",Relatively High,Impact Communities,MHP Funds,620,N/A,No,Manufactured Housing,26.211447,-98.298626,,
"4377 Old Plank Rd Millford,MI 48381",Childs Lake Estates,MI-Childs Lake Estates-4377,"Oakland, MI",Relatively High,Kingsley Management,Kingsley Management,619,N/A,Fannie Mae,Manufactured Housing,42.532413,-83.57228,,
"2889 Sandpiper Lane Rochester Hills,MI 48309",Avon on the Lake,MI-Avon on the Lake-2889,"Oakland, MI",Relatively High,Yes! Communities,Stockbridge Capital Group,617,N/A,Fannie Mae,Manufactured Housing,42.635811,-83.18383,,
"14001 Beach Blvd Jacksonville,FL 32250",Portside at the Beaches,FL-Portside at the Beaches-14001,"Duval, FL",Relatively High,RHP Properties (Brookfield),Brookfield Corporation,612,2017,No,Manufactured Housing,30.295345,-81.450715,,
"6837 Northeast Cubitis Avenue Arcadia,FL 34266",Cross Creek RV Resot,FL-Cross Creek RV Resot-6837,"Desoto, FL",Relatively Moderate,Treehouse Communities,The Blackstone Group,612,2017,Fannie Mae,Manufactured Housing,27.290997,-81.830456,,
"5374 E Deadwood Drive Kalamazoo,MI 49002",Colonial Acres,MI-Colonial Acres-5374,"Kalamazoo, MI",Relatively Moderate,Cambio Communities,Silver Creek Capital,612,N/A,No,Manufactured Housing,42.240308,-85.54113,,
"420 Pittsburg Landing Summerville,SC 29483",Wind Gate,SC-Wind Gate-420,"Berkeley, SC",Relatively High,Yes! Communities,Stockbridge Capital Group,602,2012,Fannie Mae,Manufactured Housing,33.039017,-80.08535,,
"4000 Hollywood Blvd Melbourne,FL 32904",Lakes of Melbourne,FL-Lakes of Melbourne-4000,"Brevard, FL",Relatively High,Hometown America,Calzada Capital Partners,602,N/A,No,Manufactured Housing,28.04568,-80.661515,,
"10540 E Apache Trail Apache Junction,AZ 85120",Rosehaven Estates,AZ-Rosehaven Estates-10540,"Maricopa, AZ",Very High,Treehouse Communities,The Blackstone Group,600,2018,Fannie Mae,Manufactured Housing,33.415899,-111.60289,,
"9098 N Saginaw Rd Mt Morris,MI 48458",North Morris Estates,MI-North Morris Estates-9098,"Genesee, MI",Relatively Moderate,Homes of America,Alden Global Capital,598,N/A,No,Manufactured Housing,43.138878,-83.690988,,
"22971 Suburban Blvd Lewes,DE 19958",Angola Beach Estates,DE-Angola Beach Estates-22971,"Sussex, DE",Relatively Moderate,Hometown America,Calzada Capital Partners,595,2009,Freddie Mac,Manufactured Housing,38.670828,-75.166687,,
"6201 Bert Kouns Industrial Loop Shreveport,LA 71129",Forest Mobile Estates,LA-Forest Mobile Estates-6201,"Caddo, LA",Relatively Moderate,Homes of America,Alden Global Capital,589,2021,No,Manufactured Housing,32.395228,-93.87238,,
"3671 Candlelight Drive Columbus,IN 47203",Candlelight Village,IN-Candlelight Village-3671,"Bartholomew, IN",Relatively Low,Yes! Communities,Stockbridge Capital Group,587,2020,Freddie Mac,Manufactured Housing,39.240607,-85.891937,,
"2109 N Abbey Circle Peoria,IL 61604",Royal Oaks Estates,IL-Royal Oaks Estates-2109,"Peoria, IL",Relatively Moderate,Yes! Communities,Stockbridge Capital Group,585,2018,No,Manufactured Housing,40.7132,-89.646695,,
"4000 Ace Lane Lewisville,TX 75067",Creekside,TX-Creekside-4000,"Denton, TX",Relatively High,RHP Properties (Brookfield),Brookfield Corporation,583,2017,No,Manufactured Housing,32.996395,-97.016879,,
"1661 Old Country Road Riverhead,NY 11901",Glenwood Village,NY-Glenwood Village -1661,"Suffolk, NY",Relatively High,Hometown America,Calzada Capital Partners,580,2024,No,Manufactured Housing,40.924542,-72.699275,,
"16336 SW Indianwood Circle Indiantown,FL 34956",Indianwood Golf and Country Club,FL-Indianwood Golf and Country Club-16336,"Martin, FL",Relatively Moderate,Legacy Communities,Legacy Communities,580,N/A,N/A,Manufactured Housing,27.029648,-80.476792,,
"701 S. Dobson Rd. Mesa,AZ 85202",Holiday Village,AZ-Holiday Village-701,"Maricopa, AZ",Very High,RHP Properties (RHP),RHP Properties,578,N/A,Freddie Mac,Manufactured Housing,33.403901,-111.872875,,
"1800 Preston on the Lake Little Elm,TX 75068",Preston on the Lake,TX-Preston on the Lake-1800,"Denton, TX",Relatively High,Yes! Communities,Stockbridge Capital Group,575,2008,Fannie Mae,Manufactured Housing,33.162716,-96.908229,,
"4065 E University Dr Mesa,AZ 85205",Citrus Gardens,AZ-Citrus Gardens-4065,"Maricopa, AZ",Very High,The Carlyle Group,The Carlyle Group,575,2020,No,Manufactured Housing,33.421164,-111.742875,,
"5710 N Belleview Ave Kansas City,MO 64118",Lakeview Terrace,MO-Lakeview Terrace-5710,"Clay, MO",Relatively Moderate,Yes! Communities,Stockbridge Capital Group,565,2019,Freddie Mac,Manufactured Housing,39.200007,-94.591742,,
"25501 Trost Blvd Bonita Springs,FL 34135",Citrus Park,FL-Citrus Park-25501,"Lee, FL",Relatively High,The Carlyle Group,The Carlyle Group,563,2019,No,Manufactured Housing,26.370757,-81.750629,,
"6392 Plastermill Rd Victor,NY 14564",Gypsum Mills,NY-Gypsum Mills-6392,"Ontario, NY",Relatively Low,Horizon Land Company,Federal Capital Partners,562,N/A,Fannie Mae,Manufactured Housing,42.983837,-77.377535,,
"3232 S Clifton Ave Wichita,KS 67216",The Towneship at Clifton,KS-The Towneship at Clifton-3232,"Sedgwick, KS",Relatively High,RHP Properties (Brookfield),Brookfield Corporation,552,2017,No,Manufactured Housing,37.62709,-97.293885,,
"1207 Rushmore Blvd Indianapolis,IN 46234",West Glen Village,IN-West Glen Village-1207,"Marion, IN",Relatively High,RHP Properties (Brookfield),Brookfield Corporation,552,2017,No,Manufactured Housing,39.784854,-86.32358,,
"46000 Geddes Rd Canton,MI 48188",Holiday Estates,MI-Holiday Estates-46000,"Wayne, MI",Relatively High,Cambio Communities,Silver Creek Capital,551,2021,Fannie Mae,Manufactured Housing,42.277434,-83.491096,,
"12250 Woodland Ridge Circle South Lyon,MI 48178",Woodland Ridge,MI-Woodland Ridge-12250,"Livingston, MI",Relatively Low,Windward Communities,Green Courte Partners,544,2022,Fannie Mae,Manufactured Housing,42.442995,-83.704349,,
"10825 Rawsonville Rd Belleville,MI 48111",Rawsonville Woods,MI-Rawsonville Woods-10825,"Wayne, MI",Relatively High,Yes! Communities,Stockbridge Capital Group,535,2018,Fannie Mae,Manufactured Housing,42.130511,-83.540217,,
"401 N Timberline Fort Collins,CO 80524",Collins Aire,CO-Collins Aire-401,"Larimer, CO",Relatively Moderate,Crow Holdings,Crow Holdings Capital - Real Estate,535,2022,No,Manufactured Housing,40.594055,-105.033032,,
"401 N. Timberline Rd Fort Collins,CO 80524",Collins Aire MHP,CO-Collins Aire MHP-401,"Larimer, CO",Relatively Moderate,Legacy Communities,Legacy Communities,535,N/A,N/A,Manufactured Housing,40.594055,-105.033032,,
"6300 Queensbury Blvd Sarasota,FL 34241",Camelot East Village,FL-Camelot East Village-6300,"Sarasota, FL",Relatively High,Cove Communities,Montgomery Street Partners,534,2018,No,Manufactured Housing,27.270727,-82.445442,,
"5700 Camelot Lakes Parkway Sarasota,FL 34233",Camelot Lakes Village,FL-Camelot Lakes Village-5700,"Sarasota, FL",Relatively High,Cove Communities,Montgomery Street Partners,534,2018,No,Manufactured Housing,27.275541,-82.454541,,
"6830 E N Ave Kalamazoo,MI 49048",Pavilion Estates,MI-Pavilion Estates-6830,"Kalamazoo, MI",Relatively Moderate,Yes! Communities,Stockbridge Capital Group,531,2018,Freddie Mac,Manufactured Housing,42.241292,-85.498618,,
"3200 Chippewa Lane Council Bluffs,IA 51501",The Grove at Council Bluffs MHC,IA-The Grove at Council Bluffs MHC-3200,"Pottawattamie, IA",Relatively Low,Horizon Land Company,Federal Capital Partners,526,2021,No,Manufactured Housing,41.227101,-95.872762,,
"21707 B Street Rehoboth Beach,DE 19971",Rehoboth Bay,DE-Rehoboth Bay-21707,"Sussex, DE",Relatively Moderate,Hometown America,Calzada Capital Partners,525,2013,Fannie Mae,Manufactured Housing,38.690193,-75.128261,,
"12401 W Okeechobee Rd Hialeah,FL 33018",Courtly Manor MH,FL-Courtly Manor MH-12401,"Miami-Dade, FL",Very High,Treehouse Communities,The Blackstone Group,525,2021,Fannie Mae,Manufactured Housing,25.886683,-80.365493,,
"7051 Daniel Dr Stockbridge,GA 30281",Deer Creek Mobile Home Park,GA-Deer Creek Mobile Home Park-7051,"Clayton, GA",Relatively Moderate,Riverstone Communities,Riverstone Capital Partners,525,2021,Fannie Mae,Manufactured Housing,33.561664,-84.267093,,
"9442 Noonan St Dubuque,IA 52003",Table Mound MHP,IA-Table Mound MHP-9442,"Dubuque, IA",Relatively Low,Impact Communities,MHP Funds,525,N/A,Freddie Mac,Manufactured Housing,42.454656,-90.674503,,
"225 Club Drive Fayetteville,GA 30214",Kenwod Landing,GA-Kenwod Landing-225,"Fayette, GA",Relatively Low,Yes! Communities,Stockbridge Capital Group,524,2013,Freddie Mac,Manufactured Housing,33.523058,-84.564275,,
"2100 W 100th Ave Thornton,CO 80260",Friendly Village of Rockies,CO-Friendly Village of Rockies-2100,"Adams, CO",Relatively Moderate,Kingsley Management,Kingsley Management,524,N/A,N/A,Manufactured Housing,39.877667,-105.015133,,
"246 Wonderland Dr Alton,IL 62002",Enchanted Village,IL-Enchanted Village-246,"Madison, IL",Relatively Moderate,RHP Properties (Brookfield),Brookfield Corporation,521,2017,No,Manufactured Housing,38.919311,-90.100053,,
"3200 King Ave W Billings,MT 59102",Golden Meadows,MT-Golden Meadows-3200,"Yellowstone, MT",Relatively Moderate,Havenpark Communities,Havenpark Capital Partners,520,N/A,Fannie Mae,Manufactured Housing,45.753454,-108.604585,,
"5309 Highway 75 North Sioux City,IA 51108",Evergreen Village,IA-Evergreen Village-5309,"Woodbury, IA",Relatively Moderate,Yes! Communities,Stockbridge Capital Group,519,2020,Freddie Mac,Manufactured Housing,42.560005,-96.34079,,
"1598 US 31 South Greenwood,IN 46143",Greenwood Estates,IN-Greenwood Estates -1598,"Johnson, IN",Relatively Low,RHP Properties (RHP),RHP Properties,517,N/A,Freddie Mac,Manufactured Housing,39.59391,-86.10325,,
"1 Chisholm Trail Mooresville,IN 46158",Mooresville Acres,IN-Mooresville Acres-1,"Morgan, IN",Relatively Low,Horizon Land Company,Federal Capital Partners,511,N/A,No,Manufactured Housing,39.543229,-86.375721,,
"4359 Dogwood Blvd Clarkston,MI",Sashabaw Meadows,MI-Sashabaw Meadows-4359,"Oakland, MI",Relatively High,Havenpark Communities,Havenpark Capital Partners,511,N/A,N/A,Manufactured Housing,42.796792,-83.364949,,
"6359 Bells Ferry Rd Acworth,GA 30102",Hidden Falls,GA-Hidden Falls-6359,"Cherokee, GA",Relatively Moderate,Yes! Communities,Stockbridge Capital Group,506,2013,Freddie Mac,Manufactured Housing,34.10268,-84.58092,,
"5720 East Washington Rd Saginaw,MI 48601",Robin Glen,MI-Robin Glen-5720,"Saginaw, MI",Relatively Moderate,Yes! Communities,Stockbridge Capital Group,505,2021,Freddie Mac,Manufactured Housing,43.450138,-83.842282,,
"2692 NE Highway 70 Arcadia,FL 34266",Arcadia Village,FL-Arcadia Village-2692,"Desoto, FL",Relatively Moderate,Legacy Communities,Legacy Communities,505,2025,N/A,Manufactured Housing,27.210968,-81.829505,,
"16971 Sleepy Hollow Blvd Holly,MI 48442",Oak Hill Estates,MI-Oak Hill Estates-16971,"Oakland, MI",Relatively High,Yes! Communities,Stockbridge Capital Group,504,2020,Freddie Mac,Manufactured Housing,42.786612,-83.512003,,
"10425 Middle Ave Elyria,OH 44035",Colonial Oaks,OH-Colonial Oaks-10425,"Lorain, OH",Relatively Moderate,Yes! Communities,Stockbridge Capital Group,504,N/A,Freddie Mac,Manufactured Housing,41.337963,-82.105325,,
"6300 West Adams Bellville,MI 48111",American Presidential Estates,MI-American Presidential Estates-6300,"Wayne, MI",Relatively High,Sunrise Communities,Sunrise Communities,503,2024,N/A,Manufactured Housing,42.198724,-83.540684,,
"10470 Dixie Hwy Fair Haven,MI 48023",Admirals Cove,MI-Admirals Cove-10470,"St. Clair, MI",Relatively Moderate,Yes! Communities,Stockbridge Capital Group,500,2022,No,Manufactured Housing,42.688655,-82.707545,,
"10454 Central Ave NE Blaine,MN 55434",Blaine International Village,MN-Blaine International Village-10454,"Anoka, MN",Relatively Moderate,Havenpark Communities,Havenpark Capital Partners,500,2021,Fannie Mae,Manufactured Housing,45.159965,-93.236303,,
"200 Willow Lane McDonough,GA 30253",Audubon Estates,GA-Audubon Estates-200,"Henry, GA",Relatively Low,Treehouse Communities,The Blackstone Group,497,2017,Fannie Mae,Manufactured Housing,33.434607,-84.182133,,
"3020 S. Powers Blvd. Colorado Springs,CO 80916",Canterbury Park,CO-Canterbury Park -3020,"El Paso, CO",Relatively Moderate,RHP Properties (RHP),RHP Properties,496,N/A,No,Manufactured Housing,38.792746,-104.730808,,
"2060 N Center St Mesa,AZ 85201",Vista del Sol,AZ-Vista del Sol-2060,"Maricopa, AZ",Very High,Havenpark Communities,Havenpark Capital Partners,493,2023,Fannie Mae,Manufactured Housing,33.453344,-111.835042,,
"23 Thomas Lane Chaska,MN 55318",Brandondale Manufactured Housing Community,MN-Brandondale Manufactured Housing Community-23,"Carver, MN",Relatively Low,Havenpark Communities,Havenpark Capital Partners,493,2021,Fannie Mae,Manufactured Housing,44.806026,-93.589756,,
"2 Primrose Lane Brunswick,ME 04011",Bay Bridge Estates,ME-Bay Bridge Estates-2,"Cumberland, ME",Relatively Low,Legacy Communities,Legacy Communities,493,N/A,N/A,Manufactured Housing,43.934062,-69.878662,,
"4750 Siesta Lago Dr Kissimee,FL 34746",Siesta Lago,FL-Siesta Lago-4750,"Osceola, FL",Relatively Moderate,RHP Properties (Brookfield),Brookfield Corporation,490,2017,No,Manufactured Housing,28.313918,-81.472102,,
"700 35th St Marion,IA 52302",Marion Village,IA-Marion Village-700,"Linn, IA",Relatively Moderate,Yes! Communities,Stockbridge Capital Group,488,2012,Freddie Mac,Manufactured Housing,42.033523,-91.574044,,
"206 Sue Ellen Drive La Vergne,TN 37086",Cedar Glen,TN-Cedar Glen-206,"Rutherford, TN",Relatively Moderate,Yes! Communities,Stockbridge Capital Group,488,2008,Fannie Mae,Manufactured Housing,36.026674,-86.545948,,
"306 S Recker Rd Mesa,AZ 85206",Parkhaven Estates,AZ-Parkhaven Estates-306,"Maricopa, AZ",Very High,Treehouse Communities,The Blackstone Group,488,2018,Fannie Mae,Manufactured Housing,33.410091,-111.70255,,
"17707 South Telegraph Rd Brownstown,MI 48174",Tela Valley,MI-Tela Valley-17707,"Wayne, MI",Relatively High,Inspire Communities,Apollo Global Management,488,2009,Fannie Mae,Manufactured Housing,42.176852,-83.266126,,
"200 Orchid Drive Fruitland Park,FL 34731",Lake Griffin Isles,FL-Lake Griffin Isles-200,"Lake, FL",Relatively Moderate,Legacy Communities,Legacy Communities,488,N/A,Fannie Mae,Manufactured Housing,28.872651,-81.885838,,
"2500 East Harmony Road Fort Collins,CO 80528",Harmony Village,CO-Harmony Village-2500,"Larimer, CO",Relatively Moderate,RHP Properties (Brookfield),Brookfield Corporation,486,N/A,No,Manufactured Housing,40.527433,-105.03217,,
"1600 N Ridgeview Rd Olathe,KS 66061",Santa Barbara Estates,KS-Santa Barbara Estates-1600,"Johnson, KS",Relatively High,Yes! Communities,Stockbridge Capital Group,484,2020,Freddie Mac,Manufactured Housing,38.908008,-94.796013,,
"4310 Meadow Lane Dr Traverse City,MI 49685",Meadow Lane,MI-Meadow Lane-4310,"Grand Traverse, MI",Relatively Low,Havenpark Communities,Havenpark Capital Partners,483,2020,No,Manufactured Housing,44.69801,-85.662479,,
"1115 Paul Martin Drive Edgewood,MD 21040",Harford Village,MD-Harford Village -1115,"Harford, MD",Relatively Low,RHP Properties (RHP),RHP Properties,482,N/A,No,Manufactured Housing,39.436932,-76.31428,,
"8225 Embury Rd Grand Blanc,MI 48439",Grand Blanc Crossing,MI-Grand Blanc Crossing-8225,"Genesee, MI",Relatively Moderate,Yes! Communities,Stockbridge Capital Group,478,2016,Fannie Mae,Manufactured Housing,42.910722,-83.637343,,
"1701 N International Blvd Weslaco,TX 78596",Snow to Sun,TX-Snow to Sun-1701,"Hidalgo, TX",Relatively High,RHP Properties (Brookfield),Brookfield Corporation,476,2017,No,Manufactured Housing,26.17858,-97.958809,,
"1 Birch Dr Sandwich,IL",Wildwood Communities,IL-Wildwood Communities-1,"Lasalle, IL",Relatively Moderate,Havenpark Communities,Havenpark Capital Partners,476,2024,N/A,Manufactured Housing,41.621104,-88.649662,,
"4200 US Highway 29 N Greensboro,NC 27405",Oakwood Forest,NC-Oakwood Forest-4200,"Guilford, NC",Relatively Moderate,Yes! Communities,Stockbridge Capital Group,470,2016,No,Manufactured Housing,36.13667,-79.735406,,
"1887 N State Rd 29 Labelle,FL 33935",Whisper Creek Rv Resort,FL-Whisper Creek Rv Resort-1887,"Glades, FL",Relatively Low,Inspire Communities,Apollo Global Management,470,2016,No,Manufactured Housing,26.78711,-81.434907,,
"6661 N Canal Rd Diamondale,MI 48821",Windsor Estates,MI-Windsor Estates-6661,"Eaton, MI",Relatively Low,Havenpark Communities,Havenpark Capital Partners,470,2007,Freddie Mac,Manufactured Housing,42.664087,-84.662058,,
"16711 McGregor Blvd Fort Myers,FL",Tropicana Mobile Manor,FL-Tropicana Mobile Manor-16711,"Lee, FL",Relatively High,The Carlyle Group,The Carlyle Group,470,N/A,N/A,Manufactured Housing,26.500167,-81.966524,,
"10420 US Highway 31 Tanner,AL 35671",Swan Creek,AL-Swan Creek-10420,"Limestone, AL",Relatively Low,Inspire Communities,Apollo Global Management,469,2021,No,Manufactured Housing,34.707152,-86.952305,,
"750 Six Flags Road Austell,GA 30168",The Village at Six Flags,GA-The Village at Six Flags -750,"Cobb, GA",Relatively High,RHP Properties (RHP),RHP Properties,469,N/A,Freddie Mac,Manufactured Housing,33.754528,-84.577587,,
"2859 W Marlborough Ave Coeur D'Alene,ID 83815",Oak Crest,ID-Oak Crest-2859,"Kootenai, ID",Relatively Low,Havenpark Communities,Havenpark Capital Partners,467,2021,Fannie Mae,Manufactured Housing,47.719794,-116.814795,,
"2170 Thousand Oaks Dr San Antonio,TX",Sunset Canyon Apartments,TX-Sunset Canyon Apartments-2170,"Bexar, TX",Relatively High,Fortress Investment Group,,466,2019,N/A,Manufactured Housing,29.589869,-98.456516,,
"100 Oaks Dr Mays Landing,NJ 8330",Oaks at Weymouth,NJ-Oaks at Weymouth-100,"Atlantic, NJ",Relatively Moderate,Hometown America,Calzada Capital Partners,465,N/A,No,Manufactured Housing,39.663535,-74.807044,,
"1801 Cates Rd Mays Landing,NJ 8330",Fairways at Mays Landing,NJ-Fairways at Mays Landing-1801,"Atlantic, NJ",Relatively Moderate,Hometown America,Calzada Capital Partners,465,2012,No,Manufactured Housing,39.434789,-74.628829,,
"100 Castle Drive Gainesville,FL 32607",Hidden Oaks,FL-Hidden Oaks-100,"Alachua, FL",Relatively Moderate,Yes! Communities,Stockbridge Capital Group,462,2016,Freddie Mac,Manufactured Housing,29.651979,-82.413524,,
"2500 E Business Hwy 83 Mission,TX 51747",El Valle del Sol,TX-El Valle del Sol-2500,"Hidalgo, TX",Relatively High,Inspire Communities,Apollo Global Management,462,N/A,No,Manufactured Housing,26.209942,-98.280504,,
"2 Rivermead Blvd. East Hartford,CT 06118",Rivermead Pointe North / South,CT-Rivermead Pointe North / South -2,"Capitol Planning, CT",#N/A,RHP Properties (RHP),RHP Properties,462,N/A,No,Manufactured Housing,41.732619,-72.634384,,
"6330 South Congress Lantana,FL 33462",Lantana Cascade,FL-Lantana Cascade -6330,"Palm Beach, FL",Relatively High,RHP Properties (RHP),RHP Properties,462,N/A,Fannie Mae,Manufactured Housing,26.58252,-80.091221,,
"1620 Gulf Coast Dr Naples,FL 34110",Landmark Naples,FL-Landmark Naples-1620,"Collier, FL",Relatively High,Hometown America,Calzada Capital Partners,459,1999,No,Manufactured Housing,26.299831,-81.798304,,
"1091 Mt Zion Marlboro Rd Lothian,MD 20711",Boone's Estates,MD-Boone's Estates-1091,"Anne Arundel, MD",Relatively Moderate,Horizon Land Company,Federal Capital Partners,459,2017,Fannie Mae,Manufactured Housing,38.811519,-76.680834,,
"2252 Hollowridge Dr. Orange City,FL 32763",Country Village,FL-Country Village -2252,"Volusia, FL",Relatively High,RHP Properties (RHP),RHP Properties,457,N/A,No,Manufactured Housing,28.938111,-81.266234,,
"700 Chrysler Dr Belvidere,IL 61008",Four seasons Mobile Home Park,IL-Four seasons Mobile Home Park-700,"Boone, IL",Relatively Low,Kingsley Management,Kingsley Management,457,N/A,N/A,Manufactured Housing,42.240125,-88.848199,,
"515 Mason Rd Howell,MI 48843",Howell Estates,MI-Howell Estates-515,"Livingston, MI",Relatively Low,Yes! Communities,Stockbridge Capital Group,455,2020,Fannie Mae,Manufactured Housing,42.599764,-83.940845,,
"9101 West Normandy Blvd Jacksonville,FL 32221",The Breakers,FL-The Breakers-9101,"Duval, FL",Relatively High,Yes! Communities,Stockbridge Capital Group,453,2023,Fannie Mae,Manufactured Housing,30.286979,-81.804075,,
"1456 E Philadelphia Ontario,CA 91761",Rancho Ontario,CA-Rancho Ontario-1456,"San Bernardino, CA",Very High,The Carlyle Group,The Carlyle Group,453,2020,N/A,Manufactured Housing,34.032709,-117.62351,,
"234 Sulphur Springs Dr Batavia,OH 45103",Greenbriar Estates,OH-Greenbriar Estates-234,"Clermont, OH",Relatively Low,Yes! Communities,Stockbridge Capital Group,452,2020,Fannie Mae,Manufactured Housing,39.062315,-84.118073,,
"3751 South Nellis Blvd Las Vegas,NV 89121",Pueblo del Sol,NV-Pueblo del Sol-3751,"Clark, NV",Very High,Windward Communities,Green Courte Partners,452,2018,No,Manufactured Housing,36.120617,-115.067854,,
"402 East Highway 121 Lewisville,TX 75057",Northwood,TX-Northwood -402,"Denton, TX",Relatively High,RHP Properties (RHP),RHP Properties,452,N/A,No,Manufactured Housing,33.03662,-96.989746,,
"3601 E Wyoming Ave Las Vegas,NV",Maycliff Mobile Home Park,NV-Maycliff Mobile Home Park-3601,"Clark, NV",Very High,Havenpark Communities,Havenpark Capital Partners,451,2025,N/A,Manufactured Housing,36.149866,-115.09543,,
"21851 Newland St Huntington Beach,CA 92646",Huntington by the Sea,CA-Huntington by the Sea-21851,"Orange, CA",Very High,Hometown America,Calzada Capital Partners,447,2020,No,Manufactured Housing,33.647991,-117.98106,,
"4290 Royal Manor Boulevard Boynton Beach,FL 33436",Sea Medow,FL-Sea Medow-4290,"Palm Beach, FL",Relatively High,The Carlyle Group,The Carlyle Group,447,2017,No,Manufactured Housing,26.545209,-80.111427,,
"280 La Vista Drive Winter Springs,FL 32708",Hacienda Village MHC,FL-Hacienda Village MHC-280,"Seminole, FL",Relatively Moderate,Legacy Communities,Legacy Communities,447,N/A,N/A,Manufactured Housing,28.695574,-81.302271,,
"5 Springdale Drive Belton,MO 64012",Springdale Lake,MO-Springdale Lake -5,"Cass, MO",Relatively Low,RHP Properties (Brookfield),Brookfield Corporation,445,N/A,Fannie Mae,Manufactured Housing,38.821705,-94.508101,,
"42 Avalon Dr. Arden,NC 28704",Wellington Estates,NC-Wellington Estates -42,"Buncombe, NC",Relatively Moderate,RHP Properties (RHP),RHP Properties,438,N/A,No,Manufactured Housing,35.45777,-82.522429,,
"4290 Royal Manor Blvd Boynton Beach,FL 33436",Royal Manor Estates,FL-Royal Manor Estates-4290,"Palm Beach, FL",Relatively High,The Carlyle Group,The Carlyle Group,437,2017,No,Manufactured Housing,26.545209,-80.111427,,
"1855 E Riverside Dr Ontario,CA 91761",Country Meadows MHC,CA-Country Meadows MHC-1855,"San Bernardino, CA",Very High,Kingsley Management,Kingsley Management,437,N/A,Fannie Mae,Manufactured Housing,34.021941,-117.613161,,
"7117 Southwest Archer Rd Gainesville,FL 32608",The Palms of Archer,FL-The Palms of Archer-7117,"Alachua, FL",Relatively Moderate,Yes! Communities,Stockbridge Capital Group,436,2018,Fannie Mae,Manufactured Housing,29.59682,-82.417347,,
"603 63rd Ave. Bradenton,FL 34207",Bayshore Windmill Village,FL-Bayshore Windmill Village -603,"Manatee, FL",Relatively High,RHP Properties (RHP),RHP Properties,436,N/A,No,Manufactured Housing,27.431486,-82.572005,,
"6700 Jefferson Paige Road Shreveport,LA 71119",Pinecrest,LA-Pinecrest-6700,"Caddo, LA",Relatively Moderate,Homes of America,Alden Global Capital,436,N/A,N/A,Manufactured Housing,32.478787,-93.881845,,
"39500 W Warren Rd Canton,MI 48187",Royal Holiday,MI-Royal Holiday-39500,"Wayne, MI",Relatively High,Cambio Communities,Silver Creek Capital,436,2023,No,Manufactured Housing,42.331402,-83.429697,,
"18050 32nd Ave S SeaTac,WA",Bow Lake Retirement Community,WA-Bow Lake Retirement Community-18050,"King, WA",Very High,The Carlyle Group,The Carlyle Group,435,N/A,N/A,Manufactured Housing,47.45371,-122.321791,,
"7700 Forest Hill Dr Fort Worth,TX 76140",Colinas Del Bosque,TX-Colinas Del Bosque-7700,"Tarrant, TX",Relatively High,Crow Holdings,Crow Holdings Capital - Real Estate,434,2021,Freddie Mac,Manufactured Housing,32.642702,-97.272604,,
"58701 Meadow Creek Blvd New Haven,MI 48048",Meadow Creek,MI-Meadow Creek-58701,"Macomb, MI",Relatively High,Windward Communities,Green Courte Partners,433,2012,Fannie Mae,Manufactured Housing,42.732535,-82.778896,,
"305 S Val Vista Dr Mesa,AZ 85204",El Mirage,AZ-El Mirage-305,"Maricopa, AZ",Very High,The Carlyle Group,The Carlyle Group,433,2020,No,Manufactured Housing,33.409881,-111.753342,,
"12 Highland Ave Sorrento,FL 32776",Oak Springs,FL-Oak Springs-12,"Lake, FL",Relatively Moderate,Treehouse Communities,The Blackstone Group,432,N/A,No,Manufactured Housing,28.788941,-81.532008,,
"424 32 Road Clifton,CO 81520",Candlewood Park,CO-Candlewood Park-424,"Montrose, CO",Relatively Low,Inspire Communities,Apollo Global Management,431,2016,Fannie Mae,Manufactured Housing,38.483418,-108.998549,,
"10201 West Beaver St Jacksonville,FL 32220",Paradise Village,FL-Paradise Village-10201,"Duval, FL",Relatively High,Inspire Communities,Apollo Global Management,431,2018,Fannie Mae,Manufactured Housing,30.318346,-81.825975,,
"7112 Pan American Freeway NE Albuquerque,NM 87109",Albuquerque Meadows,NM-Albuquerque Meadows-7112,"Bernalillo, NM",Relatively High,Legacy Communities,Legacy Communities,430,N/A,Fannie Mae,Manufactured Housing,35.161436,-106.581494,,
"2500 Mann Rd Clarkston,MI 48346",Independence Woods,MI-Independence Woods-2500,"Oakland, MI",Relatively High,Kingsley Management,Kingsley Management,430,N/A,N/A,Manufactured Housing,42.708272,-83.335753,,
"9605 Hwy 90 West San Antonio,TX 78245",Camino Creek,TX-Camino Creek-9605,"Bexar, TX",Relatively High,Yes! Communities,Stockbridge Capital Group,429,N/A,Fannie Mae,Manufactured Housing,29.389654,-98.678061,,
"435 N 35th Ave Greeley,CO 80631",Stoneybrook Estates,CO-Stoneybrook Estates-435,"Weld, CO",Relatively Moderate,RHP Properties (RHP),RHP Properties,429,2017,No,Manufactured Housing,40.437452,-104.739777,,
"799 Clearlake Rd Cocoa,FL 32922",Sunrise Village,FL-Sunrise Village-799,"Brevard, FL",Relatively High,Riverstone Communities,Riverstone Capital Partners,428,2006,Fannie Mae,Manufactured Housing,28.365404,-80.7587,,
"700 Rimrock Dr Gallup,NM",Redhill Mobile Home Park,NM-Redhill Mobile Home Park-700,"McKinley, NM",Relatively Low,Impact Communities,MHP Funds,427,N/A,N/A,Manufactured Housing,35.518864,-108.69127,,
"8401 East Saddlebrook Drive North Charleston,SC 29406",The Gables of Charleston,SC-The Gables of Charleston-8401,"Dorchester, SC",Relatively Moderate,Yes! Communities,Stockbridge Capital Group,425,2005,No,Manufactured Housing,32.921012,-80.103545,,
"893 Spring Ridge Dr Iowa City,IA 52246",Lake Ridge Estates,IA-Lake Ridge Estates-893,"Johnson, IA",Relatively Moderate,Havenpark Communities,Havenpark Capital Partners,425,2022,Fannie Mae,Manufactured Housing,41.630858,-91.554719,,
"6130 E Avon Lima Rd Avon,NY 14414",Twin Cedars,NY-Twin Cedars-6130,"Livingston, NY",Relatively Low,Windward Communities,Green Courte Partners,425,N/A,No,Manufactured Housing,42.904169,-77.680849,,
"225 S 1st St Eagle,NE 68347",Eagle Way,NE-Eagle Way-225,"Cass, NE",Very Low,Horizon Land Company,Federal Capital Partners,424,N/A,No,Manufactured Housing,40.818793,-96.427196,,
"3601 North 1st St Lincoln,NE 68521",Contempo at the Highlands,NE-Contempo at the Highlands-3601,"Lancaster, NE",Relatively Moderate,Horizon Land Company,Federal Capital Partners,424,N/A,No,Manufactured Housing,40.848483,-96.721327,,
"10771 Dixie Hwy Davisburg,MI 48350",Springrove,MI-Springrove-10771,"Oakland, MI",Relatively High,Windward Communities,Green Courte Partners,424,2018,Freddie Mac,Manufactured Housing,42.783469,-83.507397,,
"47 Bluebird Hill Dr Orion,MI 48359",Orion Lakes,MI-Orion Lakes-47,"Oakland, MI",Relatively High,Havenpark Communities,Havenpark Capital Partners,423,2022,Fannie Mae,Manufactured Housing,42.708908,-83.251753,,
"6223 Highway 51 South Janesville,WI 53546",Rockvale,WI-Rockvale -6223,"Rock, WI",Relatively Moderate,RHP Properties (RHP),RHP Properties,423,N/A,Fannie Mae,Manufactured Housing,42.590237,-89.020336,,
"6300 W Tropicana Ave Las Vegas,NV 89103",West Valley,NV-West Valley-6300,"Clark, NV",Very High,Yes! Communities,Stockbridge Capital Group,421,2022,Freddie Mac,Manufactured Housing,36.101701,-115.23001,,
"12700 Elliott Ave. El Monte,CA 91732",Brookside Country Club,CA-Brookside Country Club -12700,"Los Angeles, CA",Very High,RHP Properties (RHP),RHP Properties,421,N/A,Freddie Mac,Manufactured Housing,34.047214,-118.014479,,
"4528 Halifax SW Wyoming,MI 49519",Ferrand Estates,MI-Ferrand Estates-4528,"Kent, MI",Relatively Moderate,Yes! Communities,Stockbridge Capital Group,420,N/A,No,Manufactured Housing,42.882307,-85.730178,,
"2207 N 1st St Conroe,TX",Conroe Estates,TX-Conroe Estates-2207,"Montgomery, TX",Relatively High,Havenpark Communities,Havenpark Capital Partners,420,2022,N/A,Manufactured Housing,30.331518,-95.45538,,
"1776 Independence Ave Urbana,IL 61802",Liberty Estate Commons,IL-Liberty Estate Commons-1776,"Champaign, IL",Relatively Moderate,Horizon Land Company,Federal Capital Partners,416,N/A,No,Manufactured Housing,40.134196,-88.187448,,
"625 forrester st. Greenville,TX 75401",Los Caballos,TX-Los Caballos-625,"Hunt, TX",Relatively Moderate,Crow Holdings,Crow Holdings Capital - Real Estate,416,2021,No,Manufactured Housing,33.137823,-96.056801,,
"301 Green Park South Pelham,AL 35124",Green Park South,AL-Green Park South-301,"Shelby, AL",Relatively Moderate,Yes! Communities,Stockbridge Capital Group,415,N/A,Fannie Mae,Manufactured Housing,33.327563,-86.800286,,
"7807 E Main St Mesa,AZ 85207",Agave Village,AZ-Agave Village-7807,"Maricopa, AZ",Very High,Treehouse Communities,The Blackstone Group,415,2018,Fannie Mae,Manufactured Housing,33.412094,-111.665439,,
"2050 Four Seasons Dr Ankeny,IA",Autumn Ridge,IA-Autumn Ridge-2050,"Polk, IA",Relatively Moderate,Havenpark Communities,Havenpark Capital Partners,413,2024,N/A,Manufactured Housing,41.707124,-93.59424,,
"1000 Henderson Avenue Washington,PA 15301",Washington Estates,PA-Washington Estates-1000,"Washington, PA",Relatively Moderate,RHP Properties (RHP),RHP Properties,412,N/A,Freddie Mac,Manufactured Housing,40.201657,-80.272768,,
"16301 Beech Daly Rd Taylor,MI 48180",Wellington Estates,MI-Wellington Estates-16301,"Wayne, MI",Relatively High,Inspire Communities,Apollo Global Management,410,N/A,Fannie Mae,Manufactured Housing,42.186422,-83.286726,,
"2007 Betz Rd Bellevue,NE 68005",Bellevue Terrace,NE-Bellevue Terrace-2007,"Sarpy, NE",Relatively Moderate,Horizon Land Company,Federal Capital Partners,410,2021,Freddie Mac,Manufactured Housing,41.138702,-95.92237,,
"11644 Old Denton Rd Fort Worth,TX 76248",Meadow Glen,TX-Meadow Glen-11644,"Tarrant, TX",Relatively High,Yes! Communities,Stockbridge Capital Group,409,2008,No,Manufactured Housing,32.94557,-97.29455,,
"3308 South East 89th St Oklahoma City,OK 73135",Burntwood,OK-Burntwood-3308,"Cleveland, OK",Relatively Moderate,Yes! Communities,Stockbridge Capital Group,408,2012,Fannie Mae,Manufactured Housing,35.375275,-97.454575,,
"799 Clearlake Rd Cocoa,FL 32922",Sunrise Village Mobile Home Park,FL-Sunrise Village Mobile Home Park-799,"Brevard, FL",Relatively High,Riverstone Communities,Riverstone Capital Partners,407,N/A,Fannie Mae,Manufactured Housing,28.365404,-80.7587,,
"525 N. McHenry Rd. Wheeling,IL 60090",Whippletree Village,IL-Whippletree Village -525,"Cook, IL",Very High,RHP Properties (RHP),RHP Properties,407,N/A,Fannie Mae,Manufactured Housing,42.150054,-87.939148,,
"2530 N Hiawassee Rd Orlando,FL 32818",Silver Star ,FL-Silver Star -2530,"Orange, FL",Relatively High,RHP Properties (Brookfield),Brookfield Corporation,406,2017,No,Manufactured Housing,28.576348,-81.476813,,
"13000 SW 5th Ct Davie,FL 33325",Western Hills,FL-Western Hills-13000,"Broward, FL",Relatively High,RHP Properties (Brookfield),Brookfield Corporation,405,2017,No,Manufactured Housing,26.114977,-80.322217,,
"801 Franklin Blvd Monroe,MI 48161",Raisin Ridge,MI-Raisin Ridge-801,"Monroe, MI",Relatively Moderate,Yes! Communities,Stockbridge Capital Group,404,N/A,Fannie Mae,Manufactured Housing,41.930687,-83.468857,,
"1800 Alpine Drive Apopka,FL 32703",Chalet North,FL-Chalet North-1800,"Orange, FL",Relatively High,RHP Properties (Brookfield),Brookfield Corporation,404,2017,No,Manufactured Housing,28.664042,-81.475854,,
"4095 Mount Alpine Street Dubuque,IA 52001",Alpine Park,IA-Alpine Park -4095,"Dubuque, IA",Relatively Low,RHP Properties (RHP),RHP Properties,404,N/A,Fannie Mae,Manufactured Housing,42.542073,-90.683099,,
"14022 Walters Rd Houston,TX 77014",Northwest Pines,TX-Northwest Pines-14022,"Harris, TX",Very High,Yes! Communities,Stockbridge Capital Group,402,2007,Fannie Mae,Manufactured Housing,29.989284,-95.472216,,
"8555 Bacardi Ave. Inver Grove Heights,MN 55077",Emerald Hills Village,MN-Emerald Hills Village -8555,"Dakota, MN",Relatively Moderate,RHP Properties (RHP),RHP Properties,402,N/A,No,Manufactured Housing,44.825579,-93.105886,,
"9850 Boudreaux Rd Tomball,TX 77375",Sugarberry Place,TX-Sugarberry Place-9850,"Harris, TX",Very High,Kingsley Management,Kingsley Management,402,N/A,N/A,Manufactured Housing,30.06775,-95.570879,,
"26300 Southern Pines Dr Bonita Springs,FL 34135",Southern Pines,FL-Southern Pines-26300,"Lee, FL",Relatively High,Hometown America,Calzada Capital Partners,400,2017,No,Manufactured Housing,26.355475,-81.759657,,
"13300 Alpine Drive Poway,CA 92064",Poway Royal Estates,CA-Poway Royal Estates-13300,"San Diego, CA",Very High,Hometown America,Calzada Capital Partners,400,2010,Fannie Mae,Manufactured Housing,32.950543,-117.043211,,
"11135 Longview Ave Longmort,CO 80504",Longview,CO-Longview-11135,"Weld, CO",Relatively Moderate,RHP Properties (RHP),RHP Properties,400,2017,No,Manufactured Housing,40.162656,-105.029008,,
"333 E Lakewood Blvd Holland,MI 49424",Windmill Estates,MI-Windmill Estates-333,"Ottawa, MI",Relatively Moderate,Havenpark Communities,Havenpark Capital Partners,400,2020,Fannie Mae,Manufactured Housing,42.80585,-86.095669,,
"20510 Morton Rd Katy,TX 77449",Western Pines,TX-Western Pines-20510,"Harris, TX",Very High,Havenpark Communities,Havenpark Capital Partners,400,2023,Fannie Mae,Manufactured Housing,29.818704,-95.728249,,
"7510 Concord Blvd. Inver Grove Heights,MN 55076",Skyline Village,MN-Skyline Village -7510,"Dakota, MN",Relatively Moderate,RHP Properties (RHP),RHP Properties,399,N/A,Fannie Mae,Manufactured Housing,44.84039,-93.021147,,
"71400 Van Dyke Rd Romeo,MI 48065",Springbrook Estates,MI-Springbrook Estates-71400,"Macomb, MI",Relatively High,Havenpark Communities,Havenpark Capital Partners,398,2018,Fannie Mae,Manufactured Housing,42.819937,-83.016871,,
"14311 Sky Frost Dr Dallas,TX 75253",Oakwood Cove,TX-Oakwood Cove-14311,"Dallas, TX",Very High,Yes! Communities,Stockbridge Capital Group,397,2008,Fannie Mae,Manufactured Housing,32.687245,-96.570554,,
"7301 Buttonwood Lane Kansas City,KS 66111",River Oaks,KS-River Oaks -7301,"Wyandotte, KS",Relatively Moderate,RHP Properties (Brookfield),Brookfield Corporation,397,N/A,Fannie Mae,Manufactured Housing,39.080824,-94.750108,,
"17144 Fourth Section Rd Holley,NY 14470",Village at Heron Falls,NY-Village at Heron Falls-17144,"Orleans, NY",Very Low,Windward Communities,Green Courte Partners,396,N/A,Freddie Mac,Manufactured Housing,43.19538,-78.010662,,
"14253 W Colonial Drive Winter Garden,FL 34787",Hyde Park Village,FL-Hyde Park Village-14253,"Orange, FL",Relatively High,Cove Communities,Montgomery Street Partners,396,2022,No,Manufactured Housing,28.552489,-81.596753,,
"31 Leisurewoods Rockland,MA 2370",Leisurewoods Rockland,MA-Leisurewoods Rockland-31,"Plymouth, MA",Relatively Moderate,Hometown America,Calzada Capital Partners,394,2021,No,Manufactured Housing,42.135371,-70.926,,
"1915 W Macarthur Rd Wichita,KS 67217",Twin Oaks,KS-Twin Oaks-1915,"Sedgwick, KS",Relatively High,RHP Properties (Brookfield),Brookfield Corporation,393,2017,No,Manufactured Housing,37.619891,-97.362412,,
"7131 Birchview Dr. Ravenna,OH 44266",Birchwood Manor,OH-Birchwood Manor -7131,"Portage, OH",Relatively Low,RHP Properties (RHP),RHP Properties,392,N/A,No,Manufactured Housing,41.184826,-81.276105,,
"3421 Blairs Ferry Rd NE Cedar Rapids,IA 52402",Five Seasons,IA-Five Seasons-3421,"Linn, IA",Relatively Moderate,Yes! Communities,Stockbridge Capital Group,390,2016,Freddie Mac,Manufactured Housing,42.033406,-91.691453,,
"5947 Hardy Lane New Haven,MI 48048",Riverbrook,MI-Riverbrook-5947,"Macomb, MI",Relatively High,Windward Communities,Green Courte Partners,390,N/A,Fannie Mae,Manufactured Housing,42.740031,-82.783889,,
"1 Sunflower Dr. Bohemia,NY 11716",Bunker / Valley,NY-Bunker / Valley -1,"Suffolk, NY",Relatively High,RHP Properties (RHP),RHP Properties,389,N/A,No,Manufactured Housing,40.770276,-73.088165,,
"45013 Catalpa Blvd Macomb,MI 48044",Westbrook,MI-Westbrook-45013,"Macomb, MI",Relatively High,Yes! Communities,Stockbridge Capital Group,388,N/A,No,Manufactured Housing,42.629614,-82.901594,,
"2310 Lancaster Dr SE Salem,OR",Sundial Mobile Home Park,OR-Sundial Mobile Home Park-2310,"Marion, OR",Relatively High,The Carlyle Group,The Carlyle Group,386,N/A,N/A,Manufactured Housing,44.906934,-122.97708,,
"9401 Wilson Blvd Columbia,SC 29203",Palmetto Palms,SC-Palmetto Palms-9401,"Richland, SC",Relatively Moderate,Yes! Communities,Stockbridge Capital Group,385,2009,Fannie Mae,Manufactured Housing,34.132778,-80.991453,,
"41275 Old Michigan Canton,MI 48188",Sherwood Village,MI-Sherwood Village -41275,"Wayne, MI",Relatively High,RHP Properties (RHP),RHP Properties,385,N/A,No,Manufactured Housing,42.278346,-83.444868,,
"4412 East Mulberry St Fort Collins,CO 80524",Cloverleaf Mobile Home Community,CO-Cloverleaf Mobile Home Community-4412,"Larimer, CO",Relatively Moderate,Havenpark Communities,Havenpark Capital Partners,384,2021,Fannie Mae,Manufactured Housing,40.585483,-104.993847,,
"138 Highland Dr Independence,MO 64055",Highland Manor,MO-Highland Manor-138,"Jackson, MO",Relatively High,Windward Communities,Green Courte Partners,382,N/A,Freddie Mac,Manufactured Housing,39.033054,-94.377095,,
"2109 Redwood Ave Columbus,MI 48063",Pinewood on the Lake,MI-Pinewood on the Lake-2109,"St. Clair, MI",Relatively Moderate,Yes! Communities,Stockbridge Capital Group,380,2018,No,Manufactured Housing,42.838813,-82.665511,,
"9100 Teasley Lane Denton,TX 76210",Hickory Creek,TX-Hickory Creek-9100,"Denton, TX",Relatively High,Yes! Communities,Stockbridge Capital Group,380,2008,Fannie Mae,Manufactured Housing,33.135632,-97.099547,,
"1A Liena Rose Way Coventry,RI 2816",Westwood Estates,RI-Westwood Estates-1A,"Kent, RI",Relatively Low,Hometown America,Calzada Capital Partners,380,N/A,Fannie Mae,Manufactured Housing,41.685649,-71.5874,,
"655 N. Hwy. 89 North Salt Lake,UT 84054",Camelot,UT-Camelot-655,"Davis, UT",Relatively Moderate,RHP Properties (Brookfield),Brookfield Corporation,379,N/A,No,Manufactured Housing,40.854333,-111.904627,,
"2600 W. Michigan Avenue Pensacola,FL 32526",Timberlake,FL-Timberlake -2600,"Escambia, FL",Relatively High,RHP Properties (RHP),RHP Properties,379,N/A,Freddie Mac,Manufactured Housing,30.465157,-87.283994,,
"59 Springhouse Dr Myerstown,PA 17067",Arbor Gate,PA-Arbor Gate-59,"Lebanon, PA",Relatively Low,Hometown America,Calzada Capital Partners,377,2019,Fannie Mae,Manufactured Housing,40.371918,-76.342426,,
"825 1st Ave E West Fargo,ND 58078",Brookwood Estates,ND-Brookwood Estates-825,"Cass, ND",Relatively Moderate,Open Management,Open Capital,377,2024,Fannie Mae,Manufactured Housing,46.875247,-96.88362,,
"3200 South US Highway 1 Fort Pierce,FL 34982",Sandhill Shores,FL-Sandhill Shores-3200,"St. Lucie, FL",Relatively High,Yes! Communities,Stockbridge Capital Group,376,2017,Freddie Mac,Manufactured Housing,27.408844,-80.320773,,
"1455 90th Ave Vero Beach,FL 32966",Lakewood Village,FL-Lakewood Village-1455,"Indian River, FL",Relatively High,Treehouse Communities,The Blackstone Group,376,N/A,Fannie Mae,Manufactured Housing,27.629302,-80.512962,,
"525 Riverleigh Avenue Riverhead,NY 11901",Riverwoods Mobile Home Park,NY-Riverwoods Mobile Home Park-525,"Suffolk, NY",Relatively High,Kingsley Management,Kingsley Management,376,2012,Fannie Mae,Manufactured Housing,40.90856,-72.658073,,
"6856 River Creek Ct House Springs,MO 63051",Byrnes Mill,MO-Byrnes Mill-6856,"Jefferson, MO",Relatively Moderate,Yes! Communities,Stockbridge Capital Group,375,2021,No,Manufactured Housing,38.441237,-90.583501,,
"1441 W Romeo Rd Oakland Charter Town,MI 48363",The Woodlands,MI-The Woodlands-1441,"Oakland, MI",Relatively High,RHP Properties (Brookfield),Brookfield Corporation,375,2020,No,Manufactured Housing,42.798869,-83.165378,,
"37041 Chancey  Zephyrhills,FL 33541",Hunter's Run RV Estates,FL-Hunter's Run RV Estates-37041,"Pasco, FL",Relatively High,Treehouse Communities,The Blackstone Group,375,2019,Fannie Mae,Manufactured Housing,28.211033,-82.202645,,
"2187 Gauthier Rd Lake Charles,LA 70607",Quail Ridge,LA-Quail Ridge-2187,"Calcasieu, LA",Relatively High,Inspire Communities,Apollo Global Management,373,2013,Fannie Mae,Manufactured Housing,30.139387,-93.254193,,
"1048 N Alamo Rd Alamo,TX 78516",Casa del Valle,TX-Casa del Valle-1048,"Hidalgo, TX",Relatively High,RHP Properties (Brookfield),Brookfield Corporation,372,2017,No,Manufactured Housing,26.209936,-98.118886,,
"17550 S Munds Ranch Rd Munds Park,AZ 86017",Munds Park RV,AZ-Munds Park RV-17550,"Coconino, AZ",Relatively Moderate,Inspire Communities,Apollo Global Management,370,2021,No,Manufactured Housing,34.943654,-111.657345,,
"105 20th St NW Stewartville,MN 55976",Southern Hills,MN-Southern Hills-105,"Olmsted, MN",Relatively Moderate,Havenpark Communities,Havenpark Capital Partners,369,2024,No,Manufactured Housing,43.87035,-92.489444,,
"19709 US Highway 19 N Clearwater,FL 33764",Bayside Waters,FL-Bayside Waters-19709,"Pinellas, FL",Relatively High,The Carlyle Group,The Carlyle Group,368,2019,No,Manufactured Housing,27.951431,-82.729015,,
"272 Village Drive Spotswood,NJ 8884",Clearwater Village,NJ-Clearwater Village-272,"Middlesex, NJ",Relatively High,Hometown America,Calzada Capital Partners,367,2017,Fannie Mae,Manufactured Housing,40.387336,-74.405934,,
"201 Garfield Ave Naples,FL 34104",Southwind Village,FL-Southwind Village-201,"Collier, FL",Relatively High,RHP Properties (Brookfield),Brookfield Corporation,367,2017,No,Manufactured Housing,26.15421,-81.74054,,
"1144 Sherman Blvd Jackson,MI 49201",Sherman Oaks,MI-Sherman Oaks-1144,"Jackson, MI",Relatively Low,RHP Properties (Brookfield),Brookfield Corporation,366,2017,No,Manufactured Housing,42.336648,-84.422377,,
"15250 Seneca Rd Victorville,CA 92394",Gold West MHP & Apartments,CA-Gold West MHP & Apartments-15250,"San Bernardino, CA",Very High,Bridge Investment Group,,366,2025,N/A,Manufactured Housing,34.51434,-117.330678,,
"860 W 132nd Ave Westminster,CO 80234",Casa Estates,CO-Casa Estates-860,"Adams, CO",Relatively Moderate,Kingsley Management,Kingsley Management,365,N/A,N/A,Manufactured Housing,39.935342,-105.002746,,
"1955 N Cherry Creek Loop Billings,MT 59105",Cherry Creek,MT-Cherry Creek-1955,"Yellowstone, MT",Relatively Moderate,Havenpark Communities,Havenpark Capital Partners,362,N/A,Fannie Mae,Manufactured Housing,45.823819,-108.436908,,
"304 Bedford Blvd Fargo,ND 58504",Tatley Meadows,ND-Tatley Meadows-304,"Burleigh, ND",Relatively Moderate,Havenpark Communities,Havenpark Capital Partners,362,N/A,Fannie Mae,Manufactured Housing,46.779305,-100.796023,,
"2200 S Washington St Bismarck,ND",Tatley Meadows,ND-Tatley Meadows-2200,"Burleigh, ND",Relatively Moderate,Havenpark Communities,Havenpark Capital Partners,362,2020,N/A,Manufactured Housing,46.776939,-100.800182,,
"254 Sandlewood Avenue Portage,IN 46368",Oak Tree Village,IN-Oak Tree Village-254,"Porter, IN",Relatively Moderate,Yes! Communities,Stockbridge Capital Group,361,2022,Freddie Mac,Manufactured Housing,41.595318,-87.141539,,
"7550 Beach Daly Rd Taylor,MI 48180",Robbinwood Villa,MI-Robbinwood Villa-7550,"Wayne, MI",Relatively High,Inspire Communities,Apollo Global Management,361,N/A,Fannie Mae,Manufactured Housing,42.251497,-83.289336,,
"9420  US Highway 301 Dade City,FL 33525",The Highlands,FL-The Highlands-9420,"Pasco, FL",Relatively High,Crow Holdings,Crow Holdings Capital - Real Estate,360,2022,No,Manufactured Housing,28.294881,-82.186664,,
"9420 US Hwy 301 Dade City,FL 33525",The Highlands at Scotland Yard,FL-The Highlands at Scotland Yard-9420,"Pasco, FL",Relatively High,Legacy Communities,Legacy Communities,360,N/A,N/A,Manufactured Housing,28.294881,-82.186664,,
"99 Skyline Dr Sicklerville,NJ 8081",Shenandoah Village,NJ-Shenandoah Village-99,"Camden, NJ",Relatively Moderate,Hometown America,Calzada Capital Partners,359,N/A,No,Manufactured Housing,39.775618,-74.983053,,
"3180 Route 96 W Clifton Springs,NY 14432",Prestige MHC,NY-Prestige MHC-3180,"Ontario, NY",Relatively Low,Horizon Land Company,Federal Capital Partners,359,N/A,Fannie Mae,Manufactured Housing,42.971439,-77.167145,,
"8701 Belleville Rd Belleville,MI 48111",Belleville Manor,MI-Belleville Manor-8701,"Wayne, MI",Relatively High,Yes! Communities,Stockbridge Capital Group,358,N/A,Freddie Mac,Manufactured Housing,42.237765,-83.48215,,
"1401 E Rundberg Ln Austin,TX 78753",Stonegate Austin,TX-Stonegate Austin-1401,"Travis, TX",Relatively High,RHP Properties (RHP),RHP Properties,358,2024,No,Manufactured Housing,30.351636,-97.678322,,
"42660 Albrecht Rd Elyria,OH 44035",Twin Lakes,OH-Twin Lakes-42660,"Lorain, OH",Relatively Moderate,Crow Holdings,Crow Holdings Capital - Real Estate,358,2021,No,Manufactured Housing,41.352663,-82.149688,,
"42660 Albrecht Rd Elyria,OH 44035",Twin Lakes MH Community,OH-Twin Lakes MH Community-42660,"Lorain, OH",Relatively Moderate,Legacy Communities,Legacy Communities,358,N/A,N/A,Manufactured Housing,41.352663,-82.149688,,
"1 Shannon Drive Hastings,MN 55033",Three Rivers,MN-Three Rivers-1,"Dakota, MN",Relatively Moderate,Havenpark Communities,Havenpark Capital Partners,355,2019,Fannie Mae,Manufactured Housing,44.716501,-92.8356,,
"3901 Newburg Rd Belvidere,IL 61008",Greenview,IL-Greenview -3901,"Boone, IL",Relatively Low,Kingsley Management,Kingsley Management,355,N/A,N/A,Manufactured Housing,42.254816,-88.888528,,
"100 Castle Club Drive Stone Mountain,GA 30087",Valley Brook,GA-Valley Brook-100,"Gwinnett, GA",Relatively High,Yes! Communities,Stockbridge Capital Group,354,2014,Freddie Mac,Manufactured Housing,33.802321,-84.091174,,
"1000 Coyote Trail Las Cruces,NM 88001",Desert Gardens,NM-Desert Gardens-1000,"Doña Ana, NM",Relatively High,Yes! Communities,Stockbridge Capital Group,354,2018,Freddie Mac,Manufactured Housing,32.320497,-106.766978,,
"7260 Fields Ertel Rd. Sharonville,OH 45241",Yorktowne,OH-Yorktowne -7260,"Butler, OH",Relatively Moderate,RHP Properties (RHP),RHP Properties,354,N/A,Fannie Mae,Manufactured Housing,39.294937,-84.356785,,
"1960 Pedaler's Pond Blvd Lake Wales,FL 33859",Pedaler's Pond,FL-Pedaler's Pond-1960,"Polk, FL",Relatively High,RHP Properties (Brookfield),Brookfield Corporation,352,2017,No,Manufactured Housing,27.966705,-81.620741,,
"39248 US Highway 19 N Tarpon Springs,FL",Sun Valley Cobblestone Communities,FL-Sun Valley Cobblestone Communities-39248,"Pinellas, FL",Relatively High,The Carlyle Group,The Carlyle Group,352,N/A,N/A,Manufactured Housing,28.128607,-82.744233,,
"3600 Sheffield Ave Hammond,IN 46327",Sheffield Estates,IN-Sheffield Estates-3600,"Lake, IN",Relatively High,Yes! Communities,Stockbridge Capital Group,350,2018,Freddie Mac,Manufactured Housing,41.648153,-87.522197,,
"33399 Water View Lane Leesburg,FL 34788",Lake Griffin Harbor Village,FL-Lake Griffin Harbor Village-33399,"Lake, FL",Relatively Moderate,Cove Communities,Montgomery Street Partners,350,2022,No,Manufactured Housing,28.835244,-81.832017,,
"284 Kings Pkwy Raleigh,NC 27610",Kingsborough Estates,NC-Kingsborough Estates-284,"Wake, NC",Relatively High,Horizon Land Company,Federal Capital Partners,349,2021,No,Manufactured Housing,35.789856,-78.553239,,
"1200 Lincoln St Bellingham,WA 98229",Lakeway Estates,WA-Lakeway Estates-1200,"Whatcom, WA",Relatively Moderate,Havenpark Communities,Havenpark Capital Partners,349,2024,No,Manufactured Housing,48.742482,-122.461882,,
"4797 South 4th St Kalamazoo,MI 49009",Woodland Estates,MI-Woodland Estates-4797,"Kalamazoo, MI",Relatively Moderate,Yes! Communities,Stockbridge Capital Group,348,2018,Freddie Mac,Manufactured Housing,42.246453,-85.725778,,
"4701 Anderson Rd Houston,TX 77053",Woodland Estates,TX-Woodland Estates-4701,"Harris, TX",Very High,Yes! Communities,Stockbridge Capital Group,347,1999,Fannie Mae,Manufactured Housing,29.605321,-95.448991,,
"4000 SW 47th St Gainesville,FL 32608",Oak Park Village,FL-Oak Park Village-4000,"Alachua, FL",Relatively Moderate,RHP Properties (Brookfield),Brookfield Corporation,347,2017,No,Manufactured Housing,29.618383,-82.395296,,
"580 Bow Creek Road Grantville,PA 17028",Grantville Commons,PA-Grantville Commons -580,"Dauphin, PA",Relatively Moderate,RHP Properties (RHP),RHP Properties,347,N/A,Fannie Mae,Manufactured Housing,40.384018,-76.665635,,
"301 Sue Ellen Ave Independence,MO 64056",Independence Station,MO-Independence Station-301,"Jackson, MO",Relatively High,Yes! Communities,Stockbridge Capital Group,346,2018,Freddie Mac,Manufactured Housing,39.103291,-94.327706,,
"701 Eastgate Drive Waterloo,IA 50707",Eastgate MHC,IA-Eastgate MHC-701,"Black Hawk, IA",Relatively Low,Horizon Land Company,Federal Capital Partners,346,N/A,No,Manufactured Housing,42.491659,-92.306208,,
"9717 NW 10th St Oklahoma City,OK 73127",Westlake,OK-Westlake-9717,"Canadian, OK",Relatively Moderate,Yes! Communities,Stockbridge Capital Group,345,2012,Fannie Mae,Manufactured Housing,35.480028,-97.68628,,
"9850 Federal Blvd Denver,CO 80260",Countryside Village Denver,CO-Countryside Village Denver-9850,"Adams, CO",Relatively Moderate,RHP Properties (RHP),RHP Properties,345,2017,No,Manufactured Housing,39.876486,-105.024941,,
"5902 Ayers St Corpus Christi,TX 78415",Misty Winds,TX-Misty Winds-5902,"Nueces, TX",Relatively High,Yes! Communities,Stockbridge Capital Group,344,2008,Fannie Mae,Manufactured Housing,27.724607,-97.434319,,
"6130 Monterey Rd San Jose,CA 95138",Monterey Oaks,CA-Monterey Oaks-6130,"Santa Clara, CA",Very High,Hometown America,Calzada Capital Partners,344,2009,No,Manufactured Housing,37.238684,-121.767817,,
"3301 Pembroke Rd Hollywood,FL 33021",Orangebrook Harbor,FL-Orangebrook Harbor-3301,"Broward, FL",Relatively High,The Carlyle Group,The Carlyle Group,344,2019,No,Manufactured Housing,25.996622,-80.1747,,
"404 Eastmoor Drive Bluffton,IN 46714",Bluffton Woods,IN-Bluffton Woods -404,"Wells, IN",Very Low,RHP Properties (RHP),RHP Properties,343,N/A,No,Manufactured Housing,40.742775,-85.159265,,
"4456 13 Mile Rd Rockford,MI 49341",Algoma Estates,MI-Algoma Estates -4456,"Kent, MI",Relatively Moderate,RHP Properties (RHP),RHP Properties,343,N/A,No,Manufactured Housing,43.155333,-85.559281,,
"2050 W State Route 89 Cottonwood,AZ 86326",Pine Shadows,AZ-Pine Shadows-2050,"Yavapai, AZ",Relatively Moderate,Inspire Communities,Apollo Global Management,342,N/A,Fannie Mae,Manufactured Housing,34.775786,-112.453351,,
"3050 Tuttle Creek Blvd Manhattan,KS 66502",Colonial Gardens,KS-Colonial Gardens-3050,"Riley, KS",Relatively Low,RHP Properties (Brookfield),Brookfield Corporation,342,2017,No,Manufactured Housing,39.226538,-96.582063,,
"3355 75th Ave New Windsor,IL 61465",Shady Lakes,IL-Shady Lakes-3355,"Mercer, IL",Very Low,Legacy Communities,Legacy Communities,342,N/A,N/A,Manufactured Housing,41.173523,-90.445461,,
"7 Bridge Blvd. Lakeland,FL 33815",Sterling,FL-Sterling -7,"Polk, FL",Relatively High,RHP Properties (RHP),RHP Properties,341,N/A,Freddie Mac,Manufactured Housing,28.044344,-81.987426,,
"4937 Stuart Rd Denton,TX 76207",Southfork,TX-Southfork-4937,"Denton, TX",Relatively High,Yes! Communities,Stockbridge Capital Group,340,2008,Fannie Mae,Manufactured Housing,33.271674,-97.123993,,
"1776 Constitution Circle Potterville,MI 48876",Independence Commons,MI-Independence Commons-1776,"Eaton, MI",Relatively Low,Windward Communities,Green Courte Partners,340,2018,Freddie Mac,Manufactured Housing,42.629757,-84.751547,,
"101 Bayboro Circle Goose Creek,SC 29445",Birch Hollow,SC-Birch Hollow-101,"Berkeley, SC",Relatively High,Yes! Communities,Stockbridge Capital Group,339,2012,Fannie Mae,Manufactured Housing,32.994936,-80.006868,,
"6500 East 88th Ave Henderson,CO 80640",Wikiup Estates,CO-Wikiup Estates-6500,"Adams, CO",Relatively Moderate,RHP Properties (Brookfield),Brookfield Corporation,339,2017,No,Manufactured Housing,39.85606,-104.912057,,
"6500 E 88th Ave Henderson,CO 80640",Wikiup,CO-Wikiup-6500,"Adams, CO",Relatively Moderate,RHP Properties (Brookfield),Brookfield Corporation,339,2017,N/A,Manufactured Housing,39.85606,-104.912057,,
"6448 Minnesota 27 ,MN 56386",Mille Lacs Island Resort,MN-Mille Lacs Island Resort-6448,"Mille Lacs, MN",Very Low,Legacy Communities,Legacy Communities,339,2025,N/A,Manufactured Housing,46.118268,-93.544896,,
"4001 Gray Fox Heights Colorado Springs,CO 80922",Antelope Ridge,CO-Antelope Ridge-4001,"El Paso, CO",Relatively Moderate,Yes! Communities,Stockbridge Capital Group,338,2017,Freddie Mac,Manufactured Housing,38.898127,-104.685514,,
"8901 Florence Rd Smyrna,TN 37167",Florence Commons,TN-Florence Commons-8901,"Rutherford, TN",Relatively Moderate,Yes! Communities,Stockbridge Capital Group,338,2008,Fannie Mae,Manufactured Housing,35.969723,-86.475065,,
"1990 Hawthorne Dr North Charleston,SC 29406",Hawthorne City,SC-Hawthorne City-1990,"Charleston, SC",Relatively High,Inspire Communities,Apollo Global Management,338,2021,No,Manufactured Housing,32.911813,-80.021063,,
"9629 South 14th Ave Phoenix,AZ 85041",Moutain Gate,AZ-Moutain Gate-9629,"Maricopa, AZ",Very High,Yes! Communities,Stockbridge Capital Group,337,2018,Fannie Mae,Manufactured Housing,33.358694,-112.091563,,
"200 Falls Church Road Imperial,PA 15126",Virginia Hills,PA-Virginia Hills -200,"Allegheny, PA",Relatively High,RHP Properties (RHP),RHP Properties,337,N/A,Freddie Mac,Manufactured Housing,40.443469,-80.234226,,
"3202 21st Ave W Williston,ND 58801",Cimarron Heights,ND-Cimarron Heights-3202,"Williams, ND",Relatively Low,Inspire Communities,Apollo Global Management,336,2016,No,Manufactured Housing,48.173624,-103.652975,,
"26 Ivanhoe Dr Urbana,IL 61802",Ivanhoe Estates,IL-Ivanhoe Estates-26,"Champaign, IL",Relatively Moderate,Horizon Land Company,Federal Capital Partners,336,N/A,No,Manufactured Housing,40.128954,-88.189245,,
"6263 Division Rd Grand Rapids,MI 49548",Camelot Manor,MI-Camelot Manor-6263,"Kent, MI",Relatively Moderate,Yes! Communities,Stockbridge Capital Group,335,2015,Freddie Mac,Manufactured Housing,42.850834,-85.663564,,
"1285 Red Fox Way Marion,IA 52302",Eagle Ridge,IA-Eagle Ridge-1285,"Linn, IA",Relatively Moderate,RHP Properties (RHP),RHP Properties,335,N/A,Fannie Mae,Manufactured Housing,42.037969,-91.551303,,
"1345 Farmers Rd Grand Prairie,TX 75050",Grand Place,TX-Grand Place-1345,"Dallas, TX",Very High,RHP Properties (Brookfield),Brookfield Corporation,334,2017,No,Manufactured Housing,32.795516,-97.025746,,
"400 North 500 West Moab,UT 84532",Grand Oasis,UT-Grand Oasis-400,"Grand, UT",Very Low,Inspire Communities,Apollo Global Management,334,N/A,Fannie Mae,Manufactured Housing,38.575964,-109.565061,,
"8500 E. Southern Ave Mesa,AZ 85209",Crescent Run,AZ-Crescent Run-8500,"Maricopa, AZ",Very High,Hometown America,Calzada Capital Partners,333,2002,No,Manufactured Housing,33.396639,-111.646979,,
"4901 Green River Dr Corona,CA 92878",Green River Village,CA-Green River Village-4901,"Riverside, CA",Very High,Hometown America,Calzada Capital Partners,333,2003,Fannie Mae,Manufactured Housing,33.871698,-117.666639,,
"2700 West C St. Greeley,CO 80631",Villa West,CO-Villa West -2700,"Weld, CO",Relatively Moderate,RHP Properties (RHP),RHP Properties,333,N/A,No,Manufactured Housing,40.436408,-104.724766,,
"3193 East 10 Mlle Rd Warren,MI 48091",Warren Estates,MI-Warren Estates-3193,"Macomb, MI",Relatively High,Cambio Communities,Silver Creek Capital,333,N/A,No,Manufactured Housing,42.476988,-83.072143,,
"8220 W Highway 71 Austin,TX",Bee Cave Trails,TX-Bee Cave Trails-8220,"Travis, TX",Relatively High,Havenpark Communities,Havenpark Capital Partners,333,N/A,N/A,Manufactured Housing,30.246753,-97.887327,,
"300 Cypress Dr Lake Worth,FL",Palm Beach Mobile Homes,FL-Palm Beach Mobile Homes-300,"Palm Beach, FL",Relatively High,Riverstone Communities,Riverstone Capital Partners,333,2014,N/A,Manufactured Housing,26.61988,-80.073631,,
"6340 Santa Fe Drive Zephyrhills,FL 33542",Sundance,FL-Sundance-6340,"Pasco, FL",Relatively High,Legacy Communities,Legacy Communities,332,2025,N/A,Manufactured Housing,28.24968,-82.159117,,
"101 West Pleasant Run Rd Wilmer,TX 75172",The Crossing,TX-The Crossing-101,"Dallas, TX",Very High,Yes! Communities,Stockbridge Capital Group,331,2008,Freddie Mac,Manufactured Housing,32.601369,-96.699715,,
"1201 Alicia Ann Drive Wylie,TX 75098",Redwood at the Lake,TX-Redwood at the Lake-1201,"Rockwall, TX",Relatively Low,Yes! Communities,Stockbridge Capital Group,330,2008,Fannie Mae,Manufactured Housing,32.977323,-96.515779,,
"23 Roadside Drive Hamlin,NY 14464",Creekside of Hamlin,NY-Creekside of Hamlin-23,"Monroe, NY",Relatively Moderate,Windward Communities,Green Courte Partners,330,N/A,Fannie Mae,Manufactured Housing,43.314059,-77.940682,,
"2025 N College Ave Fort Collins,CO 80524",Poudre Valley,CO-Poudre Valley-2025,"Larimer, CO",Relatively Moderate,Legacy Communities,Legacy Communities,330,N/A,N/A,Manufactured Housing,40.61479,-105.079436,,
"3510 N 9th St Carter Lake,IA 51510",Lakeside Estates,IA-Lakeside Estates-3510,"Pottawattamie, IA",Relatively Low,Havenpark Communities,Havenpark Capital Partners,329,2020,Fannie Mae,Manufactured Housing,41.2899,-95.918757,,
"9620 Highland Rd White Lake,MI 48386",Cranberry Lake,MI-Cranberry Lake-9620,"Oakland, MI",Relatively High,Yes! Communities,Stockbridge Capital Group,328,2019,Fannie Mae,Manufactured Housing,42.659017,-83.476774,,
"703 Fresh Pond Dr Calverton,NY 11933",Calverton Meadows,NY-Calverton Meadows-703,"Suffolk, NY",Relatively High,Hometown America,Calzada Capital Partners,328,2023,Freddie Mac,Manufactured Housing,40.952076,-72.78571,,
"1410 South 9th St Kalamazoo,MI 49009",Fountain Springs,MI-Fountain Springs-1410,"Kalamazoo, MI",Relatively Moderate,Yes! Communities,Stockbridge Capital Group,327,2017,Fannie Mae,Manufactured Housing,42.27634,-85.678531,,
"1040 Marco Ct. Lake Worth,FL 33463",Colonial Estates,FL-Colonial Estates -1040,"Palm Beach, FL",Relatively High,RHP Properties (RHP),RHP Properties,326,N/A,Fannie Mae,Manufactured Housing,26.615444,-80.138415,,
"6543 East Hanna Avenue Indianapolis,IN 46203",HIckory Knoll,IN-HIckory Knoll-6543,"Marion, IN",Relatively High,Yes! Communities,Stockbridge Capital Group,325,2018,Freddie Mac,Manufactured Housing,39.710042,-86.05069,,
"1925 Bacons Bridge Rd Summerville,SC 29485",Creekside,SC-Creekside-1925,"Dorchester, SC",Relatively Moderate,Yes! Communities,Stockbridge Capital Group,325,2011,Fannie Mae,Manufactured Housing,32.973317,-80.196552,,
"2627 S Lamb Blvd Las Vegas,NV 89121",Sand Creek ,NV-Sand Creek -2627,"Clark, NV",Very High,Havenpark Communities,Havenpark Capital Partners,324,N/A,Fannie Mae,Manufactured Housing,36.140091,-115.089387,,
"5909 Foxhall Village Rd Raleigh,NC 27616",Foxhall Village,NC-Foxhall Village-5909,"Wake, NC",Relatively High,Yes! Communities,Stockbridge Capital Group,323,N/A,Fannie Mae,Manufactured Housing,35.840942,-78.544861,,
"5041 South Camino Real Salt Lake City,UT 84117",Country Club Estates,UT-Country Club Estates-5041,"Salt Lake, UT",Relatively High,RHP Properties (Brookfield),Brookfield Corporation,323,2021,No,Manufactured Housing,40.658208,-111.855063,,
"20749 Martinsville Rd Belleville,MI 48111",Holiday Woods,MI-Holiday Woods-20749,"Wayne, MI",Relatively High,Cambio Communities,Silver Creek Capital,323,2023,Fannie Mae,Manufactured Housing,42.152366,-83.460753,,
"1236 North Oaklane Rd Springfield,IL 62707",Lincoln Place,IL-Lincoln Place-1236,"Sangamon, IL",Relatively Moderate,Yes! Communities,Stockbridge Capital Group,322,2018,Freddie Mac,Manufactured Housing,39.818533,-89.547778,,
"1100 Greenvale Rd Raleigh,NC 27603",Green Spring Valley,NC-Green Spring Valley-1100,"Wake, NC",Relatively High,Yes! Communities,Stockbridge Capital Group,322,2012,Fannie Mae,Manufactured Housing,35.676507,-78.661506,,
"6130 Camino Real  Jurupa Valley,CA 92509",Jurupa Hills Cascade,CA-Jurupa Hills Cascade-6130,"Riverside, CA",Very High,Hometown America,Calzada Capital Partners,322,2009,Freddie Mac,Manufactured Housing,33.976647,-117.450175,,
"4900 River Crest Drive Harrison,OH 45030",Riverview Crossing,OH-Riverview Crossing-4900,"Hamilton, OH",Relatively High,Treehouse Communities,The Blackstone Group,322,N/A,Fannie Mae,Manufactured Housing,39.18675,-84.7982,,
"200 Cedar Lane Barnegat,NJ 08005",Pinewood Estates,NJ-Pinewood Estates -200,"Ocean, NJ",Relatively High,RHP Properties (RHP),RHP Properties,321,N/A,No,Manufactured Housing,39.764771,-74.323012,,
"120 Hidden Valley Drive Finleyville,PA 15332",South Park,PA-South Park -120,"Washington, PA",Relatively Moderate,RHP Properties (RHP),RHP Properties,321,N/A,Freddie Mac,Manufactured Housing,40.270188,-80.009815,,
"14001 Beach Boulevard Jacksonville,FL 32250",Portside West,FL-Portside West -14001,"Duval, FL",Relatively High,RHP Properties (RHP),RHP Properties,321,N/A,No,Manufactured Housing,30.295345,-81.450715,,
"16 Richards Dr Roseville,CA 95678",Diamond K Estates,CA-Diamond K Estates-16,"Placer, CA",Relatively Moderate,Hometown America,Calzada Capital Partners,320,2021,No,Manufactured Housing,38.766298,-121.305103,,
"4220 E Main St Mesa,AZ 85205",Springhaven RV Resort,AZ-Springhaven RV Resort-4220,"Maricopa, AZ",Very High,Treehouse Communities,The Blackstone Group,320,2018,Fannie Mae,Manufactured Housing,33.416729,-111.739768,,
"16680 West Val Vista Blvd Casa Grande,AZ 85122",Val Vista RV Resort,AZ-Val Vista RV Resort-16680,"Pinal, AZ",Relatively Moderate,Treehouse Communities,The Blackstone Group,320,N/A,Fannie Mae,Manufactured Housing,32.969469,-111.745936,,
"4444 E. Benson Hwy. Tucson,AZ 85706",Town & Country Estates,AZ-Town & Country Estates-4444,"Pima, AZ",Relatively High,RHP Properties (RHP),RHP Properties,320,N/A,No,Manufactured Housing,32.138179,-110.899029,,
"4524 Leonard NW Grand Rapids,MI 49534",Leonard Gardens,MI-Leonard Gardens-4524,"Kent, MI",Relatively Moderate,Yes! Communities,Stockbridge Capital Group,319,2021,Freddie Mac,Manufactured Housing,42.986453,-85.780328,,
"8710 South Ave Boynton Beach,FL 33436",Sunny South Estates,FL-Sunny South Estates-8710,"Palm Beach, FL",Relatively High,Hometown America,Calzada Capital Partners,319,N/A,Freddie Mac,Manufactured Housing,26.538196,-80.053335,,
"187 Harding Highway Pittsgrove Township,NJ 8318",Harding Woods,NJ-Harding Woods-187,"Salem, NJ",Relatively Low,Horizon Land Company,Federal Capital Partners,319,2018,No,Manufactured Housing,39.593981,-75.119689,,
"5365 Southcross Ranch Rd San Antonio,TX 78222",Crescent Place MHC,TX-Crescent Place MHC-5365,"Bexar, TX",Relatively High,Horizon Land Company,Federal Capital Partners,319,2021,No,Manufactured Housing,29.379028,-98.386344,,
"1350 Progress Way Clarksville,IN 47129",Wellington Green,IN-Wellington Green-1350,"Clark, IN",Relatively Moderate,Havenpark Communities,Havenpark Capital Partners,319,2017,Fannie Mae,Manufactured Housing,38.331332,-85.763253,,
"848 Sandtown Road Marietta,GA 30008",Pine Haven,GA-Pine Haven -848,"Cobb, GA",Relatively High,RHP Properties (RHP),RHP Properties,319,N/A,No,Manufactured Housing,33.932522,-84.554516,,
"2710 Wilson Rd Humble,TX 77396",Meadowbrook,TX-Meadowbrook-2710,"Harris, TX",Very High,Yes! Communities,Stockbridge Capital Group,318,2008,Fannie Mae,Manufactured Housing,29.964485,-95.251009,,
"0095 Eldora Dr. Parachute,CO 81635",Saddleback Creek,CO-Saddleback Creek -0095,"Garfield, CO",Relatively Low,RHP Properties (RHP),RHP Properties,318,N/A,No,Manufactured Housing,39.425443,-108.053473,,
"4001 Peru Rd Dubuque,IA 52001",Terrace Heights,IA-Terrace Heights-4001,"Dubuque, IA",Relatively Low,Yes! Communities,Stockbridge Capital Group,317,2012,Freddie Mac,Manufactured Housing,42.538858,-90.676228,,
"27000 Napier Rd Novi,MI 48374",Old Dutch Farms,MI-Old Dutch Farms-27000,"Oakland, MI",Relatively High,Yes! Communities,Stockbridge Capital Group,317,2018,Fannie Mae,Manufactured Housing,42.484879,-83.552206,,
"15500 Bubbling Wells Rd Desert Hot Springs,CA 92240",Hidden Springs ,CA-Hidden Springs -15500,"Riverside, CA",Very High,Treehouse Communities,The Blackstone Group,317,2019,Fannie Mae,Manufactured Housing,33.932445,-116.483692,,
"5200 Shawcrest Rd Wildwood,NJ 08260",Shawcrest Community,NJ-Shawcrest Community-5200,"Cape May, NJ",Relatively Moderate,Legacy Communities,Legacy Communities,317,N/A,Fannie Mae,Manufactured Housing,38.99121,-74.838657,,
"1100 Estates Lane Melbourne,FL 32934",The Meadows,FL-The Meadows-1100,"Brevard, FL",Relatively High,Riverstone Communities,Riverstone Capital Partners,316,2006,No,Manufactured Housing,28.124313,-80.702413,,
"250 SE Laurel St Waukee,IA 50263",MIdwest Country Estates,IA-MIdwest Country Estates-250,"Dallas, IA",Relatively Low,Havenpark Communities,Havenpark Capital Partners,316,2019,Fannie Mae,Manufactured Housing,41.611963,-93.863592,,
"1100 Estates Lane Melbourne,FL 32934",Meadows Mobile Home Park,FL-Meadows Mobile Home Park-1100,"Brevard, FL",Relatively High,Riverstone Communities,Riverstone Capital Partners,316,2006,Fannie Mae,Manufactured Housing,28.124313,-80.702413,,
"2 Chesapeake Estates Thomasville,PA 17364",Thomasville Commons,PA-Thomasville Commons -2,"York, PA",Relatively Moderate,RHP Properties (RHP),RHP Properties,316,N/A,No,Manufactured Housing,39.937788,-76.857836,,
"7781 Mountain View Dr Frederick,CO 85030",Prairie Greens,CO-Prairie Greens-7781,"Weld, CO",Relatively Moderate,Yes! Communities,Stockbridge Capital Group,315,2018,No,Manufactured Housing,40.090908,-104.928238,,
"800 Lexington Norman,OK 73069",Lexington Crossing,OK-Lexington Crossing-800,"Cleveland, OK",Relatively Moderate,Yes! Communities,Stockbridge Capital Group,315,2008,Fannie Mae,Manufactured Housing,35.239447,-97.452624,,
"3707 W Pine Lakes Drive Prescott,AZ 86305",Pine Lakes,AZ-Pine Lakes-3707,"Yavapai, AZ",Relatively Moderate,Hometown America,Calzada Capital Partners,315,2013,No,Manufactured Housing,34.573507,-112.527313,,
"1700 S Scott Blvd Iowa City,IA 63102",Modern Manor,IA-Modern Manor-1700,"Johnson, IA",Relatively Moderate,Havenpark Communities,Havenpark Capital Partners,314,2022,No,Manufactured Housing,41.642556,-91.48241,,
"19 Pool House Lane Rehoboth Beach,DE 19971",Colonial East,DE-Colonial East -19,"Sussex, DE",Relatively Moderate,RHP Properties (RHP),RHP Properties,314,N/A,No,Manufactured Housing,38.733893,-75.134663,,
"4 Candlelight Dr Sauk Village,IL",Candlelight Village,IL-Candlelight Village-4,"Cook, IL",Very High,Bridge Investment Group,,313,2025,N/A,Manufactured Housing,41.502269,-87.559947,,
"6854 SE Morningside Dr Stuart,FL 34997",Pinelake Gardens,FL-Pinelake Gardens-6854,"Martin, FL",Relatively Moderate,Hometown America,Calzada Capital Partners,311,2009,No,Manufactured Housing,27.120518,-80.193178,,
"6539 Townsend Rd Jacksonville,FL 32244",Country Roads,FL-Country Roads-6539,"Duval, FL",Relatively High,Inspire Communities,Apollo Global Management,311,2019,Fannie Mae,Manufactured Housing,30.219221,-81.750648,,
"5200 28th Street N St. Petersburg,FL 33714",Sawgrass Trails,FL-Sawgrass Trails-5200,"Pinellas, FL",Relatively High,The Carlyle Group,The Carlyle Group,311,2018,Freddie Mac,Manufactured Housing,27.817807,-82.672549,,
"16800 Lohr Rd Belleville,MI 48111",Van Buren Estates,MI-Van Buren Estates-16800,"Wayne, MI",Relatively High,Yes! Communities,Stockbridge Capital Group,310,2020,Fannie Mae,Manufactured Housing,42.177595,-83.517733,,
"1400 S Collyer St Longmort,CO 80501",Countryside Village Longmont,CO-Countryside Village Longmont-1400,"Boulder, CO",Relatively Moderate,RHP Properties (RHP),RHP Properties,310,2017,Fannie Mae,Manufactured Housing,40.140224,-105.093764,,
"9800 Joliet Road Countryside,IL 60525",Country Club Woods,IL-Country Club Woods -9800,"Cook, IL",Very High,RHP Properties (RHP),RHP Properties,310,N/A,No,Manufactured Housing,41.781276,-87.862565,,
"1616 Pennsylvania Ave Vineland,NJ 8361",Berryman's Branch,NJ-Berryman's Branch-1616,"Cumberland, NJ",Relatively Moderate,Hometown America,Calzada Capital Partners,309,2003,No,Manufactured Housing,39.43355,-74.999379,,
"5701 Dundrum St North Charleston,SC 29418",Dorchester Village,SC-Dorchester Village-5701,"Charleston, SC",Relatively High,Horizon Land Company,Federal Capital Partners,309,2014,No,Manufactured Housing,32.861847,-80.053245,,
"1900 SE 28th Street Grimes,IA 50111",Park View,IA-Park View -1900,"Polk, IA",Relatively Moderate,RHP Properties (RHP),RHP Properties,309,N/A,Fannie Mae,Manufactured Housing,41.665755,-93.772856,,
"5418 Country Club Rd Greensboro,NC 27405",Woodlake ,NC-Woodlake -5418,"Guilford, NC",Relatively Moderate,Yes! Communities,Stockbridge Capital Group,308,2020,Fannie Mae,Manufactured Housing,35.972704,-79.792031,,
"9191 Bay Pines Blvd St. Petersburg,FL 33708",Harbor Lights Club,FL-Harbor Lights Club-9191,"Pinellas, FL",Relatively High,Treehouse Communities,The Blackstone Group,308,2018,Fannie Mae,Manufactured Housing,27.81398,-82.767675,,
"3900 W Prospect Rd Fort Lauderdale,FL 33309",The Village Mobile Home Park,FL-The Village Mobile Home Park-3900,"Broward, FL",Relatively High,Riverstone Communities,Riverstone Capital Partners,307,2015,Freddie Mac,Manufactured Housing,26.192063,-80.201064,,
"3900 W Prospect Rd North Lauderdale,FL 33309",The Village Mobile Home Park,FL-The Village Mobile Home Park-3900,"Broward, FL",Relatively High,Riverstone Communities,Riverstone Capital Partners,307,2015,N/A,Manufactured Housing,26.192063,-80.201064,,
"918 Reed Canal Rd ,FL 32119",Lakeview Estates MHP,FL-Lakeview Estates MHP-918,"Volusia, FL",Relatively High,Legacy Communities,Legacy Communities,307,N/A,N/A,Manufactured Housing,29.15923,-81.020816,,
"317 S Higley Rd Mesa,AZ 85206",Mesa Shadows,AZ-Mesa Shadows-317,"Maricopa, AZ",Very High,The Carlyle Group,The Carlyle Group,306,2020,No,Manufactured Housing,33.409657,-111.71892,,
"5300 E. Desert Inn Rd. Las Vegas,NV 89122",River Oaks,NV-River Oaks -5300,"Clark, NV",Very High,RHP Properties (RHP),RHP Properties,306,N/A,No,Manufactured Housing,36.131579,-115.058744,,
"1200 W Highland Rd Highland,MI 48357",Highland Hills,MI-Highland Hills-1200,"Oakland, MI",Relatively High,Cambio Communities,Silver Creek Capital,306,2023,Fannie Mae,Manufactured Housing,42.646628,-83.630354,,
"205 S Higley Rd Mesa,AZ",Mesa Shadows Mobile Home Park,AZ-Mesa Shadows Mobile Home Park-205,"Maricopa, AZ",Very High,The Carlyle Group,The Carlyle Group,306,N/A,N/A,Manufactured Housing,33.409519,-111.718275,,
"411 River Bay Drive Tampa,FL 33619",River Bay,FL-River Bay-411,"Hillsborough, FL",Relatively High,Yes! Communities,Stockbridge Capital Group,305,2023,Fannie Mae,Manufactured Housing,27.946379,-82.376233,,
"4 Canary Ct Fenton,MO 63026",Ravinia Estates,MO-Ravinia Estates-4,"Jefferson, MO",Relatively Moderate,Homes of America,Alden Global Capital,305,2022,No,Manufactured Housing,38.457384,-90.449388,,
"37272 Grays Lane Selbyville,DE 19975",Shady Park,DE-Shady Park -37272,"Sussex, DE",Relatively Moderate,RHP Properties (RHP),RHP Properties,305,N/A,No,Manufactured Housing,38.472968,-75.098266,,
"23379 Island Dr New Boston,MI 48164",Swan Creek,MI-Swan Creek-23379,"Wayne, MI",Relatively High,Yes! Communities,Stockbridge Capital Group,304,N/A,Fannie Mae,Manufactured Housing,42.13335,-83.419183,,
"2801 South Stone Rd Marion,IN 46953",Stonecrest Manor,IN-Stonecrest Manor -2801,"Grant, IN",Relatively Low,RHP Properties (RHP),RHP Properties,304,N/A,Fannie Mae,Manufactured Housing,40.536288,-85.624242,,
"400 Winchester Trails Goshen,IN 46526",Winchester Trails,IN-Winchester Trails-400,"Elkhart, IN",Relatively Moderate,Yes! Communities,Stockbridge Capital Group,303,2022,Freddie Mac,Manufactured Housing,41.543365,-85.821212,,
"4400 W Missouri Ave Glendale,AZ 85301",Grand Missouri Mobile Home Park,AZ-Grand Missouri Mobile Home Park-4400,"Maricopa, AZ",Very High,Treehouse Communities,The Blackstone Group,303,2019,Freddie Mac,Manufactured Housing,33.516995,-112.154748,,
"1704 Martin Luther King Blvd Killeen,TX 76543",Elm Grove Estates,TX-Elm Grove Estates-1704,"Bell, TX",Relatively Moderate,Inspire Communities,Apollo Global Management,303,N/A,No,Manufactured Housing,31.095095,-97.690849,,
"2017 Shirewood Drive Shelby Township,MI 48317",Dequindre Estates,MI-Dequindre Estates-2017,"Macomb, MI",Relatively High,Havenpark Communities,Havenpark Capital Partners,303,2020,Fannie Mae,Manufactured Housing,42.652972,-83.090612,,
"14470 E 13TH AVE
 Aurora,CO 80011",The Meadows,CO-The Meadows-14470,"Arapahoe, CO",Relatively Moderate,RHP Properties (Brookfield),Brookfield Corporation,303,N/A,No,Manufactured Housing,39.734456,-104.81951,,
"3001 Cabana Drive Las Vegas,NV 89122",Valley Vista,NV-Valley Vista -3001,"Clark, NV",Very High,RHP Properties (RHP),RHP Properties,303,N/A,No,Manufactured Housing,36.134719,-115.057803,,
"1100 Thornwood Dr SW Heath,OH 43056",Ramp Creek,OH-Ramp Creek-1100,"Licking, OH",Relatively Low,Open Management,Open Capital,303,N/A,N/A,Manufactured Housing,40.020574,-82.48015,,
"5150 Taff Rd Clay Township,MI 48001",Channel View,MI-Channel View-5150,"St. Clair, MI",Relatively Moderate,Cambio Communities,Silver Creek Capital,303,N/A,Fannie Mae,Manufactured Housing,42.875292,-82.520634,,
"100 Plantation Hill Rd Mableton,GA 30126",The Waverly,GA-The Waverly-100,"Paulding, GA",Relatively Low,Yes! Communities,Stockbridge Capital Group,302,2021,Fannie Mae,Manufactured Housing,34.0443,-84.742366,,
"2515 Cumberland Rd Grand Forks,ND 58201",Columbia Heights,ND-Columbia Heights-2515,"Grand Forks, ND",Relatively Low,Yes! Communities,Stockbridge Capital Group,302,2016,Fannie Mae,Manufactured Housing,47.899731,-97.063597,,
"8985 Normandy Boulevard Jacksonville,FL 32221",Normandy Estates,FL-Normandy Estates-8985,"Duval, FL",Relatively High,Inspire Communities,Apollo Global Management,302,2019,Fannie Mae,Manufactured Housing,30.288474,-81.801878,,
"7145 S Meridian St Marion,IN 46953",White Oaks,IN-White Oaks-7145,"Grant, IN",Relatively Low,Inspire Communities,Apollo Global Management,302,2021,No,Manufactured Housing,40.482432,-85.650965,,
"3100 South Kinney Rd Tucson,AZ 85713",Western Way,AZ-Western Way-3100,"Pima, AZ",Relatively High,Treehouse Communities,The Blackstone Group,302,N/A,Fannie Mae,Manufactured Housing,32.185812,-111.09432,,
"8504 Jen Rue Lane Ooltewah,TN 37363",Grindstone Estates,TN-Grindstone Estates-8504,"Hamilton, TN",Relatively Moderate,Horizon Land Company,Federal Capital Partners,302,N/A,No,Manufactured Housing,35.06463,-85.028744,,
"3300 E Broadway Rd Mesa,AZ 85204",Castillo Nuevo Mobile Community,AZ-Castillo Nuevo Mobile Community-3300,"Maricopa, AZ",Very High,The Carlyle Group,The Carlyle Group,302,2018,Freddie Mac,Manufactured Housing,33.409929,-111.760815,,
"7085 Bloomfield Rd Des Moines,IA 50320",Regency Manor,IA-Regency Manor-7085,"Polk, IA",Relatively Moderate,Yes! Communities,Stockbridge Capital Group,301,2012,Freddie Mac,Manufactured Housing,41.520874,-93.58319,,
"399 Joseph Way Tarpon Springs,FL 34689",The Meadows,FL-The Meadows-399,"Pinellas, FL",Relatively High,Cove Communities,Montgomery Street Partners,301,N/A,No,Manufactured Housing,28.168649,-82.760487,,
"8201 S Santa Fe Drive Littleton,CO 80120",Wolfhurst,CO-Wolfhurst-8201,"Arapahoe, CO",Relatively Moderate,Havenpark Communities,Havenpark Capital Partners,301,2024,Freddie Mac,Manufactured Housing,39.56718,-105.033347,,
"26125 US Highway 27 Leesburg,FL",Ridgecrest Resort MHC,FL-Ridgecrest Resort MHC-26125,"Lake, FL",Relatively Moderate,Treehouse Communities,,301,N/A,N/A,Manufactured Housing,28.727956,-81.865379,,
"49645 Au Lac Dr E Chesterfield,MI 48051",Fairchild Lake,MI-Fairchild Lake-49645,"Macomb, MI",Relatively High,Yes! Communities,Stockbridge Capital Group,300,N/A,Fannie Mae,Manufactured Housing,42.666029,-82.856032,,
"2775 Cathedral Dr Tallahassee,FL 32310",Lake Bradford Estates Mobile Home Park,FL-Lake Bradford Estates Mobile Home Park-2775,"Leon, FL",Relatively Moderate,Homes of America,Alden Global Capital,300,2021,No,Manufactured Housing,30.406278,-84.326812,,
"1000 Louisville St Starkville,MS 39759",The Pines,MS-The Pines-1000,"Oktibbeha, MS",Relatively Low,Inspire Communities,Apollo Global Management,300,2021,No,Manufactured Housing,33.445851,-88.824962,,
"5801 Redwood Blvd Fort Worth,TX 76119",Redwood Estates,TX-Redwood Estates-5801,"Tarrant, TX",Relatively High,Inspire Communities,Apollo Global Management,300,2021,No,Manufactured Housing,32.67268,-97.246932,,
"1444 Salter Path Rd Indian Beach,NC 28512",Paradise Bay,NC-Paradise Bay-1444,"Carteret, NC",Relatively Moderate,Horizon Land Company,Federal Capital Partners,300,N/A,Fannie Mae,Manufactured Housing,34.687426,-76.891621,,
"1203 Baker Lane Winchester,VA 22603",Arcadia Crossing,VA-Arcadia Crossing-1203,"Frederick, VA",Relatively Low,Horizon Land Company,Federal Capital Partners,300,2021,No,Manufactured Housing,39.197078,-78.138904,,
"950 SE Serendipity Place Crystal River,FL 34429",Crystal River Village,FL-Crystal River Village-950,"Citrus, FL",Relatively High,Legacy Communities,Legacy Communities,300,N/A,N/A,Manufactured Housing,28.884191,-82.578119,,
"120 Tuckahoe Rd Buena,NJ 8310",Cranberry Run,NJ-Cranberry Run-120,"Atlantic, NJ",Relatively Moderate,Legacy Communities,Legacy Communities,300,N/A,N/A,Manufactured Housing,39.511739,-74.924987,,
"3700 Autumn Forest Dr Brown Summit,NC 27214",Autumn Forest,NC-Autumn Forest-3700,"Guilford, NC",Relatively Moderate,Yes! Communities,Stockbridge Capital Group,299,2021,Fannie Mae,Manufactured Housing,36.201652,-79.720614,,
"3529 McConnnell Rd Greensboro,NC 27405",McConnell Crossing,NC-McConnell Crossing-3529,"Guilford, NC",Relatively Moderate,Yes! Communities,Stockbridge Capital Group,299,N/A,Fannie Mae,Manufactured Housing,36.062673,-79.707779,,
"2525 Shiloh Rd Tyler,TX 75703",Shiloh Pines,TX-Shiloh Pines-2525,"Smith, TX",Relatively Moderate,Yes! Communities,Stockbridge Capital Group,299,2013,Fannie Mae,Manufactured Housing,32.294251,-95.26889,,
"500 Cheyenne Blvd Madison,TN 37115",Old Hickory,TN-Old Hickory-500,"Davidson, TN",Relatively High,Inspire Communities,Apollo Global Management,299,N/A,No,Manufactured Housing,36.259913,-86.675972,,
"3201 Hawthorn Drive Jackson,MI 49201",Walnut Ridge,MI-Walnut Ridge-3201,"Jackson, MI",Relatively Low,Windward Communities,Green Courte Partners,299,2018,Freddie Mac,Manufactured Housing,42.292586,-84.446118,,
"420 E 57th St Loveland,CO 80538",Lago Vista,CO-Lago Vista-420,"Larimer, CO",Relatively Moderate,Crow Holdings,Crow Holdings Capital - Real Estate,299,144,No,Manufactured Housing,40.449184,-105.071735,,
"10610 E State Route 762 Lockbourne,OH 43137",Buckeye Trails,OH-Buckeye Trails-10610,"Pickaway, OH",Relatively Low,Havenpark Communities,Havenpark Capital Partners,298,2020,Fannie Mae,Manufactured Housing,39.77776,-82.948032,,
"9231 Mariwood Pkwy Indianapolis,IN 46234",Mariwood,IN-Mariwood-9231,"Marion, IN",Relatively High,Yes! Communities,Stockbridge Capital Group,296,2018,Fannie Mae,Manufactured Housing,39.772395,-86.322998,,
"6988 Mckean Ypsilanti,MI 48197",Swan Creek,MI-Swan Creek-6988,"Washtenaw, MI",Relatively Moderate,Yes! Communities,Stockbridge Capital Group,294,N/A,Fannie Mae,Manufactured Housing,42.18726,-83.555603,,
"9359 103rd St Jacksonville,FL 32210",Woodland Estates,FL-Woodland Estates-9359,"Duval, FL",Relatively High,Yes! Communities,Stockbridge Capital Group,293,2014,Freddie Mac,Manufactured Housing,30.251565,-81.813482,,
"6008 Moeller Rd. Fort Wayne,IN 46806",Cedarwood Trails,IN-Cedarwood Trails -6008,"Allen, IN",Relatively Moderate,RHP Properties (RHP),RHP Properties,293,N/A,Fannie Mae,Manufactured Housing,41.05472,-85.062632,,
"1 Gaslight Dr. North North Fond Du Lac,WI 54937",Lighthouse Pointe,WI-Lighthouse Pointe -1,"Fond Du Lac, WI",Relatively Low,RHP Properties (RHP),RHP Properties,293,N/A,No,Manufactured Housing,43.799454,-88.477742,,
"4515 34th St Moline,IL 61265",Cloverleaf Village,IL-Cloverleaf Village-4515,"Rock Island, IL",Relatively Moderate,Yes! Communities,Stockbridge Capital Group,292,2016,No,Manufactured Housing,41.468421,-90.491053,,
"6812 Randol Mill Rd Fort Worth,TX 76120",Summit Oaks,TX-Summit Oaks-6812,"Tarrant, TX",Relatively High,Yes! Communities,Stockbridge Capital Group,292,2013,Fannie Mae,Manufactured Housing,32.77677,-97.207824,,
"3941 Charleston Highway West West Columbia,SC 29172",Rolling Meadows,SC-Rolling Meadows-3941,"Lexington, SC",Relatively Moderate,Inspire Communities,Apollo Global Management,292,2018,Fannie Mae,Manufactured Housing,33.8844,-81.045148,,
"961 S Reynolds Toledo,OH 43615",Reynolds Senior Village,OH-Reynolds Senior Village-961,"Lucas, OH",Relatively Moderate,Yes! Communities,Stockbridge Capital Group,291,2017,Freddie Mac,Manufactured Housing,41.622692,-83.663789,,
"27 Robin Hood Dr Greenville,OH 45331",27 Robin Hood Dr,OH-27 Robin Hood Dr-27,"Darke, OH",Relatively Low,MHC Capital,MHC Capital,291,2019,N/A,Manufactured Housing,40.054154,-84.604157,,
"5535 Dysart Rd Waterloo,IA 50701",Cedar Knoll,IA-Cedar Knoll-5535,"Black Hawk, IA",Relatively Low,Yes! Communities,Stockbridge Capital Group,290,2012,Fannie Mae,Manufactured Housing,42.433716,-92.29547,,
"360 E Tuttle Rd Ionia,MI 48846",Canterbury Estates,MI-Canterbury Estates-360,"Ionia, MI",Relatively Low,Yes! Communities,Stockbridge Capital Group,290,2007,Freddie Mac,Manufactured Housing,42.950997,-85.066081,,
"1402 West Ajo Way Tucson,AZ 85713",Mesa Ridge,AZ-Mesa Ridge-1402,"Pima, AZ",Relatively High,RHP Properties (RHP),RHP Properties,290,2017,No,Manufactured Housing,32.180385,-110.997333,,
"2500 Centennial Rd Bismarck,ND 58503",Centennial Park,ND-Centennial Park-2500,"Burleigh, ND",Relatively Moderate,Havenpark Communities,Havenpark Capital Partners,290,2022,Fannie Mae,Manufactured Housing,46.835839,-100.73367,,
"100 Redwood Drive Oakdale,PA 15071",Redwood Estates,PA-Redwood Estates -100,"Allegheny, PA",Relatively High,RHP Properties (RHP),RHP Properties,290,N/A,Freddie Mac,Manufactured Housing,40.445514,-80.214804,,
"16108 US Hwy 19 Hudson,FL 34667",Winter Paradise,FL-Winter Paradise -16108,"Pasco, FL",Relatively High,RHP Properties (RHP),RHP Properties,290,N/A,No,Manufactured Housing,28.391533,-82.666742,,
"2835 S. Wagner Ann Arbor,MI 48103",Orchard Grove,MI-Orchard Grove -2835,"Washtenaw, MI",Relatively Moderate,RHP Properties (RHP),RHP Properties,290,N/A,No,Manufactured Housing,42.243669,-83.797477,,
"292 South Drive Westfield,IN 46074",North Glen Village,IN-North Glen Village-292,"Hamilton, IN",Relatively Moderate,Yes! Communities,Stockbridge Capital Group,289,2023,Fannie Mae,Manufactured Housing,40.052003,-86.134303,,
"1240 North Cowan Ave Lewisville,TX 75057",Village North,TX-Village North-1240,"Denton, TX",Relatively High,Yes! Communities,Stockbridge Capital Group,289,2008,Fannie Mae,Manufactured Housing,33.061756,-96.998132,,
"319 Seven Oaks Lane Lothian,MD 20711",Wayson Woods,MD-Wayson Woods -319,"Anne Arundel, MD",Relatively Moderate,RHP Properties (RHP),RHP Properties,289,N/A,No,Manufactured Housing,38.813675,-76.700328,,
"830 Campbell St Lebanon,IN 46502",Hoosier Estates,IN-Hoosier Estates-830,"Boone, IN",Relatively Low,Yes! Communities,Stockbridge Capital Group,288,N/A,No,Manufactured Housing,40.055147,-86.485389,,
"5515 118th St Jacksonville,FL 32244",Ortega Village,FL-Ortega Village-5515,"Duval, FL",Relatively High,RHP Properties (Brookfield),Brookfield Corporation,288,2017,No,Manufactured Housing,30.236893,-81.725939,,
"33 Claroma Dr St. Cloud,MN 56301",Bel Clare Estates,MN-Bel Clare Estates-33,"Stearns, MN",Relatively Moderate,Havenpark Communities,Havenpark Capital Partners,288,2023,Fannie Mae,Manufactured Housing,45.523005,-94.26094,,
"7534 US-60 Republic,MO 65738",Alpine Village,MO-Alpine Village-7534,"Greene, MO",Relatively Moderate,Open Management,Open Capital,287,N/A,N/A,Manufactured Housing,37.137832,-93.444538,,
"4075 Holt Rd Holt,MI 48842",Delhi Manor,MI-Delhi Manor-4075,"Ingham, MI",Relatively Moderate,Yes! Communities,Stockbridge Capital Group,286,2018,Fannie Mae,Manufactured Housing,42.639996,-84.505881,,
"12400 Rojas Dr El Paso,TX 79928",Mission Estates,TX-Mission Estates-12400,"El Paso, TX",Relatively High,Yes! Communities,Stockbridge Capital Group,286,2013,Fannie Mae,Manufactured Housing,31.701958,-106.274018,,
"7151 Woodlake Pkwys San Antonio,TX 78218",Woodlake Estates,TX-Woodlake Estates-7151,"Bexar, TX",Relatively High,Yes! Communities,Stockbridge Capital Group,286,2008,Fannie Mae,Manufactured Housing,29.496323,-98.360126,,
"Hunts Park Rd Farmington,NY 14425",Hunt's MHC,NY-Hunt's MHC-Hunts,"Ontario, NY",Relatively Low,Horizon Land Company,Federal Capital Partners,286,N/A,Fannie Mae,Manufactured Housing,42.990694,-77.367359,,
"3701 Second St Coralville,IA 52241",Western Hills Mobile Estates,IA-Western Hills Mobile Estates-3701,"Johnson, IA",Relatively Moderate,Havenpark Communities,Havenpark Capital Partners,286,2019,Fannie Mae,Manufactured Housing,41.703738,-91.629424,,
"2701 34th St N St. Petersburg,FL 33713",Pelican Palms,FL-Pelican Palms-2701,"Pinellas, FL",Relatively High,"Crow Holdings,Legacy Communities","Crow Holdings Capital - Real Estate,Legacy Communities",286,2024,No,Manufactured Housing,27.796378,-82.678141,,
"2701 34th Street North St. Petersburg,FL 33713",Pelican Palms Village,FL-Pelican Palms Village-2701,"Pinellas, FL",Relatively High,Legacy Communities,Legacy Communities,286,N/A,N/A,Manufactured Housing,27.796378,-82.678141,,
"507 East Spaulding St Lafayette,CO 80026",Arbordale Acres,CO-Arbordale Acres-507,"Boulder, CO",Relatively Moderate,Kingsley Management,Kingsley Management,286,N/A,N/A,Manufactured Housing,39.991492,-105.084883,,
"1938 Garden Rd Pearland,TX 77581",Raintree Estates,TX-Raintree Estates-1938,"Brazoria, TX",Relatively Moderate,Yes! Communities,Stockbridge Capital Group,285,2008,Fannie Mae,Manufactured Housing,29.574843,-95.321427,,
"1020 Sistrunk St Atlantic Beach,FL 32223",Oaks of Atlantic Beach,FL-Oaks of Atlantic Beach-1020,"Duval, FL",Relatively High,Yes! Communities,Stockbridge Capital Group,284,2008,No,Manufactured Housing,30.365866,-81.41902,,
"702 Cambridge Ln Fenton,MO 63026",Chancellor Farms,MO-Chancellor Farms-702,"Jefferson, MO",Relatively Moderate,Yes! Communities,Stockbridge Capital Group,284,2021,Freddie Mac,Manufactured Housing,38.471016,-90.4553,,
"1330 N Patterson Rd Wayland,MI 49348",Yankee Springs Meadows,MI-Yankee Springs Meadows-1330,"Barry, MI",Relatively Low,Yes! Communities,Stockbridge Capital Group,284,2018,Fannie Mae,Manufactured Housing,42.672518,-85.544737,,
"43400 Lenfesty Drive Harrison Township,MI 48045",Willow Point,MI-Willow Point-43400,"Macomb, MI",Relatively High,Inspire Communities,Apollo Global Management,284,2012,Fannie Mae,Manufactured Housing,42.613248,-82.85859,,
"5100 Orange Ave Port Orange,FL",Tanglewood Mobile Estates,FL-Tanglewood Mobile Estates-5100,"Volusia, FL",Relatively High,The Carlyle Group,The Carlyle Group,284,N/A,N/A,Manufactured Housing,29.129591,-80.985564,,
"1908 East 19th St Lawrence,KS 66046",Brookwood,KS-Brookwood-1908,"Douglas, KS",Relatively Low,Yes! Communities,Stockbridge Capital Group,283,2020,Fannie Mae,Manufactured Housing,38.951716,-95.209459,,
"104 Aspen Ave NE Buffalo,MN 55313",Buffalo Manor,MN-Buffalo Manor-104,"Wright, MN",Relatively Low,Horizon Land Company,Federal Capital Partners,283,2018,No,Manufactured Housing,45.17402,-93.856365,,
"755 Stelzer Rd Columbus,OH 43219",Stelzer Gardens,OH-Stelzer Gardens-755,"Franklin, OH",Relatively High,Impact Communities,MHP Funds,283,N/A,Freddie Mac,Manufactured Housing,39.989757,-82.91924,,
"7901 South Council Rd Oklahoma City,OK 73169",Westmoor,OK-Westmoor-7901,"Oklahoma, OK",Relatively High,Yes! Communities,Stockbridge Capital Group,282,2012,Fannie Mae,Manufactured Housing,35.387753,-97.654174,,
"2601 Amherst Rd Knoxville,TN 37921",Amherst Ridge,TN-Amherst Ridge-2601,"Knox, TN",Relatively Moderate,Yes! Communities,Stockbridge Capital Group,281,2008,Fannie Mae,Manufactured Housing,35.963411,-84.045578,,
"11819 North College Ave Kansas City,MO 64156",Northland,MO-Northland-11819,"Clay, MO",Relatively Moderate,RHP Properties (Brookfield),Brookfield Corporation,281,2017,Fannie Mae,Manufactured Housing,39.307585,-94.53877,,
"7070 Daffodil Drive Brooksville,FL 34601",Southway Villa,FL-Southway Villa-7070,"Hernando, FL",Relatively Moderate,Legacy Communities,Legacy Communities,281,N/A,N/A,Manufactured Housing,28.530386,-82.404285,,
"11819 N College Ave Kansas CIty,MO 64156",Northland,MO-Northland-11819,"Clay, MO",Relatively Moderate,RHP Properties (Brookfield),Brookfield Corporation,281,2017,N/A,Manufactured Housing,39.307585,-94.53877,,
"1201 N Main St La Feria,TX 78559",Kenwood,TX-Kenwood-1201,"Cameron, TX",Relatively High,RHP Properties (Brookfield),Brookfield Corporation,280,2017,No,Manufactured Housing,26.167542,-97.824541,,
"3731 South Glenstone Ave Springfield,MO 65804",Ozark Highlands,MO-Ozark Highlands-3731,"Greene, MO",Relatively Moderate,Inspire Communities,Apollo Global Management,280,2021,No,Manufactured Housing,37.146449,-93.257838,,
"Keaton Rd S Sanger,TX 76266",Stonewood Ranch,TX-Stonewood Ranch-Keaton,"Denton, TX",Relatively High,Havenpark Communities,Havenpark Capital Partners,280,2022,No,Manufactured Housing,33.355403,-97.185023,,
"1501 E Bismarck Expy Bismarck,ND 58504",Colonial Estates,ND-Colonial Estates-1501,"Burleigh, ND",Relatively Moderate,Havenpark Communities,Havenpark Capital Partners,280,2019,Fannie Mae,Manufactured Housing,46.794118,-100.770032,,
"2601 Grand Ave Kearney,NE 68847",Valley View,NE-Valley View-2601,"Buffalo, NE",Relatively Low,Impact Communities,MHP Funds,280,N/A,Freddie Mac,Manufactured Housing,40.700863,-99.063226,,
"3617 N Grand Ave Springfield,IL 62702",Cottonwood Cove,IL-Cottonwood Cove-3617,"Sangamon, IL",Relatively Moderate,Cambio Communities,Silver Creek Capital,280,N/A,No,Manufactured Housing,39.74782,-89.667544,,
"4211 W Roosevelt St Phoenix,AZ 85009",Capri Mobile Home Park,AZ-Capri Mobile Home Park-4211,"Maricopa, AZ",Very High,Riverstone Communities,Riverstone Capital Partners,279,2020,Freddie Mac,Manufactured Housing,33.458253,-112.149195,,
"7416 Gillette Rd Flushing,MI 48433",Flushing Estates,MI-Flushing Estates-7416,"Genesee, MI",Relatively Moderate,Cambio Communities,Silver Creek Capital,279,2021,Fannie Mae,Manufactured Housing,43.114336,-83.85807,,
"2700 Eaton Rapids Lansing,MI 48911",Stonegate,MI-Stonegate-2700,"Ingham, MI",Relatively Moderate,Yes! Communities,Stockbridge Capital Group,278,2018,Fannie Mae,Manufactured Housing,42.660147,-84.592975,,
"16400 Upton Rd East Lansing,MI 48823",Dutch Hills,MI-Dutch Hills-16400,"Clinton, MI",Relatively Low,Yes! Communities,Stockbridge Capital Group,278,2018,Fannie Mae,Manufactured Housing,42.778074,-84.398424,,
"135 Mallard Dr Pontoon Beach,IA 62040",Mallard Lake,IA-Mallard Lake-135,"Madison, IL",Relatively Moderate,RHP Properties (RHP),RHP Properties,278,N/A,No,Manufactured Housing,38.728002,-90.061898,,
"699 MIchelle Drive Lynwood,IL 60411",Paradise Park,IL-Paradise Park-699,"Cook, IL",Very High,Inspire Communities,Apollo Global Management,278,N/A,Freddie Mac,Manufactured Housing,41.506926,-87.531116,,
"135 Mallard Drive Pontoon Beach,IL 62040",Mallard Lake,IL-Mallard Lake -135,"Madison, IL",Relatively Moderate,RHP Properties (RHP),RHP Properties,278,N/A,Fannie Mae,Manufactured Housing,38.728002,-90.061898,,
"4100 SE Adams St Topeka,KS 66609",Ridgewood Estates,KS-Ridgewood Estates-4100,"Shawnee, KS",Relatively Moderate,RHP Properties (Brookfield),Brookfield Corporation,277,2017,Fannie Mae,Manufactured Housing,38.993348,-95.670606,,
"340 N Brunnell Pkwy Lakeland,FL 33815",May Manor ,FL-May Manor -340,"Polk, FL",Relatively High,Treehouse Communities,The Blackstone Group,277,2020,Fannie Mae,Manufactured Housing,28.047338,-81.980998,,
"4100 SE Adams Topeka,KS 66609",Ridgewood Estates,KS-Ridgewood Estates -4100,"Shawnee, KS",Relatively Moderate,RHP Properties (RHP),RHP Properties,277,N/A,Fannie Mae,Manufactured Housing,38.993348,-95.670606,,
"35 Brighton Rd Barnegat,NJ 8005",Brighton at Barnegat,NJ-Brighton at Barnegat-35,"Ocean, NJ",Relatively High,Hometown America,Calzada Capital Partners,276,N/A,Freddie Mac,Manufactured Housing,39.757763,-74.320409,,
"13531 Declaration Ct Eagle,MI 48822",Capital Crossings,MI-Capital Crossings-13531,"Clinton, MI",Relatively Low,Yes! Communities,Stockbridge Capital Group,275,2007,No,Manufactured Housing,42.818727,-84.790849,,
"1 Ellen St. Laurel,MD 20724",Parkway Village,MD-Parkway Village -1,"Anne Arundel, MD",Relatively Moderate,RHP Properties (RHP),RHP Properties,275,N/A,Freddie Mac,Manufactured Housing,39.090392,-76.824301,,
"9501 East Broadway Mesa,AZ 85208",Cielo Grande Mobile Home Park,AZ-Cielo Grande Mobile Home Park -9501,"Maricopa, AZ",Very High,Kingsley Management,Kingsley Management,275,N/A,N/A,Manufactured Housing,33.406489,-111.626414,,
"6600 Elm Creek Dr Austin,TX 78744",North Bluff Estates,TX-North Bluff Estates-6600,"Travis, TX",Relatively High,RHP Properties (Brookfield),Brookfield Corporation,274,2017,No,Manufactured Housing,30.187405,-97.763645,,
"2880 North Cobb Pkwy Kennesaw,GA 30152",Woodlands of Kennesaw,GA-Woodlands of Kennesaw-2880,"Cobb, GA",Relatively High,Yes! Communities,Stockbridge Capital Group,273,2016,Fannie Mae,Manufactured Housing,34.023569,-84.630915,,
"3629 Big Tree Road Hamburg,NY 14075",Eagle Crest,NY-Eagle Crest-3629,"Erie, NY",Relatively High,RHP Properties (RHP),RHP Properties,273,N/A,Freddie Mac,Manufactured Housing,42.77222,-78.848125,,
"11352 South Crescentwood Drive Sandy,UT 84070",Crescentwood Village,UT-Crescentwood Village -11352,"Salt Lake, UT",Relatively High,RHP Properties (Brookfield),Brookfield Corporation,273,N/A,No,Manufactured Housing,40.545396,-111.885181,,
"1440 W Plum St Lincoln,NE",Harbour West,NE-Harbour West-1440,"Lancaster, NE",Relatively Moderate,Havenpark Communities,Havenpark Capital Partners,272,N/A,N/A,Manufactured Housing,40.792619,-96.742859,,
"465 Biscayne Blvd Rossville,GA 30741",Village Green,GA-Village Green-465,"Catoosa, GA",Relatively Low,Yes! Communities,Stockbridge Capital Group,271,2018,Fannie Mae,Manufactured Housing,34.979858,-85.221484,,
"1520 Atokad Dr South Sioux City,NE 68776",Siouxland Estates,NE-Siouxland Estates-1520,"Dakota, NE",Very Low,Yes! Communities,Stockbridge Capital Group,271,2020,Freddie Mac,Manufactured Housing,42.446652,-96.430487,,
"113 Eagle Drive Hanover,PA 17331",Eagle View Mobile Home Park,PA-Eagle View Mobile Home Park-113,"Adams, PA",Relatively Low,Legacy Communities,Legacy Communities,271,N/A,N/A,Manufactured Housing,39.851278,-76.993491,,
"5112 N Fairmount St Davenport,IA 52806",Five Seasons,IA-Five Seasons-5112,"Scott, IA",Relatively Moderate,Yes! Communities,Stockbridge Capital Group,270,2016,Fannie Mae,Manufactured Housing,41.572249,-90.630362,,
"4930 N Dittmer St Davenport,IA 52806",Silver Creek,IA-Silver Creek-4930,"Scott, IA",Relatively Moderate,Yes! Communities,Stockbridge Capital Group,270,2020,Freddie Mac,Manufactured Housing,41.571334,-90.622838,,
"724 Abode Lane New Braunfels,TX 78130",Dwelling at New Braunfels,TX-Dwelling at New Braunfels-724,"Comal, TX",Relatively Moderate,Yes! Communities,Stockbridge Capital Group,270,2008,No,Manufactured Housing,29.749876,-98.080513,,
"211 Sussex Drive A Sumter,SC 29150",Windsor City,SC-Windsor City-211,"Sumter, SC",Relatively Moderate,Inspire Communities,Apollo Global Management,270,N/A,Fannie Mae,Manufactured Housing,33.97234,-80.39937,,
"1500 Berkley Ct Harwood,MD 20776",Maryland Manor,MD-Maryland Manor-1500,"Anne Arundel, MD",Relatively Moderate,Horizon Land Company,Federal Capital Partners,270,N/A,Fannie Mae,Manufactured Housing,38.85919,-76.683678,,
"3975 Grossbeak Dr Concord,NC 28025",Whitehurst/Countryview,NC-Whitehurst/Countryview-3975,"Cabarrus, NC",Relatively Moderate,Riverstone Communities,Riverstone Capital Partners,270,N/A,Fannie Mae,Manufactured Housing,35.362109,-80.557817,,
"2179 Hull Rd Mason,MI 48854",Mason Manor,MI-Mason Manor-2179,"Ingham, MI",Relatively Moderate,Yes! Communities,Stockbridge Capital Group,269,N/A,Freddie Mac,Manufactured Housing,42.519731,-84.44253,,
"601 South Vista Lane Edmond,OK 73034",Oak Ridge Estates,OK-Oak Ridge Estates-601,"Oklahoma, OK",Relatively High,Yes! Communities,Stockbridge Capital Group,269,2012,Fannie Mae,Manufactured Housing,35.64734,-97.452755,,
"245 S 56th St Mesa,AZ 85206",Aspenwood,AZ-Aspenwood-245,"Maricopa, AZ",Very High,The Carlyle Group,The Carlyle Group,269,2020,No,Manufactured Housing,33.40947,-111.709716,,
"228 Golfview  North Liberty,IA 52317",Golf View Mobile Home Court,IA-Golf View Mobile Home Court-228,"Johnson, IA",Relatively Moderate,Havenpark Communities,Havenpark Capital Partners,269,2019,Fannie Mae,Manufactured Housing,41.731264,-91.605968,,
"9001 South Cicero Avenue Oak Lawn,IL 60453",Airway Manufactured Home Community,IL-Airway Manufactured Home Community -9001,"Cook, IL",Very High,Crow Holdings,Crow Holdings Capital - Real Estate,268,2020,Freddie Mac,Manufactured Housing,41.728935,-87.740752,,
"4801 9th Street E Bradenton,FL 34203",Plantation Grove,FL-Plantation Grove-4801,"Manatee, FL",Relatively High,The Carlyle Group,The Carlyle Group,266,2018,No,Manufactured Housing,27.457567,-82.554748,,
"867 N. Lamb Blvd. Las Vegas,NV 89110",Three Crowns,NV-Three Crowns -867,"Clark, NV",Very High,RHP Properties (RHP),RHP Properties,266,N/A,Freddie Mac,Manufactured Housing,36.179839,-115.085087,,
"7940 South Circle Dr Parma,MI 49269",Arbor Village,MI-Arbor Village-7940,"Jackson, MI",Relatively Low,MHC Capital,MHC Capital,266,N/A,N/A,Manufactured Housing,42.228135,-84.553035,,
"2101 SW 38th St Lawton,OK 73505",Sycamore Trail,OK-Sycamore Trail-2101,"Comanche, OK",Relatively Moderate,Cambio Communities,Silver Creek Capital,266,2020,No,Manufactured Housing,34.583562,-98.439777,,
"4337 Hamlin Way Wimauma,FL 33598",Little Manatee Springs,FL-Little Manatee Springs-4337,"Hillsborough, FL",Relatively High,Hometown America,Calzada Capital Partners,265,2012,No,Manufactured Housing,27.667062,-82.361129,,
"555 Davis Rd Stockbridge,GA",Stockbridge Estates,GA-Stockbridge Estates-555,"Henry, GA",Relatively Low,Treehouse Communities,,265,N/A,N/A,Manufactured Housing,33.555075,-84.2512,,
"4255 Smokecreek Parkway Snellville,GA 30039",Smoke Creek,GA-Smoke Creek-4255,"Gwinnett, GA",Relatively High,Yes! Communities,Stockbridge Capital Group,264,2016,Fannie Mae,Manufactured Housing,33.778397,-84.052281,,
"2501 W Sublett Rd Arlington,TX 76017",The Oak At Arlington,TX-The Oak At Arlington-2501,"Tarrant, TX",Relatively High,Yes! Communities,Stockbridge Capital Group,264,2010,Fannie Mae,Manufactured Housing,32.652392,-97.151274,,
"800 College Dr Vineland,NJ 8360",Delsea ,NJ-Delsea -800,"Cumberland, NJ",Relatively Moderate,Horizon Land Company,Federal Capital Partners,264,2013,No,Manufactured Housing,39.437695,-75.045117,,
"37781 Sandstone Trail Lenox,MI 48048",Millstone Pond,MI-Millstone Pond-37781,"Macomb, MI",Relatively High,Yes! Communities,Stockbridge Capital Group,263,N/A,Freddie Mac,Manufactured Housing,42.72531,-82.732867,,
"3323 Iowa St Lawrence,KS 66046",Easy Living,KS-Easy Living-3323,"Douglas, KS",Relatively Low,RHP Properties (RHP),RHP Properties,263,2024,No,Manufactured Housing,38.924308,-95.267487,,
"969 W. On the Greens Blvd Cottonwood,AZ 86326",On The Greens,AZ-On The Greens-969,"Yavapai, AZ",Relatively Moderate,Inspire Communities,Apollo Global Management,263,2020,No,Manufactured Housing,34.751269,-112.038722,,
"1618 Marion Rd SE Rochester,MN 55904",Oak Terrace Mobile Home Park,MN-Oak Terrace Mobile Home Park-1618,"Olmsted, MN",Relatively Moderate,Riverstone Communities,Riverstone Capital Partners,263,2010,Fannie Mae,Manufactured Housing,44.001633,-92.429608,,
"3100 South Oliver Drive Florence,SC 29505",Southern Pines,SC-Southern Pines-3100,"Florence, SC",Relatively Moderate,Yes! Communities,Stockbridge Capital Group,262,2016,Fannie Mae,Manufactured Housing,34.134329,-79.745656,,
"2800 South Lamb Blvd Las Vegas,NV 89121",Shadow Mountain,NV-Shadow Mountain-2800,"Clark, NV",Very High,Inspire Communities,Apollo Global Management,262,2021,No,Manufactured Housing,36.137929,-115.080211,,
"4950 Old Cliffs Rd San Diego,CA 92120",The Clifss Mobile home park,CA-The Clifss Mobile home park -4950,"San Diego, CA",Very High,Kingsley Management,Kingsley Management,262,N/A,N/A,Manufactured Housing,32.800793,-117.086917,,
"2085 County Rd 740 Webster,FL 33597",Webster RV Resort,FL-Webster RV Resort-2085,"Sumter, FL",Relatively Moderate,Treehouse Communities,The Blackstone Group,261,N/A,Fannie Mae,Manufactured Housing,28.608494,-82.069784,,
"52 Lone Pine Avenue Dunedin,FL 34698",Dunedin Village,FL-Dunedin Village-52,"Pinellas, FL",Relatively High,Cove Communities,Montgomery Street Partners,261,2017,No,Manufactured Housing,28.027646,-82.750081,,
"39248 US 19 North Tarpon Springs,FL 34689",Sun Valley,FL-Sun Valley-39248,"Pinellas, FL",Relatively High,Cove Communities,Montgomery Street Partners,261,2017,No,Manufactured Housing,28.128607,-82.744233,,
"2320 Washington Center Rd Fort Wayne,IN 46818",Countryside Village Fort Wayne,IN-Countryside Village Fort Wayne-2320,"Allen, IN",Relatively Moderate,Yes! Communities,Stockbridge Capital Group,260,2017,Freddie Mac,Manufactured Housing,41.132433,-85.171235,,
"10505 Cedarville Road Brandywine,MD 20613",Cedarville Woods,MD-Cedarville Woods -10505,"Prince George's, MD",Relatively Moderate,RHP Properties (RHP),RHP Properties,260,N/A,No,Manufactured Housing,38.654488,-76.824077,,
"802 E County Line Rd Des Moines,IA 50320",Southridge Estates,IA-Southridge Estates-802,"Polk, IA",Relatively Moderate,Yes! Communities,Stockbridge Capital Group,259,2004,Fannie Mae,Manufactured Housing,41.515153,-93.599847,,
"16860 US Hwy 19 Clearwater,FL 33764",Avalon,FL-Avalon -16860,"Pinellas, FL",Relatively High,RHP Properties (RHP),RHP Properties,259,N/A,No,Manufactured Housing,27.925281,-82.73007,,
"2156 Okeechobee Blvd West Palm Beach,FL",Lakeside Of The Palm Beaches,FL-Lakeside Of The Palm Beaches-2156,"Palm Beach, FL",Relatively High,Riverstone Communities,Riverstone Capital Partners,259,2013,N/A,Manufactured Housing,26.705203,-80.084242,,
"8300 Coventry Blvd Mount Morris,MI 48458",Camelot Villa,MI-Camelot Villa-8300,"Genesee, MI",Relatively Moderate,Homes of America,Alden Global Capital,257,2021,No,Manufactured Housing,43.130534,-83.613546,,
"31 Regina Dr Bloomingburg,NY 12721",New Twin Lakes Village,NY-New Twin Lakes Village-31,"Sullivan, NY",Relatively Low,RHP Properties (Brookfield),Brookfield Corporation,257,2017,No,Manufactured Housing,41.572006,-74.422562,,
"700 W Meade Blvd Franklin,TN 37064",Franklin Estates,TN-Franklin Estates-700,"Williamson, TN",Relatively Moderate,Riverstone Communities,Riverstone Capital Partners,257,2009,Freddie Mac,Manufactured Housing,35.916581,-86.892776,,
"3280 South Academy Boulevard Colorado Springs,CO 80916",Lamplighter,CO-Lamplighter -3280,"El Paso, CO",Relatively Moderate,RHP Properties (RHP),RHP Properties,257,N/A,Freddie Mac,Manufactured Housing,38.78487,-104.759451,,
"2000 Grand Ave West Des Moines,IA 50265",Western Village,IA-Western Village-2000,"Polk, IA",Relatively Moderate,Yes! Communities,Stockbridge Capital Group,256,2022,No,Manufactured Housing,41.56842,-93.72984,,
"301 Alpine Lane Crowley,TX 76036",Chalet City,TX-Chalet City-301,"Tarrant, TX",Relatively High,Yes! Communities,Stockbridge Capital Group,256,2018,Fannie Mae,Manufactured Housing,32.590616,-97.349153,,
"4111 Highwood Dr Great Falls,MT 59405",Highwoods Trailer Park,MT-Highwoods Trailer Park-4111,"Cascade, MT",Relatively Moderate,Havenpark Communities,Havenpark Capital Partners,256,2019,Fannie Mae,Manufactured Housing,47.514597,-111.237581,,
"7500 S County Line Rd Mulberry,FL 33860",Spring Hill Estates,FL-Spring Hill Estates-7500,"Polk, FL",Relatively High,Yes! Communities,Stockbridge Capital Group,255,2016,Fannie Mae,Manufactured Housing,27.927253,-82.055262,,
"270 Littleton Rd. Chelmsford,MA 01824",Chelmsford Commons,MA-Chelmsford Commons -270,"Middlesex, MA",Relatively High,RHP Properties (RHP),RHP Properties,255,N/A,No,Manufactured Housing,42.583107,-71.384246,,
"929 Monarch Lane Rochester,IN 46975",Country Meadows,IN-Country Meadows -929,"Fulton, IN",Very Low,RHP Properties (RHP),RHP Properties,255,N/A,Fannie Mae,Manufactured Housing,41.05111,-86.229579,,
"501 East 63d St N Wichita,KS 67219",Chisholm Creek,KS-Chisholm Creek-501,"Sedgwick, KS",Relatively High,RHP Properties (RHP),RHP Properties,254,2024,No,Manufactured Housing,37.800166,-97.334022,,
"3400 South Greeley Hwy Cheyenne,WY 82007",Big Country,WY-Big Country-3400,"Laramie, WY",Relatively Low,RHP Properties (Brookfield),Brookfield Corporation,254,2017,Fannie Mae,Manufactured Housing,41.086243,-104.802194,,
"1601 SE 8th Avenue Crystal River,FL 34429",Crystal River Village,FL-Crystal River Village-1601,"Citrus, FL",Relatively High,Crow Holdings,Crow Holdings Capital - Real Estate,254,2023,No,Manufactured Housing,28.882147,-82.578692,,
"2425 E. Maryland Ave. Maplewood,MN 55119",Beaver Lake Estates,MN-Beaver Lake Estates -2425,"Ramsey, MN",Relatively High,RHP Properties (RHP),RHP Properties,254,2014,No,Manufactured Housing,44.977859,-92.998167,,
"601 NE Flower Mound Rd Lawton,OK 73507",Sherwood Village,OK-Sherwood Village-601,"Comanche, OK",Relatively Moderate,Yes! Communities,Stockbridge Capital Group,253,2016,Fannie Mae,Manufactured Housing,34.614062,-98.349975,,
"11 Sun Drive Evington,VA 24550",The Oaks at Timberlake,VA-The Oaks at Timberlake-11,"Campbell, VA",Very Low,Yes! Communities,Stockbridge Capital Group,253,N/A,Fannie Mae,Manufactured Housing,37.308602,-79.256706,,
"314 South Erie Drive Fort Pierce,FL 34946",Tall Pines,FL-Tall Pines-314,"St. Lucie, FL",Relatively High,Inspire Communities,Apollo Global Management,253,2021,Fannie Mae,Manufactured Housing,27.476351,-80.343753,,
"1900 NW Lyman Rd Topeka,KS 66608",Meadowood,KS-Meadowood-1900,"Shawnee, KS",Relatively Moderate,RHP Properties (Brookfield),Brookfield Corporation,252,2017,Fannie Mae,Manufactured Housing,39.088283,-95.691743,,
"7001 Lakes Blvd Fort Mill,SC 29715",Twin Lakes,SC-Twin Lakes-7001,"York, SC",Relatively Moderate,Horizon Land Company,Federal Capital Partners,252,2021,No,Manufactured Housing,35.077638,-80.931996,,
"36345 US HIGHWAY 27 ,FL",Blue Heron Bay MHP,FL-Blue Heron Bay MHP-36345,"Polk, FL",Relatively High,The Carlyle Group,The Carlyle Group,252,N/A,N/A,Manufactured Housing,28.45743,-82.409148,,
"1007 Lower Pindell Rd Lothian,MD 20711",Lyons Creek ,MD-Lyons Creek -1007,"Anne Arundel, MD",Relatively Moderate,Horizon Land Company,Federal Capital Partners,250,2015,Fannie Mae,Manufactured Housing,38.765994,-76.667639,,
"3100 North Road Naples,FL 34104",Northtide Naples,FL-Northtide Naples-3100,"Collier, FL",Relatively High,The Carlyle Group,The Carlyle Group,250,2020,No,Manufactured Housing,26.144924,-81.768941,,
"5150 Airport Road Colorado Springs,CO 80916",Canyon Ridge,CO-Canyon Ridge -5150,"El Paso, CO",Relatively Moderate,RHP Properties (RHP),RHP Properties,250,N/A,No,Manufactured Housing,38.825635,-104.731837,,
"14320 Smith Road Humble,TX 77396",El Dorado,TX-El Dorado -14320,"Harris, TX",Very High,RHP Properties (RHP),RHP Properties,250,N/A,No,Manufactured Housing,29.926916,-95.28512,,
"2800 S. Hampton Dr West Valley City,UT 84119",Windsor Estates,UT-Windsor Estates-2800,"Salt Lake, UT",Relatively High,RHP Properties (Brookfield),Brookfield Corporation,249,N/A,No,Manufactured Housing,40.549886,-111.984018,,
"2709 Capitol Ave Warren,MI 48091",Shady Lane,MI-Shady Lane-2709,"Macomb, MI",Relatively High,Cambio Communities,Silver Creek Capital,249,2020,No,Manufactured Housing,42.464787,-83.077989,,
"2421 E Birch Dr Kawkawlin,MI 48631",White Birch,MI-White Birch-2421,"Bay, MI",Relatively Low,Cambio Communities,Silver Creek Capital,249,N/A,Fannie Mae,Manufactured Housing,43.670688,-84.045876,,
"157 Powell St West Branch,IA 52358",West Branch Village,IA-West Branch Village-157,"Cedar, IA",Very Low,Havenpark Communities,Havenpark Capital Partners,248,1997,Fannie Mae,Manufactured Housing,41.683116,-91.345398,,
"9151 N. 1200 West Demotte,IN 46310",Island Grove,IN-Island Grove -9151,"Newton, IN",Very Low,RHP Properties (RHP),RHP Properties,248,N/A,Freddie Mac,Manufactured Housing,41.132083,-87.275861,,
"4801 Goldfield San Antonio,TX",Lamplighter Mobile Home Park,TX-Lamplighter Mobile Home Park-4801,"Bexar, TX",Relatively High,Havenpark Communities,Havenpark Capital Partners,248,2020,N/A,Manufactured Housing,29.480444,-98.397223,,
"12721 West Greenway Rd El Mirage,AZ 85335",Rosewood Estates,AZ-Rosewood Estates-12721,"Maricopa, AZ",Very High,Yes! Communities,Stockbridge Capital Group,247,2016,Fannie Mae,Manufactured Housing,33.62156,-112.335284,,
"7400 Twin Parks Dr Arlington,TX 76001",South Arlington Estates,TX-South Arlington Estates-7400,"Tarrant, TX",Relatively High,Yes! Communities,Stockbridge Capital Group,247,2008,Fannie Mae,Manufactured Housing,32.624265,-97.118034,,
"8336 Oak Ridge Hwy Knoxville,TN 37931",Oak Ridge,TN-Oak Ridge-8336,"Knox, TN",Relatively Moderate,Horizon Land Company,Federal Capital Partners,247,2006,No,Manufactured Housing,35.978231,-84.15082,,
"2210 S Berkey Southern Rd Swanton,OH 43558",Arrowhead Lake,OH-Arrowhead Lake-2210,"Lucas, OH",Relatively Moderate,MHC Capital,MHC Capital,247,2017,N/A,Manufactured Housing,41.599847,-83.825392,,
"955 Sumpter Rd Belleville,MI 48111",Belle Villa Meadows,MI-Belle Villa Meadows-955,"Wayne, MI",Relatively High,Yes! Communities,Stockbridge Capital Group,246,2015,Freddie Mac,Manufactured Housing,42.195597,-83.477011,,
"1407 Middle Rd Calverton,NY 11933",Calverton Foxwood Village,NY-Calverton Foxwood Village-1407,"Suffolk, NY",Relatively High,Hometown America,Calzada Capital Partners,246,N/A,Fannie Mae,Manufactured Housing,40.933777,-72.706643,,
"1200 Foss Rd New Brighton,MN 55112",Lakeside North,MN-Lakeside North-1200,"Ramsey, MN",Relatively High,Riverstone Communities,Riverstone Capital Partners,245,2016,Fannie Mae,Manufactured Housing,45.043177,-93.203424,,
"4480 S Meridian Avenue Wichita,KS 67217",The Woodlands,KS-The Woodlands -4480,"Sedgwick, KS",Relatively High,RHP Properties (RHP),RHP Properties,245,N/A,No,Manufactured Housing,37.613445,-97.367154,,
"5600 S. Country Club Rd Tucson,AZ 85706",Country Club,AZ-Country Club -5600,"Pima, AZ",Relatively High,RHP Properties (RHP),RHP Properties,245,N/A,No,Manufactured Housing,32.150191,-110.92962,,
"2850 S Beltline Rd Dallas,TX 75253",Pecan Lake Mobile Home Community,TX-Pecan Lake Mobile Home Community-2850,"Dallas, TX",Very High,Kingsley Management,Kingsley Management,245,N/A,N/A,Manufactured Housing,32.66198,-96.61478,,
"2170 S Berkey Southern Rd Swanton,OH 43558",Arrowhead Lake,OH-Arrowhead Lake-2170,"Lucas, OH",Relatively Moderate,MHC Capital,MHC Capital,245,N/A,N/A,Manufactured Housing,41.600268,-83.82543,,
"175 Delores Drive Fenton,MO 63026",Grand Oaks,MO-Grand Oaks-175,"Jefferson, MO",Relatively Moderate,Cambio Communities,Silver Creek Capital,245,N/A,Fannie Mae,Manufactured Housing,38.496824,-90.467375,,
"1111 Archwood Dr SW Olympia,WA",Friendly Ridge Mobile Home Park,WA-Friendly Ridge Mobile Home Park-1111,"Thurston, WA",Relatively High,The Carlyle Group,The Carlyle Group,245,N/A,N/A,Manufactured Housing,47.037039,-122.944626,,
"3714 Walkers Cove Trail Charlotte,NC 28214",Bloomfield Estates,NC-Bloomfield Estates-3714,"Mecklenburg, NC",Relatively High,Havenpark Communities,Havenpark Capital Partners,244,2020,Fannie Mae,Manufactured Housing,35.221355,-80.981994,,
"6030 FM 1346 San Antonio,TX 78220",Hidden Lake,TX-Hidden Lake-6030,"Bexar, TX",Relatively High,Yes! Communities,Stockbridge Capital Group,243,2009,Fannie Mae,Manufactured Housing,29.418955,-98.372894,,
"7403 46th Ave N St. Petersburg,FL 33709",Sunshine MHC,FL-Sunshine MHC-7403,"Pinellas, FL",Relatively High,Legacy Communities,Legacy Communities,243,N/A,N/A,Manufactured Housing,27.81468,-82.740279,,
"19010 County Road 81 Osseo,MN",Dayton Park,MN-Dayton Park-19010,"Hennepin, MN",Relatively High,Havenpark Communities,Havenpark Capital Partners,243,2023,N/A,Manufactured Housing,45.167148,-93.51637,,
"300 N Daley St Coal City,IL 60416",Burt Estates,IL-Burt Estates-300,"Grundy, IL",Relatively Low,Yes! Communities,Stockbridge Capital Group,242,2021,Freddie Mac,Manufactured Housing,41.290819,-88.252781,,
"3151 NW 44th Ave Lot 1 Ocala,FL 34482",Sweetwater Oaks,FL-Sweetwater Oaks-3151,"Marion, FL",Relatively High,Legacy Communities,Legacy Communities,242,N/A,N/A,Manufactured Housing,29.21919,-82.19365,,
"23500 South Keystone Way Clinton Twp,MI 48036",Parkway Village,MI-Parkway Village-23500,"Macomb, MI",Relatively High,MHC Capital,MHC Capital,242,N/A,N/A,Manufactured Housing,42.612392,-82.869116,,
"16181 Lancaster Way Holly,MI 48442",Holly Hills,MI-Holly Hills-16181,"Oakland, MI",Relatively High,Yes! Communities,Stockbridge Capital Group,241,2019,Fannie Mae,Manufactured Housing,42.7947,-83.595794,,
"724 Creek Ridge Rd Greensboro,NC 27406",Village Park,NC-Village Park-724,"Guilford, NC",Relatively Moderate,Yes! Communities,Stockbridge Capital Group,241,2016,Fannie Mae,Manufactured Housing,36.026807,-79.811811,,
"3300 Voight Blvd San Angelo,TX 76905",Sun Lake,TX-Sun Lake-3300,"Tom Green, TX",Relatively Low,Open Management,Open Capital,241,N/A,N/A,Manufactured Housing,31.48631,-100.390279,,
"1713 Maple Grove Blvd Kendalville,IN 46755",Maple Grove Mobile Home Park,IN-Maple Grove Mobile Home Park-1713,"Noble, IN",Relatively Low,MHC Capital,MHC Capital,241,N/A,N/A,Manufactured Housing,41.422805,-85.259379,,
"103 Moonachie Ave Moonachie,NJ 07074",Metropolitan Reserve,NJ-Metropolitan Reserve -103,"Bergen, NJ",Relatively High,RHP Properties (RHP),RHP Properties,241,2025,N/A,Manufactured Housing,40.838997,-74.067902,,
"1023 Lakes Drive Royse City,TX 75189",Lakewood Estates,TX-Lakewood Estates-1023,"Rockwall, TX",Relatively Low,Yes! Communities,Stockbridge Capital Group,240,2008,Fannie Mae,Manufactured Housing,32.965792,-96.332499,,
"3901 Lewis Rd Ballston Spa,NY 12020",Northern Pines Estates,NY-Northern Pines Estates-3901,"Saratoga, NY",Relatively Low,Horizon Land Company,Federal Capital Partners,240,2015,Fannie Mae,Manufactured Housing,43.037937,-73.918321,,
"1118 Anise Lane Fenton,MO 63026",Sugar Creek Estates,MO-Sugar Creek Estates-1118,"Jefferson, MO",Relatively Moderate,Horizon Land Company,Federal Capital Partners,240,N/A,No,Manufactured Housing,38.484614,-90.480962,,
"2401 Lancaster ST Concord,NC 28027",Carolina Village,NC-Carolina Village-2401,"Cabarrus, NC",Relatively Moderate,Horizon Land Company,Federal Capital Partners,240,2012,No,Manufactured Housing,35.376155,-80.679257,,
"3543 Smokey Dr Dayton,OH 45414",Sunny Acres,OH-Sunny Acres-3543,"Montgomery, OH",Relatively Moderate,Impact Communities,MHP Funds,240,2022,Freddie Mac,Manufactured Housing,39.82065,-84.15924,,
"9100 Tejon St Denver,CO 80260",Lamplighter Village,CO-Lamplighter Village-9100,"Adams, CO",Relatively Moderate,Kingsley Management,Kingsley Management,240,N/A,N/A,Manufactured Housing,39.862862,-105.007505,,
"1133 Yeomans St Ionia,MI 48846",Sherwood Forest,MI-Sherwood Forest-1133,"Ionia, MI",Relatively Low,Cambio Communities,Silver Creek Capital,240,N/A,Fannie Mae,Manufactured Housing,42.983875,-85.084439,,
"3543 Needmore Rd Dayton,OH",Sunny Acres,OH-Sunny Acres-3543,"Montgomery, OH",Relatively Moderate,Impact Communities,MHP Funds,240,2017,N/A,Manufactured Housing,39.820598,-84.160118,,
"489 Starratt Road Jacksonville,FL 32218",Oceanway Village,FL-Oceanway Village-489,"Duval, FL",Relatively High,Yes! Communities,Stockbridge Capital Group,238,2023,Fannie Mae,Manufactured Housing,30.473616,-81.620883,,
"2700 Shimmons Rd Auburn Hills,MI 48326",Lake in the Hills,MI-Lake in the Hills-2700,"Oakland, MI",Relatively High,Yes! Communities,Stockbridge Capital Group,238,2023,Fannie Mae,Manufactured Housing,42.684144,-83.238342,,
"2491 N Highway 89 Pleasant View,UT 84404",Evergreen Village,UT-Evergreen Village-2491,"Weber, UT",Relatively Moderate,RHP Properties (Brookfield),Brookfield Corporation,238,2017,No,Manufactured Housing,41.300955,-112.002329,,
"2580 Lakeside Dr Leesburg,FL 34788",Lakeside Village,FL-Lakeside Village-2580,"Lake, FL",Relatively Moderate,Treehouse Communities,The Blackstone Group,238,N/A,Fannie Mae,Manufactured Housing,28.82873,-81.832989,,
"1002 Chapel Creek Lane Deland,FL 32724",Meadowlea Village,FL-Meadowlea Village-1002,"Volusia, FL",Relatively High,Cove Communities,Montgomery Street Partners,238,2018,No,Manufactured Housing,29.081632,-81.289839,,
"50 Lake Charlotte Drive W. Winter Haven,FL 33880",Winter Haven,FL-Winter Haven -50,"Polk, FL",Relatively High,RHP Properties (RHP),RHP Properties,238,N/A,No,Manufactured Housing,27.978631,-81.783017,,
"1061 Wilson NW Walker,MI 49534",Appletree Estates,MI-Appletree Estates-1061,"Ottawa, MI",Relatively Moderate,RHP Properties (RHP),RHP Properties,238,N/A,No,Manufactured Housing,43.118329,-85.81236,,
"356 Bayhead Dr Tallahassee,FL 32940",Bayhead,FL-Bayhead-356,"Brevard, FL",Relatively High,Open Management,Open Capital,238,N/A,N/A,Manufactured Housing,28.233226,-80.682041,,
"55 Village Green dr Sacramento,CA 95838",Village Green,CA-Village Green-55,"Sacramento, CA",Relatively High,Inspire Communities,Apollo Global Management,237,2021,No,Manufactured Housing,38.643882,-121.423054,,
"2491 North Highway 89 Pleasant View,UT 84404",Evergreen Village,UT-Evergreen Village -2491,"Weber, UT",Relatively Moderate,RHP Properties (RHP),RHP Properties,237,N/A,No,Manufactured Housing,41.300955,-112.002329,,
"N570 Conty Rd Wisonsin Dells,WI 53965",Stand Rock Campground,WI-Stand Rock Campground-N570,"Marquette, WI",Relatively Low,Legacy Communities,Legacy Communities,237,N/A,N/A,Manufactured Housing,43.659837,-89.586613,,
"1834 Gretchen Dr SW Cedar Rapids,IA 52404",Cedar Terrace,IA-Cedar Terrace-1834,"Linn, IA",Relatively Moderate,Yes! Communities,Stockbridge Capital Group,235,2012,Freddie Mac,Manufactured Housing,41.960175,-91.748658,,
"900 Aqua Isles Blvd Labelle,FL 33935",Moss Landing,FL-Moss Landing-900,"Hendry, FL",Relatively Low,Treehouse Communities,The Blackstone Group,235,2017,Fannie Mae,Manufactured Housing,26.761845,-81.452271,,
"830 North Highway 17/92 DeBary,FL 32713",Highland Country Estates,FL-Highland Country Estates-830,"Volusia, FL",Relatively High,Legacy Communities,Legacy Communities,235,N/A,N/A,Manufactured Housing,28.909804,-81.30249,,
"3320 Oak Orchard Rd Albion,NY 14411",Oak Orchard Estates,NY-Oak Orchard Estates-3320,"Orleans, NY",Very Low,Horizon Land Company,Federal Capital Partners,234,N/A,Fannie Mae,Manufactured Housing,43.255415,-78.193531,,
"900 9th Avenue East Palmetto,FL 34221",Colonial Manor,FL-Colonial Manor -900,"Manatee, FL",Relatively High,Kingsley Management,Kingsley Management,234,2015,N/A,Manufactured Housing,27.518004,-82.555039,,
"6610 Lear Nagle Rd Ridgeville,OH",Northridge Cove,OH-Northridge Cove-6610,"Warren, OH",Relatively Low,Havenpark Communities,Havenpark Capital Partners,234,2019,N/A,Manufactured Housing,39.42197,-84.340057,,
"100 Sara Lane Huntsville,TX 77340",Tanglewood,TX-Tanglewood-100,"Walker, TX",Relatively Low,Yes! Communities,Stockbridge Capital Group,233,2019,Fannie Mae,Manufactured Housing,30.702015,-95.536494,,
"1945 Piner Rd Santa Rosa,CA 95403",The Orchard,CA-The Orchard-1945,"Sonoma, CA",Relatively High,Hometown America,Calzada Capital Partners,233,2000,No,Manufactured Housing,38.470132,-122.750557,,
"5100 S 1050 W  Ogden,UT 84405",Riverdale,UT-Riverdale-5100,"Weber, UT",Relatively Moderate,RHP Properties (RHP),RHP Properties,233,2024,No,Manufactured Housing,41.170357,-112.00239,,
"3280 Landrey Blvd Nederland,TX 77627",Parkway Village Estates,TX-Parkway Village Estates-3280,"Jefferson, TX",Relatively High,Horizon Land Company,Federal Capital Partners,233,2023,No,Manufactured Housing,29.978195,-94.030325,,
"100 Julius Drive Shiloh,IL 62269",Valley View Estates,IL-Valley View Estates -100,"St. Clair, IL",Relatively High,RHP Properties (RHP),RHP Properties,233,N/A,No,Manufactured Housing,38.569536,-89.89054,,
"16 English Village Park Nixa,MO 65714",English Village,MO-English Village-16,"Christian, MO",Relatively Low,Open Management,Open Capital,233,N/A,N/A,Manufactured Housing,37.084601,-93.300009,,
"3211 West Division St Arlington,TX 76012",Arlington Lakeside,TX-Arlington Lakeside-3211,"Tarrant, TX",Relatively High,Yes! Communities,Stockbridge Capital Group,232,2014,Fannie Mae,Manufactured Housing,32.73787,-97.162131,,
"17190 Mount Vernon Rd Golden,CO 80401",Mountainside,CO-Mountainside-17190,"Jefferson, CO",Relatively High,RHP Properties (RHP),RHP Properties,232,2017,No,Manufactured Housing,39.726992,-105.190278,,
"479 Warner Rd. Brookfield,OH 44403",Brookfield Acres,OH-Brookfield Acres -479,"Trumbull, OH",Relatively Moderate,RHP Properties (RHP),RHP Properties,232,N/A,No,Manufactured Housing,41.231904,-80.616354,,
"4600 N Van Dyke Rd Almont,MI 48003",Kingbrook Estates,MI-Kingbrook Estates-4600,"Lapeer, MI",Relatively Low,TIR Equities,TIR Equities,232,N/A,Fannie Mae,Manufactured Housing,42.933761,-83.055023,,
"5900 64th St NE Marysville,WA",Glenwood Mobile Estates-,WA-Glenwood Mobile Estates--5900,"Snohomish, WA",Relatively High,The Carlyle Group,The Carlyle Group,232,N/A,N/A,Manufactured Housing,48.053143,-122.151197,,
"215 N Canal Rd Lansing,MI 48917",Century Park,MI-Century Park-215,"Eaton, MI",Relatively Low,Yes! Communities,Stockbridge Capital Group,230,2021,Freddie Mac,Manufactured Housing,42.734843,-84.662597,,
"3333 Ravensood Rd Marysville,MI 48040",Marysville Villa Estates,MI-Marysville Villa Estates-3333,"St. Clair, MI",Relatively Moderate,Yes! Communities,Stockbridge Capital Group,230,N/A,Fannie Mae,Manufactured Housing,42.91253,-82.48686,,
"5475 Southcross Ranch Rd San Antonio,TX 78222",Saddlecrest,TX-Saddlecrest-5475,"Bexar, TX",Relatively High,Yes! Communities,Stockbridge Capital Group,230,2008,Fannie Mae,Manufactured Housing,29.372698,-98.388474,,
"10530 Three Rivers Rd Gulfport,MS 39503",Southern Oak MH and RV Community,MS-Southern Oak MH and RV Community-10530,"Harrison, MS",Relatively High,Homes of America,Alden Global Capital,230,2022,No,Manufactured Housing,30.43922,-89.081863,,
"51074 Mott Rd Canton,MI 48188",College Park Estates,MI-College Park Estates-51074,"Wayne, MI",Relatively High,RHP Properties (RHP),RHP Properties,230,2024,No,Manufactured Housing,42.262644,-83.542086,,
"1015 W Sam Houston Blvd Pharr,TX 78577",Winterhaven MHP,TX-Winterhaven MHP-1015,"Hidalgo, TX",Relatively High,Impact Communities,MHP Funds,230,N/A,No,Manufactured Housing,26.18941,-98.198112,,
"2601 Edwards Road Denton,TX 76208",Pecan Creek,TX-Pecan Creek -2601,"Denton, TX",Relatively High,RHP Properties (RHP),RHP Properties,230,N/A,No,Manufactured Housing,33.182012,-97.0832,,
"755 N Tratt St Whitewater,WI 53910",Twin Oaks,WI-Twin Oaks-755,"Jefferson, WI",Relatively Low,Open Management,Open Capital,230,N/A,N/A,Manufactured Housing,42.85131,-88.75586,,
"2466 Kirby Rd Robinsonville,MS 38664",Buck Island Bayou Mobile Home Park,MS-Buck Island Bayou Mobile Home Park-2466,"Tunica, MS",Very Low,Homes of America,Alden Global Capital,229,2023,No,Manufactured Housing,34.790898,-90.272747,,
"1050 Highway West Shepherdsville,KY 40165",Autumn Leaf,KY-Autumn Leaf -1050,"Bullitt, KY",Relatively Low,RHP Properties (RHP),RHP Properties,229,N/A,No,Manufactured Housing,38.002405,-85.766285,,
"5995 N Wildwood St Westland,MI 48185",Wildwood Apartments,MI-Wildwood Apartments-5995,"Wayne, MI",Relatively High,MHC Capital,MHC Capital,229,N/A,N/A,Manufactured Housing,42.328148,-83.379765,,
"188 Maple St Fayetteville,NC 28306",Southlawn,NC-Southlawn-188,"Cumberland, NC",Relatively Moderate,Inspire Communities,Apollo Global Management,228,2021,No,Manufactured Housing,35.005627,-78.901491,,
"2528 Tilton Rd Egg Harbor,NJ 8234",Tilton Terrace,NJ-Tilton Terrace-2528,"Atlantic, NJ",Relatively Moderate,Horizon Land Company,Federal Capital Partners,228,2014,No,Manufactured Housing,39.429442,-74.5751,,
"5291 Old Atlanta Road Hampton,GA 30228",South Hampton,GA-South Hampton -5291,"Spalding, GA",Very Low,RHP Properties (RHP),RHP Properties,228,N/A,Freddie Mac,Manufactured Housing,33.349562,-84.293378,,
"27 Michigan Lane Winona,MN 55987",Lake Village,MN-Lake Village -27,"Winona, MN",Relatively Low,RHP Properties (RHP),RHP Properties,228,2010,Freddie Mac,Manufactured Housing,44.071085,-91.720798,,
"215 S Sullivan St Santa Ana,CA 92704",Coach Royal Mobile Home Park,CA-Coach Royal Mobile Home Park-215,"Orange, CA",Very High,Kingsley Management,Kingsley Management,228,N/A,N/A,Manufactured Housing,33.742556,-117.900395,,
"6320 Poorman Rd N Vermillion,OH 44089",Harbourtown,OH-Harbourtown-6320,"Erie, OH",Relatively Low,MHC Capital,MHC Capital,228,N/A,N/A,Manufactured Housing,41.395423,-82.430737,,
"11333 Whittaker Rd Whittaker,MI 48190",Whittaker Oaks,MI-Whittaker Oaks-11333,"Washtenaw, MI",Relatively Moderate,Cambio Communities,Silver Creek Capital,228,N/A,Fannie Mae,Manufactured Housing,42.12322,-83.59941,,
"1720 Claiborne St Louisville,TN 37777",Little River,TN-Little River-1720,"Blount, TN",Relatively Low,Yes! Communities,Stockbridge Capital Group,227,2009,Fannie Mae,Manufactured Housing,35.854201,-83.983785,,
"600 South Maplewood Dr Rantoul,IL 61866",Heritage Meadows,IL-Heritage Meadows-600,"Champaign, IL",Relatively Moderate,Horizon Land Company,Federal Capital Partners,227,N/A,No,Manufactured Housing,40.30572,-88.13799,,
"5321 Loomis St North East,PA 16248",Rolling Meadows,PA-Rolling Meadows-5321,"Erie, PA",Relatively Moderate,Horizon Land Company,Federal Capital Partners,227,2013,No,Manufactured Housing,42.212888,-79.81628,,
"2700 N. Washington St. Kokomo,IN 46901",Modern Estates,IN-Modern Estates -2700,"Howard, IN",Relatively Low,RHP Properties (RHP),RHP Properties,227,N/A,No,Manufactured Housing,40.514141,-86.132715,,
"28745 Van Born Rd Romulus,MI 48174",Metro Commons,MI-Metro Commons-28745,"Wayne, MI",Relatively High,Cambio Communities,Silver Creek Capital,227,N/A,No,Manufactured Housing,42.267759,-83.325218,,
"1101 Hickory Blvd Altoona,IA 50009",Country Club Crossing,IA-Country Club Crossing-1101,"Polk, IA",Relatively Moderate,Yes! Communities,Stockbridge Capital Group,226,2023,Fannie Mae,Manufactured Housing,41.641528,-93.50149,,
"200 N 35th Ave Greeley,CO 38163",Friendly Village,CO-Friendly Village-200,"Weld, CO",Relatively Moderate,RHP Properties (RHP),RHP Properties,226,2017,No,Manufactured Housing,40.4361,-104.73379,,
"2800 West Memorial Drive Muncie,IN 47302",Freedom Acres,IN-Freedom Acres-2800,"Delaware, IN",Relatively Low,Inspire Communities,Apollo Global Management,226,N/A,Freddie Mac,Manufactured Housing,40.178703,-85.418988,,
"213 Brook Valley Park Rocky Mount,NC 27804",Brook Valley,NC-Brook Valley-213,"Edgecombe, NC",Relatively Low,Inspire Communities,Apollo Global Management,226,N/A,No,Manufactured Housing,35.919925,-77.751188,,
"1000 Suburban Village Loop North Chesterfield,VA 23235",Suburban Village,VA-Suburban Village-1000,"Chesterfield, VA",Relatively Moderate,Horizon Land Company,Federal Capital Partners,226,N/A,No,Manufactured Housing,37.507153,-77.579043,,
"353 E Michigan Ave Galesburg,MI 49053",Gale Valley,MI-Gale Valley-353,"Kalamazoo, MI",Relatively Moderate,Cambio Communities,Silver Creek Capital,226,N/A,Fannie Mae,Manufactured Housing,42.29017,-85.406977,,
"3805 7th St NE Great Falls,MT",Countryside Village,MT-Countryside Village-3805,"Cascade, MT",Relatively Moderate,Havenpark Communities,Havenpark Capital Partners,226,2024,N/A,Manufactured Housing,47.54106,-111.295504,,
"20518 Tahitian Boulevard Estero,FL 33928",Estero Bay Village,FL-Estero Bay Village-20518,"Lee, FL",Relatively High,Cove Communities,Montgomery Street Partners,225,2019,No,Manufactured Housing,26.440843,-81.822536,,
"1800 Reservoir Rd. Lima,OH 45804",Country Estates,OH-Country Estates -1800,"Allen, OH",Relatively Low,RHP Properties (RHP),RHP Properties,225,N/A,No,Manufactured Housing,40.742301,-84.072499,,
"430 Post Rd Route 1 Wells,ME 04090",Meadowledge Resort,ME-Meadowledge Resort-430,"York, ME",Relatively Moderate,Legacy Communities,Legacy Communities,225,N/A,N/A,Manufactured Housing,43.28523,-70.594663,,
"1701 2nd St E Milan,IL 61264",High Cliff,IL-High Cliff-1701,"Rock Island, IL",Relatively Moderate,Yes! Communities,Stockbridge Capital Group,224,2021,Freddie Mac,Manufactured Housing,41.434631,-90.566294,,
"11405 Darling Rd Ventura,CA 93004",Buenaventura,CA-Buenaventura-11405,"Ventura, CA",Relatively High,Hometown America,Calzada Capital Partners,224,2022,No,Manufactured Housing,34.291597,-119.149663,,
"3502 Darlnghurst Houston,TX 77045",Village Green Mobile Home Park,TX-Village Green Mobile Home Park-3502,"Harris, TX",Very High,Riverstone Communities,Riverstone Capital Partners,224,N/A,Freddie Mac,Manufactured Housing,29.623652,-95.427281,,
"580 Ossipee Trail Standish,ME 04084",Pine Tree Estates,ME-Pine Tree Estates -580,"Cumberland, ME",Relatively Low,RHP Properties (RHP),RHP Properties,224,N/A,Freddie Mac,Manufactured Housing,43.732307,-70.607951,,
"11750 South Homan Avenue Merrionette Park,IL 60803",Oak Lane,IL-Oak Lane-11750,"Cook, IL",Very High,Yes! Communities,Stockbridge Capital Group,223,2021,Freddie Mac,Manufactured Housing,41.67965,-87.705784,,
"3223 N Lockridge Ridge Rd Sarasota,FL 34234",Palm Terrace,FL-Palm Terrace-3223,"Sarasota, FL",Relatively High,The Carlyle Group,The Carlyle Group,223,2020,No,Manufactured Housing,27.245697,-82.473358,,
"529 Weaver Drive Dover,DE 19901",Wild Meadows,DE-Wild Meadows -529,"Kent, DE",Relatively Moderate,RHP Properties (RHP),RHP Properties,223,N/A,No,Manufactured Housing,39.189574,-75.511933,,
"3650 S Federal Blvd Englewood,CO 80110",Ridgeline at River Run,CO-Ridgeline at River Run -3650,"Arapahoe, CO",Relatively Moderate,The Carlyle Group,The Carlyle Group,223,2021,N/A,Manufactured Housing,39.650324,-105.023449,,
"50 Highland St Taunton,MA 2780",Leisurewood Taunton,MA-Leisurewood Taunton-50,"Bristol, MA",Relatively Moderate,Hometown America,Calzada Capital Partners,222,2010,No,Manufactured Housing,41.882543,-71.106625,,
"1 Great Hill Drive West Wareham,MA 02576",Great Hill Estates,MA-Great Hill Estates-1,"Plymouth, MA",Relatively Moderate,Legacy Communities,Legacy Communities,222,N/A,Freddie Mac,Manufactured Housing,41.78454,-70.7447,,
"1168 N Oak Rd Davison,MI 48423",Timber Heights,MI-Timber Heights-1168,"Genesee, MI",Relatively Moderate,RHP Properties (Brookfield),Brookfield Corporation,221,2017,No,Manufactured Housing,43.02859,-83.493035,,
"1751 W Hadley Avenue  Las Cruces,NM 88005",Valley Verde,NM-Valley Verde-1751,"Doña Ana, NM",Relatively High,Yes! Communities,Stockbridge Capital Group,220,1999,Fannie Mae,Manufactured Housing,32.308679,-106.801454,,
"70377 Gerald Ford Dr Rancho Mirage,CA 92270",The Colony,CA-The Colony-70377,"Riverside, CA",Very High,Hometown America,Calzada Capital Partners,220,2009,Freddie Mac,Manufactured Housing,33.784348,-116.432961,,
"100 Hitch Pond Cir Seaford,DE 19973",Village of Cool Branch,DE-Village of Cool Branch-100,"Sussex, DE",Relatively Moderate,Hometown America,Calzada Capital Partners,220,N/A,Fannie Mae,Manufactured Housing,38.621273,-75.542349,,
"3129 Racehorse Dr, Grand Prairie,TX 75050",Shady Grove Ranch,TX-Shady Grove Ranch-3129,"Dallas, TX",Very High,RHP Properties (Brookfield),Brookfield Corporation,220,2017,No,Manufactured Housing,32.802912,-97.006006,,
"909 Charles Ln Stoughton,WI 53589",Bayview Heights,WI-Bayview Heights-909,"Dane, WI",Relatively Moderate,Havenpark Communities,Havenpark Capital Partners,220,2022,Fannie Mae,Manufactured Housing,42.956246,-89.283852,,
"76 E US Highway 6 Valparaiso,IN",Liberty Farm,IN-Liberty Farm-76,"Porter, IN",Relatively Moderate,Havenpark Communities,Havenpark Capital Partners,220,2024,N/A,Manufactured Housing,41.5466,-87.050737,,
"1 Clubhouse Drive Manvel,TX 77578",Oak Crest,TX-Oak Crest-1,"Brazoria, TX",Relatively Moderate,Inspire Communities,Apollo Global Management,219,N/A,Fannie Mae,Manufactured Housing,29.511253,-95.37514,,
"1311 Catfish Ln. Norristown,PA 19403",Valley Forge Crossing,PA-Valley Forge Crossing -1311,"Montgomery, PA",Relatively High,RHP Properties (RHP),RHP Properties,219,N/A,Fannie Mae,Manufactured Housing,40.111182,-75.422059,,
"215 Shannonwood Drive Moncks Corner,SC 29461",Shannonwood,SC-Shannonwood-215,"Berkeley, SC",Relatively High,Yes! Communities,Stockbridge Capital Group,218,2012,Fannie Mae,Manufactured Housing,33.183904,-80.005573,,
"8401 NW 13th St Gainesville,FL 32653",Whitney,FL-Whitney-8401,"Alachua, FL",Relatively Moderate,RHP Properties (Brookfield),Brookfield Corporation,218,2017,No,Manufactured Housing,29.733896,-82.373909,,
"2700 Rawhide Irving,TX 75060",The Trails at Cimarron,TX-The Trails at Cimarron-2700,"Dallas, TX",Very High,Inspire Communities,Apollo Global Management,218,2022,Fannie Mae,Manufactured Housing,32.784064,-96.970913,,
"111 Jack Street Billings,MT 59101",Meadowlark,MT-Meadowlark-111,"Yellowstone, MT",Relatively Moderate,Havenpark Communities,Havenpark Capital Partners,218,2020,Fannie Mae,Manufactured Housing,45.724958,-108.544581,,
"855 W Jefferson St Grand Ledge,MI 48837",Grand Ledge Ravines,MI-Grand Ledge Ravines-855,"Eaton, MI",Relatively Low,Cambio Communities,Silver Creek Capital,218,N/A,Fannie Mae,Manufactured Housing,42.755099,-84.760737,,
"4465 Boca Way Reno,NV",Donner Springs,NV-Donner Springs-4465,"Washoe, NV",Relatively High,The Carlyle Group,The Carlyle Group,218,N/A,N/A,Manufactured Housing,39.481327,-119.745365,,
"4419 Horseshoe Lake Rd Pontoon Beach,IL 62040",Holiday Estates,IL-Holiday Estates-4419,"Madison, IL",Relatively Moderate,Horizon Land Company,Federal Capital Partners,217,2021,No,Manufactured Housing,38.693585,-90.039152,,
"216 Meadowlark Lane House Springs,MO 63051",Timber Ridge,MO-Timber Ridge-216,"Jefferson, MO",Relatively Moderate,Cambio Communities,Silver Creek Capital,217,N/A,Fannie Mae,Manufactured Housing,38.435634,-90.551168,,
"1812 Yucca St Chesapeake,VA 23324",,VA-1812-Yucca-23324,"Chesapeake, VA",Relatively Low,The Carlyle Group,The Carlyle Group,217,N/A,N/A,Manufactured Housing,36.782992,-76.268857,,
"3700 Buchanan St Riverside,CA 92503",Mission Village,CA-Mission Village-3700,"Riverside, CA",Very High,The Carlyle Group,The Carlyle Group,217,2025,N/A,Manufactured Housing,33.888852,-117.497701,,
"4135 Dolan Dr Flint,MI 48504",Westwood Mobile Home Park,MI-Westwood Mobile Home Park-4135,"Genesee, MI",Relatively Moderate,Homes of America,Alden Global Capital,216,2021,No,Manufactured Housing,43.066169,-83.760144,,
"99 East Green Pines Ave Tooele,UT 84074",Overpass Point,UT-Overpass Point-99,"Tooele, UT",Relatively Low,RHP Properties (Brookfield),Brookfield Corporation,216,2017,No,Manufactured Housing,40.561674,-112.295595,,
"3003 Valmont Rd Boulder,CO 80301",Orchard Grove Land,CO-Orchard Grove Land-3003,"Boulder, CO",Relatively Moderate,Riverstone Communities,Riverstone Capital Partners,216,2015,Fannie Mae,Manufactured Housing,40.032338,-105.252143,,
"4707 Grant Line Rd New Albany,IN 47150",Silver Creek Commons,IN-Silver Creek Commons-4707,"Floyd, IN",Relatively Low,Havenpark Communities,Havenpark Capital Partners,216,2020,N/A,Manufactured Housing,38.353807,-85.815706,,
"1531 Duncanville Rd Dallas,TX",The Alona,TX-The Alona-1531,"Dallas, TX",Very High,Fortress Investment Group,,216,N/A,N/A,Manufactured Housing,32.728443,-96.910779,,
"2507 214th St N Port Byron,IL 62175",Falcon Farms,IL-Falcon Farms-2507,"Rock Island, IL",Relatively Moderate,Yes! Communities,Stockbridge Capital Group,215,2016,No,Manufactured Housing,41.555876,-90.327475,,
"208 N Apple Blossom Peoria,IL 61604",Four Seasons,IL-Four Seasons-208,"Peoria, IL",Relatively Moderate,Yes! Communities,Stockbridge Capital Group,215,N/A,No,Manufactured Housing,40.685487,-89.667305,,
"1113 Indian Creek Trail Garner,NC 27529",Indian Creek Overlook Mobile Home Park,NC-Indian Creek Overlook Mobile Home Park-1113,"Wake, NC",Relatively High,Riverstone Communities,Riverstone Capital Partners,215,N/A,Fannie Mae,Manufactured Housing,35.648711,-78.609323,,
"4641 LASATER RD Mesquite,TX 75181",Rock Creek,TX-Rock Creek-4641,"Dallas, TX",Very High,Crow Holdings,Crow Holdings Capital - Real Estate,215,N/A,No,Manufactured Housing,32.709393,-96.578707,,
"4000 Central Expressway Plano,TX 75074",Spring Creek Village,TX-Spring Creek Village-4000,"Collin, TX",Relatively High,Crow Holdings,Crow Holdings Capital - Real Estate,215,2021,No,Manufactured Housing,33.047807,-96.697667,,
"2400 Crystal Ave. Findlay,OH 45840",Highland Estates,OH-Highland Estates -2400,"Hancock, OH",Relatively Low,RHP Properties (RHP),RHP Properties,215,N/A,No,Manufactured Housing,41.067298,-83.63038,,
"100 Apollo Drive Fayetteville,GA 30214",Four Seasons,GA-Four Seasons-100,"Fayette, GA",Relatively Low,Yes! Communities,Stockbridge Capital Group,214,2013,Freddie Mac,Manufactured Housing,33.518396,-84.530625,,
"7800 Mockingbird Lane North Richland Hills,TX 76180",La Casita,TX-La Casita-7800,"Tarrant, TX",Relatively High,Inspire Communities,Apollo Global Management,214,2021,No,Manufactured Housing,32.854152,-97.204565,,
"4511 Dirt Rd Joplin,MO 64801",Country Acres,MO-Country Acres-4511,"Jasper, MO",Relatively Moderate,Open Management,Open Capital,214,N/A,Freddie Mac,Manufactured Housing,37.114189,-94.45324,,
"400 Parkwood Estates Dr Plant City,FL 33566",Parkwood Estates,FL-Parkwood Estates-400,"Hillsborough, FL",Relatively High,Yes! Communities,Stockbridge Capital Group,213,2023,Fannie Mae,Manufactured Housing,28.028141,-82.063066,,
"771 Mary Jean Ct Dundee,MI 48131",Country Heritage,MI-Country Heritage-771,"Monroe, MI",Relatively Moderate,Yes! Communities,Stockbridge Capital Group,213,2023,Fannie Mae,Manufactured Housing,41.94834,-83.651828,,
"444 California St NW Hutchingson,MN 55350",Country Club Terrace,MN-Country Club Terrace-444,"McLeod, MN",Relatively Low,Havenpark Communities,Havenpark Capital Partners,213,2021,Freddie Mac,Manufactured Housing,44.896637,-94.390382,,
"795 County Rd 1 Palm Harbor,FL 34683",Southwind Mobile Home Park,FL-Southwind Mobile Home Park-795,"Pinellas, FL",Relatively High,Kingsley Management,Kingsley Management,213,2015,N/A,Manufactured Housing,28.056986,-82.767085,,
"601 El Camino Rd Gillette,WY 82716",Eastview,WY-Eastview-601,"Campbell, WY",Relatively Low,RHP Properties (Brookfield),Brookfield Corporation,212,2017,No,Manufactured Housing,44.289146,-105.476712,,
"9380 103rd St Jacksonville,FL 32210",Deerpointe,FL-Deerpointe-9380,"Duval, FL",Relatively High,RHP Properties (Brookfield),Brookfield Corporation,212,2017,No,Manufactured Housing,30.242906,-81.808368,,
"1512 East 5th St Ontario,CA 91764",Fernwood,CA-Fernwood-1512,"San Bernardino, CA",Very High,Inspire Communities,Apollo Global Management,212,2021,No,Manufactured Housing,34.078948,-117.624432,,
"1400 Crescent Blvd Gloucester,NJ 8030",Crescent Mobile Home Park,NJ-Crescent Mobile Home Park-1400,"Camden, NJ",Relatively Moderate,Riverstone Communities,Riverstone Capital Partners,212,N/A,Fannie Mae,Manufactured Housing,39.881836,-75.109995,,
"8400 S 4000 W West Jordan,UT 84044",Villa West,UT-Villa West-8400,"Salt Lake, UT",Relatively High,RHP Properties (Brookfield),Brookfield Corporation,211,2017,No,Manufactured Housing,40.597663,-111.983357,,
"530 Lanier South South Lyon,MI 48178",South Lyon Woods,MI-South Lyon Woods -530,"Oakland, MI",Relatively High,RHP Properties (RHP),RHP Properties,211,N/A,No,Manufactured Housing,42.453681,-83.647019,,
"8400 South 4000 West West Jordan,UT 84088",Villa West,UT-Villa West -8400,"Salt Lake, UT",Relatively High,RHP Properties (RHP),RHP Properties,211,N/A,No,Manufactured Housing,40.597663,-111.983357,,
"100 NE 6 Avenue Homestead,FL 33030",The Board Walk,FL-The Board Walk-100,"Miami-Dade, FL",Very High,Riverstone Communities,Riverstone Capital Partners,210,2009,Fannie Mae,Manufactured Housing,25.4712,-80.467293,,
"7604 Red Arrow Hwy Watervliet,MI 49098",Pleasant View Estates,MI-Pleasant View Estates-7604,"Berrien, MI",Relatively Moderate,Yes! Communities,Stockbridge Capital Group,209,2018,Freddie Mac,Manufactured Housing,42.18614,-86.272609,,
"2600 North Hill Field Rd Layton,UT 84041",Lakeview Estates,UT-Lakeview Estates-2600,"Davis, UT",Relatively Moderate,RHP Properties (Brookfield),Brookfield Corporation,209,2017,No,Manufactured Housing,41.097854,-111.972831,,
"2902 Hancock St Bellevue,NE 68005",Woodland Valley,NE-Woodland Valley-2902,"Sarpy, NE",Relatively Moderate,Horizon Land Company,Federal Capital Partners,209,2021,No,Manufactured Housing,41.127402,-95.893712,,
"1540 Billings St Aurora,CO 80011",Green Acres,CO-Green Acres-1540,"Adams, CO",Relatively Moderate,Havenpark Communities,Havenpark Capital Partners,209,2023,Fannie Mae,Manufactured Housing,39.744062,-104.821455,,
"3001 Country Dr. Little Canada,MN 55117",North Star Estates,MN-North Star Estates -3001,"Ramsey, MN",Relatively High,RHP Properties (RHP),RHP Properties,209,N/A,Freddie Mac,Manufactured Housing,45.0347,-93.092543,,
"5130 ABC Rd #5 Lake Wales,FL 33859",Orange Acres,FL-Orange Acres-5130,"Polk, FL",Relatively High,Legacy Communities,Legacy Communities,209,N/A,N/A,Manufactured Housing,27.842364,-81.659867,,
"38703 North Sheridan Rd Beach Park,IL 60099",Beach Park,IL-Beach Park-38703,"Lake, IL",Relatively High,Yes! Communities,Stockbridge Capital Group,208,N/A,Freddie Mac,Manufactured Housing,42.42374,-87.82476,,
"871 S Main St  Fond Du Lac,WI 54935",The Elms,WI-The Elms-871,"Fond Du Lac, WI",Relatively Low,Yes! Communities,Stockbridge Capital Group,208,2021,Freddie Mac,Manufactured Housing,43.755106,-88.448247,,
"3600 E 88th Ave Thornton,CO 80229",Thortnon Estates,CO-Thortnon Estates-3600,"Adams, CO",Relatively Moderate,RHP Properties (Brookfield),Brookfield Corporation,208,2017,No,Manufactured Housing,39.855081,-104.948821,,
"8466 W Sunset Hills Dr Magna,UT 84044",Sunset Vista,UT-Sunset Vista-8466,"Salt Lake, UT",Relatively High,RHP Properties (Brookfield),Brookfield Corporation,208,2017,No,Manufactured Housing,40.691997,-112.093561,,
"4498 Buford Highway Norcross,GA 30071",Norcross,GA-Norcross -4498,"Gwinnett, GA",Relatively High,RHP Properties (RHP),RHP Properties,208,N/A,Freddie Mac,Manufactured Housing,33.962479,-84.173027,,
"5900 SE 48th St Oklahoma City,OK 73135",Meridian Sooner,OK-Meridian Sooner-5900,"Oklahoma, OK",Relatively High,Yes! Communities,Stockbridge Capital Group,207,2012,Freddie Mac,Manufactured Housing,35.415287,-97.418721,,
"7204 Larkspur Lane Powell,TN 37849",Woodland Meadows,TN-Woodland Meadows-7204,"Knox, TN",Relatively Moderate,Yes! Communities,Stockbridge Capital Group,207,2008,Fannie Mae,Manufactured Housing,36.017418,-84.040472,,
"12451 Pendleton Pike Indianapolis,IN 46236",Maplewood,IN-Maplewood-12451,"Marion, IN",Relatively High,RHP Properties (RHP),RHP Properties,207,2024,No,Manufactured Housing,39.882716,-85.94553,,
"1303 Sugar Tree Ct Caro,MI",Sugar Tree Estates,MI-Sugar Tree Estates-1303,"Tuscola, MI",Relatively Low,Havenpark Communities,Havenpark Capital Partners,207,N/A,N/A,Manufactured Housing,43.502896,-83.38147,,
"2606 Seattle Slew Way Sevierville,TN 37876",The Stables,TN-The Stables-2606,"Sevier, TN",Relatively Low,Yes! Communities,Stockbridge Capital Group,206,2008,Fannie Mae,Manufactured Housing,35.920437,-83.671985,,
"13965 Skyfrost Lane Dallas,TX 75253",Amber Village,TX-Amber Village-13965,"Dallas, TX",Very High,Yes! Communities,Stockbridge Capital Group,206,2008,Fannie Mae,Manufactured Housing,32.689571,-96.576947,,
"8903 CE King Parkway Houston,TX 77044",King Parkway,TX-King Parkway-8903,"Harris, TX",Very High,Inspire Communities,Apollo Global Management,206,N/A,No,Manufactured Housing,29.803502,-95.434604,,
"1512 Highway 54 West Fayetteville,GA 30214",Marnelle,GA-Marnelle-1512,"Fayette, GA",Relatively Low,Yes! Communities,Stockbridge Capital Group,205,2013,Fannie Mae,Manufactured Housing,33.440577,-84.525362,,
"200 Bass Cir Winter Haven,FL 33881",Cypress Shores,FL-Cypress Shores-200,"Polk, FL",Relatively High,RHP Properties (Brookfield),Brookfield Corporation,205,2017,No,Manufactured Housing,28.063441,-81.766224,,
"206 Orange Manor Drive Wnter Haven,FL 33884",Orange Manor East MH Park,FL-Orange Manor East MH Park-206,"Polk, FL",Relatively High,Treehouse Communities,The Blackstone Group,205,2019,Fannie Mae,Manufactured Housing,27.965383,-81.697104,,
"2400 5th Ave S Fargo,ND 58103",Countryside Estates,ND-Countryside Estates-2400,"Cass, ND",Relatively Moderate,Havenpark Communities,Havenpark Capital Partners,205,2021,Fannie Mae,Manufactured Housing,46.866226,-96.818298,,
"935 E 3000 N Layton,UT 84040",Quail Ridge,UT-Quail Ridge-935,"Davis, UT",Relatively Moderate,RHP Properties (Brookfield),Brookfield Corporation,204,2017,No,Manufactured Housing,41.102552,-111.948464,,
"400 HIckory St Fort Collins,CO 80524",Hickory Village,CO-Hickory Village-400,"Larimer, CO",Relatively Moderate,Havenpark Communities,Havenpark Capital Partners,204,2021,Fannie Mae,Manufactured Housing,40.605317,-105.083784,,
"3139 E Sahara Las Vegas,NV 89104",Sierra Vista,NV-Sierra Vista-3139,"Clark, NV",Very High,Havenpark Communities,Havenpark Capital Partners,204,2022,Fannie Mae,Manufactured Housing,36.141838,-115.107851,,
"440 68th Street SW Grand Rapids,MI 49548",Holiday Estates,MI-Holiday Estates -440,"Kent, MI",Relatively Moderate,RHP Properties (RHP),RHP Properties,204,N/A,No,Manufactured Housing,42.839632,-85.674325,,
"9 Pinetree Road Lawrenceville,GA 30043",Friendly Village,GA-Friendly Village-9,"Gwinnett, GA",Relatively High,Yes! Communities,Stockbridge Capital Group,203,2014,Fannie Mae,Manufactured Housing,33.975576,-84.084975,,
"3290 North Martha St Sioux City,IA 51105",Tallview Terrace,IA-Tallview Terrace-3290,"Woodbury, IA",Relatively Moderate,Yes! Communities,Stockbridge Capital Group,203,2020,Freddie Mac,Manufactured Housing,42.525694,-96.36084,,
"9919 Highway 78 Ladson,SC 29456",Sweetgrass Estates,SC-Sweetgrass Estates-9919,"Charleston, SC",Relatively High,Yes! Communities,Stockbridge Capital Group,203,2016,Freddie Mac,Manufactured Housing,32.997661,-80.116516,,
"201 Palm Dr Tampa,FL 33613",Rose Lake Estates,FL-Rose Lake Estates-201,"Hillsborough, FL",Relatively High,Inspire Communities,Apollo Global Management,203,2021,Freddie Mac,Manufactured Housing,28.079805,-82.460195,,
"1110 Indian Trail Harker Heights,TX 76548",Indian Trail Estates,TX-Indian Trail Estates-1110,"Bell, TX",Relatively Moderate,Impact Communities,MHP Funds,203,N/A,Freddie Mac,Manufactured Housing,31.070237,-97.64504,,
"4420 North 19th St Lincoln,NE 68521",Mark IV Manufactured Home Community,NE-Mark IV Manufactured Home Community-4420,"Lancaster, NE",Relatively Moderate,Impact Communities,MHP Funds,203,N/A,Freddie Mac,Manufactured Housing,40.855211,-96.693066,,
"1710 N Pinewood Dr Idaho Falls,ID",Pine Estates Mobile Home Park,ID-Pine Estates Mobile Home Park-1710,"Bonneville, ID",Relatively Moderate,Havenpark Communities,Havenpark Capital Partners,203,2024,N/A,Manufactured Housing,43.517124,-111.990137,,
"3020 South US Highway 1 Fort Pierce,FL 34982",Savannas Ridge,FL-Savannas Ridge-3020,"St. Lucie, FL",Relatively High,Yes! Communities,Stockbridge Capital Group,202,N/A,No,Manufactured Housing,27.413871,-80.326761,,
"6500 Privette Rd Wendell,NC 27591",Deerhurst,NC-Deerhurst-6500,"Wake, NC",Relatively High,Yes! Communities,Stockbridge Capital Group,202,2016,Fannie Mae,Manufactured Housing,35.8427,-78.410084,,
"8101 Sue Drive Ooltewah,TN 37363",Ponderosa Pines,TN-Ponderosa Pines-8101,"Hamilton, TN",Relatively Moderate,Yes! Communities,Stockbridge Capital Group,202,2008,Freddie Mac,Manufactured Housing,35.058902,-85.107424,,
"3406 Mynatt Rd Knoxville,TN 37918",Northridge Estates,TN-Northridge Estates-3406,"Knox, TN",Relatively Moderate,Yes! Communities,Stockbridge Capital Group,202,2008,Fannie Mae,Manufactured Housing,36.059471,-83.929452,,
"15601 N 19th Ave Phoenix,AZ 85023",Turf Mobile Manor,AZ-Turf Mobile Manor-15601,"Maricopa, AZ",Very High,Havenpark Communities,Havenpark Capital Partners,202,2021,Fannie Mae,Manufactured Housing,33.627466,-112.098304,,
"8567 Michael Lane Fairfield,OH 45014",Fairfield Acres,OH-Fairfield Acres-8567,"Butler, OH",Relatively Moderate,Havenpark Communities,Havenpark Capital Partners,202,2018,Fannie Mae,Manufactured Housing,39.337392,-84.527359,,
"3023 S. Dupont Blvd. Smyrna,DE 19977",Ridgewood Manor,DE-Ridgewood Manor -3023,"Kent, DE",Relatively Moderate,RHP Properties (RHP),RHP Properties,202,N/A,Freddie Mac,Manufactured Housing,39.261458,-75.585787,,
"4945 Mark Dabling Boulevard Colorado Springs,CO 80918",Crestline Manor,CO-Crestline Manor -4945,"El Paso, CO",Relatively Moderate,RHP Properties (RHP),RHP Properties,202,N/A,Freddie Mac,Manufactured Housing,38.901437,-104.823814,,
"94 Sammy Dr Fairfield,OH",Fairfield Acres,OH-Fairfield Acres-94,"Butler, OH",Relatively Moderate,Havenpark Communities,Havenpark Capital Partners,202,2019,N/A,Manufactured Housing,39.340294,-84.527024,,
"500 South Chaffee Road Jacksonville,FL 32221",Crystal Springs Estates,FL-Crystal Springs Estates-500,"Duval, FL",Relatively High,Yes! Communities,Stockbridge Capital Group,201,2016,Fannie Mae,Manufactured Housing,30.307297,-81.851457,,
"341 Canterbury Way Greenville,TX 75401",Timberglen,TX-Timberglen-341,"Hunt, TX",Relatively Moderate,Yes! Communities,Stockbridge Capital Group,201,2008,Freddie Mac,Manufactured Housing,33.143805,-96.07176,,
"1 Silver Circle Manteno,IL 60950",Maple Valley,IL-Maple Valley-1,"Kankakee, IL",Relatively Moderate,Hometown America,Calzada Capital Partners,201,2012,No,Manufactured Housing,41.254742,-87.826172,,
"6539 Townsend Rd Jacksonville,FL 32244",Jamestown Estates,FL-Jamestown Estates-6539,"Duval, FL",Relatively High,Inspire Communities,Apollo Global Management,201,2019,No,Manufactured Housing,30.219221,-81.750648,,
"2701 E Allred Ave Mesa,AZ 85204",Mesa Vilalge,AZ-Mesa Vilalge-2701,"Maricopa, AZ",Very High,Treehouse Communities,The Blackstone Group,201,2019,Freddie Mac,Manufactured Housing,33.411803,-111.77348,,
"3059 Bixler Rd Newfane,NY 14108",Countryside Estates,NY-Countryside Estates-3059,"Niagara, NY",Relatively Moderate,Horizon Land Company,Federal Capital Partners,201,N/A,Fannie Mae,Manufactured Housing,43.266485,-78.696784,,
"3985 State Route 5 Canandaigua,NY 14424",Heron Landing,NY-Heron Landing-3985,"Ontario, NY",Relatively Low,Windward Communities,Green Courte Partners,201,N/A,Freddie Mac,Manufactured Housing,42.865035,-77.219937,,
"46440 Kay Drive Lexington Park,MD 20653",St. Clements Crossing,MD-St. Clements Crossing -46440,"St. Mary's, MD",Very Low,RHP Properties (RHP),RHP Properties,201,N/A,No,Manufactured Housing,38.258197,-76.470755,,
"2305 E 19th St N Newton,IA 50208",Sunrise Terrace,IA-Sunrise Terrace-2305,"Jasper, IA",Relatively Low,Yes! Communities,Stockbridge Capital Group,200,2020,Freddie Mac,Manufactured Housing,41.722768,-93.032445,,
"6555 Old Lake Wilson Road Davenport,FL 33896",Sunlake Terrace Estates,FL-Sunlake Terrace Estates-6555,"Polk, FL",Relatively High,Yes! Communities,Stockbridge Capital Group,200,2008,Fannie Mae,Manufactured Housing,28.246176,-81.566687,,
"4901 Pleasant Ridge Dr Evansville,IN 47711",Pleasant Ridge,IN-Pleasant Ridge-4901,"Vanderburgh, IN",Relatively Moderate,Yes! Communities,Stockbridge Capital Group,200,2021,No,Manufactured Housing,38.02488,-87.494678,,
"10500 Lapeer Rd Davison,MI 48423",Old Orchard,MI-Old Orchard-10500,"Genesee, MI",Relatively Moderate,Yes! Communities,Stockbridge Capital Group,200,2016,Fannie Mae,Manufactured Housing,43.017681,-83.499419,,
"2390 West Moore Ave Terrell,TX 75160",Terrell Crossing,TX-Terrell Crossing-2390,"Kaufman, TX",Relatively Low,Yes! Communities,Stockbridge Capital Group,200,2008,Fannie Mae,Manufactured Housing,32.738912,-96.312565,,
"7109 W Loop 1604 N San Antonio,TX 78254",Northwest Trails,TX-Northwest Trails-7109,"Bexar, TX",Relatively High,Yes! Communities,Stockbridge Capital Group,200,2023,Fannie Mae,Manufactured Housing,29.505809,-98.699981,,
"9387 US Hwy 31 Berrien Springs,MI 49103",River Grove Estates,MI-River Grove Estates-9387,"Berrien, MI",Relatively Moderate,Homes of America,Alden Global Capital,200,2021,No,Manufactured Housing,41.979126,-86.373686,,
"28362 Bradshire Rd Hayward,CA 94545",Eden Roc,CA-Eden Roc-28362,"Alameda, CA",Very High,Hometown America,Calzada Capital Partners,200,2020,Fannie Mae,Manufactured Housing,37.619898,-122.088635,,
"3753 N 900 W Cromwell,IN 46732",Stone Ridge Estates,IN-Stone Ridge Estates-3753,"Noble, IN",Relatively Low,Homes of America,Alden Global Capital,200,2021,No,Manufactured Housing,41.406687,-85.604426,,
"5400 Collins Rd Jacksonville,FL 32244",Continental Village,FL-Continental Village-5400,"Duval, FL",Relatively High,Inspire Communities,Apollo Global Management,200,2019,Fannie Mae,Manufactured Housing,30.199217,-81.722123,,
"11511 Bluewater Highway Freeport,TX 77541",Blue Water RV Resort,TX-Blue Water RV Resort-11511,"Brazoria, TX",Relatively Moderate,Inspire Communities,Apollo Global Management,200,N/A,No,Manufactured Housing,29.057522,-95.144078,,
"383 Briarwood Rd Meridian,MS 39305",Hill Country,MS-Hill Country-383,"Lauderdale, MS",Relatively Moderate,Inspire Communities,Apollo Global Management,200,2021,No,Manufactured Housing,32.47394,-88.660504,,
"767 Barrys Way Huffman,TX 77336",Lakewood Village,TX-Lakewood Village-767,"Harris, TX",Very High,Inspire Communities,Apollo Global Management,200,N/A,Fannie Mae,Manufactured Housing,30.02639,-95.10699,,
"1 John St Indianola,IA 50125",North American Moble Home Park,IA-North American Moble Home Park-1,"Warren, IA",Very Low,Havenpark Communities,Havenpark Capital Partners,200,N/A,Fannie Mae,Manufactured Housing,41.339637,-93.558846,,
"1200 Whittington Dr Madisonville,KY 42431",Elk Creek,KY-Elk Creek-1200,"Hopkins, KY",Relatively Low,Sunrise Communities,Sunrise Communities,200,N/A,Fannie Mae,Manufactured Housing,37.341912,-87.487531,,
"4181 Silver Dome Road Denton,TX 76208",Woodhaven,TX-Woodhaven-4181,"Denton, TX",Relatively High,Crow Holdings,Crow Holdings Capital - Real Estate,200,2021,No,Manufactured Housing,33.253339,-97.08513,,
"10301 West Greenfield Avenue West Allis,WI 53214",Lincoln Park,WI-Lincoln Park -10301,"Milwaukee, WI",Relatively High,RHP Properties (RHP),RHP Properties,200,N/A,No,Manufactured Housing,43.01602,-88.041024,,
"1232 West Rock River Road West Valley City,UT 84119",Riverside,UT-Riverside -1232,"Salt Lake, UT",Relatively High,RHP Properties (RHP),RHP Properties,200,N/A,No,Manufactured Housing,40.693356,-111.927472,,
"1219 West 450 North Clearfield,UT 84015",Sundown,UT-Sundown -1219,"Davis, UT",Relatively Moderate,RHP Properties (RHP),RHP Properties,200,N/A,No,Manufactured Housing,41.119834,-112.04907,,
"700 S 12h St Bismark,ND 58504",Holiday Estates,ND-Holiday Estates-700,"Burleigh, ND",Relatively Moderate,Open Management,Open Capital,200,N/A,Fannie Mae,Manufactured Housing,46.797916,-100.775029,,
"2700 Brookpark Rd Cleveland,OH 44134",Parma Estates,OH-Parma Estates-2700,"Cuyahoga, OH",Relatively High,Open Management,Open Capital,200,N/A,Fannie Mae,Manufactured Housing,41.419201,-81.701709,,
"100 S Westwood St Porterville,CA 93257",Westwood Village,CA-Westwood Village-100,"Tulare, CA",Relatively High,Legacy Communities,Legacy Communities,200,N/A,N/A,Manufactured Housing,36.064531,-119.070129,,
"701 Mill Street North Lewisburg,OH 43060",Meadows of North Lewisburg,OH-Meadows of North Lewisburg-701,"Champaign, OH",Very Low,Sunrise Communities,Sunrise Communities,200,N/A,N/A,Manufactured Housing,40.215715,-83.569096,,
"340 E Levi Rd Warsaw,IN 46582",Whispering Pines Mobile Home Park,IN-Whispering Pines Mobile Home Park -340,"Kosciusko, IN",Relatively Low,MHC Capital,MHC Capital,200,N/A,N/A,Manufactured Housing,41.323328,-85.696151,,
"211 Howe Ln Loganville,GA",Gwinnett Estates,GA-Gwinnett Estates-211,"Gwinnett, GA",Relatively High,Riverstone Communities,Riverstone Capital Partners,200,2006,N/A,Manufactured Housing,33.855197,-83.94522,,
"6071 Jefferson Ave Newport News,VA 23605",Circle Mobile Home Park,VA-Circle Mobile Home Park-6071,"Newport News, VA",Relatively Low,Riverstone Communities,Riverstone Capital Partners,200,2015,N/A,Manufactured Housing,37.018621,-76.446342,,
"8181 NW South River Dr Medley,FL 33166",Medley Mobile Home Park,FL-Medley Mobile Home Park-8181,"Miami-Dade, FL",Very High,Riverstone Communities,Riverstone Capital Partners,200,2014,N/A,Manufactured Housing,25.847582,-80.31469,,
"1708 Bunker Hll Lane Lewisville,TX 75056",Highland Acres,TX-Highland Acres-1708,"Denton, TX",Relatively High,Yes! Communities,Stockbridge Capital Group,199,2008,Fannie Mae,Manufactured Housing,33.037427,-96.939587,,
"1110 Crestwood Drive Lima,OH 45805",Crestwood Estates,OH-Crestwood Estates -1110,"Allen, OH",Relatively Low,RHP Properties (RHP),RHP Properties,199,N/A,No,Manufactured Housing,40.755968,-84.138965,,
"3400 Tiger Lilly Imperial,MO 63052",Quail Run of Imperial,MO-Quail Run of Imperial -3400,"Jefferson, MO",Relatively Moderate,RHP Properties (RHP),RHP Properties,199,N/A,No,Manufactured Housing,38.364498,-90.460969,,
"830 N. Lamb Blvd. Las Vegas,NV 89110",Millennium Estates,NV-Millennium Estates -830,"Clark, NV",Very High,RHP Properties (RHP),RHP Properties,199,N/A,Freddie Mac,Manufactured Housing,36.178293,-115.0852,,
"3510 Bluegrass Park Dr Louisville,KY 40218",Fort Bluegrass,KY-Fort Bluegrass-3510,"Jefferson, KY",Relatively High,Open Management,Open Capital,199,N/A,Fannie Mae,Manufactured Housing,38.191294,-85.675926,,
"2482 Illinois Cir Decatur,IL",Decatur Estates,IL-Decatur Estates-2482,"Macon, IL",Relatively Moderate,Impact Communities,MHP Funds,199,N/A,N/A,Manufactured Housing,39.867675,-88.943326,,
"2208 Kirby Rd Milton,WV 25541",Blue Spruce,WV-Blue Spruce-2208,"Cabell, WV",Relatively Moderate,Inspire Communities,Apollo Global Management,198,2021,No,Manufactured Housing,38.433296,-82.175557,,
"7667 Tara Blvd Jonesboro,GA 30236",Tara Mobile Home Park,GA-Tara Mobile Home Park-7667,"Clayton, GA",Relatively Moderate,Riverstone Communities,Riverstone Capital Partners,198,2014,No,Manufactured Housing,33.545313,-84.373489,,
"4115 S 9 Mile Rd Allegany,NY 14706",Valley View Estates,NY-Valley View Estates-4115,"Cattaraugus, NY",Relatively Moderate,RHP Properties (RHP),RHP Properties,197,N/A,No,Manufactured Housing,42.097987,-78.526779,,
"26235 West Warren Ave Dearborn Heights,MI 48127",Crestwood Estates,MI-Crestwood Estates-26235,"Wayne, MI",Relatively High,Havenpark Communities,Havenpark Capital Partners,196,2018,Fannie Mae,Manufactured Housing,42.340469,-83.299363,,
"1B Chesapeake Mobile Court Hanover,MD 21076",Arundel Meadows,MD-Arundel Meadows -1B,"Anne Arundel, MD",Relatively Moderate,RHP Properties (RHP),RHP Properties,196,N/A,No,Manufactured Housing,39.148786,-76.718434,,
"911 Hale Rd Shelbyville,IN 46176",Westar,IN-Westar-911,"Shelby, IN",Relatively Low,Yes! Communities,Stockbridge Capital Group,195,2021,Freddie Mac,Manufactured Housing,39.513248,-85.796005,,
"2001 South MacArthur Oklahoma City,OK 73128",Golden Rule,OK-Golden Rule-2001,"Oklahoma, OK",Relatively High,Yes! Communities,Stockbridge Capital Group,195,2012,Fannie Mae,Manufactured Housing,35.445035,-97.62153,,
"901 Massachusetts Ave Pensacola,FL 32505",Oakstead Mobile Home Park,FL-Oakstead Mobile Home Park-901,"Escambia, FL",Relatively High,Homes of America,Alden Global Capital,195,2021,No,Manufactured Housing,30.452774,-87.2605,,
"3418 Stella Mare Ln Galveston,TX 77554",Stella Mare RV Resort,TX-Stella Mare RV Resort-3418,"Galveston, TX",Relatively High,Inspire Communities,Apollo Global Management,195,N/A,No,Manufactured Housing,29.240101,-94.882705,,
"9348 Silver Lake Rd Linden,MI 48451",Pine Ridge Mobile Home Park,MI-Pine Ridge Mobile Home Park-9348,"Genesee, MI",Relatively Moderate,Havenpark Communities,Havenpark Capital Partners,195,N/A,Fannie Mae,Manufactured Housing,42.798038,-83.856932,,
"7500 W. Grand River Ave. Brighton,MI 48114",Brighton Village,MI-Brighton Village -7500,"Livingston, MI",Relatively Low,RHP Properties (RHP),RHP Properties,195,N/A,No,Manufactured Housing,42.565829,-83.801856,,
"903 South Main St Hutchins,TX 75141",Quail Run,TX-Quail Run-903,"Dallas, TX",Very High,Yes! Communities,Stockbridge Capital Group,194,2008,Fannie Mae,Manufactured Housing,32.641559,-96.709362,,
"3260 Carson Salt Springs Rd Warren,OH 44481",Blue Water Manor,OH-Blue Water Manor-3260,"Trumbull, OH",Relatively Moderate,Horizon Land Company,Federal Capital Partners,194,N/A,Fannie Mae,Manufactured Housing,41.163824,-80.917717,,
"105 Oak View Hwy. East Hampton,NY 11937",East Hampton Village,NY-East Hampton Village -105,"Suffolk, NY",Relatively High,RHP Properties (RHP),RHP Properties,194,N/A,No,Manufactured Housing,40.977905,-72.188848,,
"11080 North State Road 1 Ossian,IN 46777",Silo Farms,IN-Silo Farms -11080,"Wells, IN",Very Low,RHP Properties (RHP),RHP Properties,194,N/A,No,Manufactured Housing,40.904378,-85.173164,,
"2075 Rustad Ln Mounds View,MN",Colonial Village,MN-Colonial Village-2075,"Ramsey, MN",Relatively High,Havenpark Communities,Havenpark Capital Partners,194,2025,N/A,Manufactured Housing,45.113361,-93.190472,,
"4233 N. Flowing Wells Rd. Tucson,AZ 85705",El Frontier,AZ-El Frontier -4233,"Pima, AZ",Relatively High,RHP Properties (RHP),RHP Properties,193,N/A,No,Manufactured Housing,32.284071,-110.995982,,
"3663 58th Ave N Saint Petersburg,FL 33714",Highland Mobile Home Park,FL-Highland Mobile Home Park-3663,"Pinellas, FL",Relatively High,Homes of America,Alden Global Capital,192,2021,No,Manufactured Housing,27.827016,-82.683172,,
"6000 Greenback Ln Citrus Heights,CA 95621",Creekside Estates,CA-Creekside Estates-6000,"Sacramento, CA",Relatively High,Hometown America,Calzada Capital Partners,192,2015,No,Manufactured Housing,38.679615,-121.324693,,
"433 E 980 N Ogden,UT 84404",Viking Villa,UT-Viking Villa-433,"Weber, UT",Relatively Moderate,RHP Properties (Brookfield),Brookfield Corporation,192,2017,No,Manufactured Housing,41.275487,-111.968329,,
"888 East Shady Lane Neenah,WI 54956",Bridgeview Gardens,WI-Bridgeview Gardens -888,"Winnebago, WI",Relatively Moderate,RHP Properties (RHP),RHP Properties,192,N/A,Fannie Mae,Manufactured Housing,44.234168,-88.479391,,
"9421 E Main St Mesa,AZ",Desert Valley Oasis,AZ-Desert Valley Oasis-9421,"Maricopa, AZ",Very High,Bridge Investment Group,,192,2025,N/A,Manufactured Housing,33.413828,-111.626686,,
"14880 Tamiami Trail Punta Gorda,FL 33955",Sun-N-Shade Campground,FL-Sun-N-Shade Campground-14880,"Charlotte, FL",Relatively High,Riverstone Communities,Riverstone Capital Partners,191,2001,Fannie Mae,Manufactured Housing,26.812602,-81.956691,,
"32200 45th Street Burlington,WI 53105",Wheatland Estates,WI-Wheatland Estates -32200,"Kenosha, WI",Relatively Moderate,RHP Properties (RHP),RHP Properties,191,N/A,Freddie Mac,Manufactured Housing,42.597045,-88.200742,,
"N4791 State Road 25 Menomonie,WI 54751",Birch Terrace,WI-Birch Terrace -N4791,"Dunn, WI",Relatively Low,RHP Properties (RHP),RHP Properties,191,N/A,Fannie Mae,Manufactured Housing,44.826542,-91.924558,,
"7283 Division Ave S Grand Rapids,MI 49548",Prescott Community,MI-Prescott Community-7283,"Kent, MI",Relatively Moderate,Yes! Communities,Stockbridge Capital Group,190,2018,Freddie Mac,Manufactured Housing,42.831887,-85.663465,,
"5712 Martin St Fort Worth,TX 76119",El Lago ,TX-El Lago -5712,"Tarrant, TX",Relatively High,Yes! Communities,Stockbridge Capital Group,190,2008,Fannie Mae,Manufactured Housing,32.687881,-97.233989,,
"6028 McDaniel Lane Charlotte,NC 28213",Charlotte Hills Mobile Home Park,NC-Charlotte Hills Mobile Home Park-6028,"Mecklenburg, NC",Relatively High,Riverstone Communities,Riverstone Capital Partners,190,2015,Fannie Mae,Manufactured Housing,35.26672,-80.761046,,
"292 Auto Lane Princeton,WV 24740",Gardner Estates,WV-Gardner Estates-292,"Mercer, WV",Relatively Low,Homes of America,Alden Global Capital,190,2022,Fannie Mae,Manufactured Housing,37.433596,-81.068273,,
"11 East Village Drive Madison,IN 47250",Madison Village,IN-Madison Village -11,"Jefferson, IN",Relatively Low,RHP Properties (RHP),RHP Properties,190,N/A,Fannie Mae,Manufactured Housing,38.792095,-85.386601,,
"3 S Outer Dr Vienna,OH 44473",Four Seasons,OH-Four Seasons-3,"Trumbull, OH",Relatively Moderate,MHC Capital,MHC Capital,190,N/A,N/A,Manufactured Housing,41.254497,-80.660448,,
"2300 South Lewis St Anaheim,CA 92802",Ponderosa,CA-Ponderosa-2300,"Orange, CA",Very High,Hometown America,Calzada Capital Partners,189,2015,Fannie Mae,Manufactured Housing,33.79107,-117.896447,,
"22111 Newport Ave Grand Terrace,CA 92313",Grand Royal Estates,CA-Grand Royal Estates-22111,"San Bernardino, CA",Very High,Hometown America,Calzada Capital Partners,189,2007,Freddie Mac,Manufactured Housing,34.038521,-117.323111,,
"14 Manor House Lane Lewes,DE 19958",Sussex West,DE-Sussex West -14,"Sussex, DE",Relatively Moderate,RHP Properties (RHP),RHP Properties,189,N/A,No,Manufactured Housing,38.740413,-75.202073,,
"2424 S Cottonwood Ln Tucson,AZ",Verde Plaza,AZ-Verde Plaza-2424,"Pima, AZ",Relatively High,Bridge Investment Group,,189,2025,N/A,Manufactured Housing,32.194422,-110.992036,,
"1501 Ariana St Lakeland,FL 33815",Georgetowne Manor,FL-Georgetowne Manor-1501,"Polk, FL",Relatively High,Inspire Communities,Apollo Global Management,188,2021,No,Manufactured Housing,28.026825,-81.979729,,
"302 Crest Mountain Circle Elliston,VA 24087",Mountain Creek,VA-Mountain Creek-302,"Montgomery, VA",Relatively Low,Inspire Communities,Apollo Global Management,188,2002,No,Manufactured Housing,37.177264,-80.234769,,
"150 Highway 10 Northwest St. Cloud,MN 56304",Cloverleaf,MN-Cloverleaf-150,"Benton, MN",Relatively Low,RHP Properties (RHP),RHP Properties,188,N/A,No,Manufactured Housing,45.570462,-94.141995,,
"6122 S Division Ave Grand Rapids,MI 49548",Kentwood,MI-Kentwood-6122,"Kent, MI",Relatively Moderate,Cambio Communities,Silver Creek Capital,188,N/A,Freddie Mac,Manufactured Housing,42.852868,-85.65855,,
"1955 Quimby Rd San Jose,CA 95122",Eastridge,CA-Eastridge-1955,"Santa Clara, CA",Very High,Hometown America,Calzada Capital Partners,187,2009,No,Manufactured Housing,37.329207,-121.820264,,
"121 Ranchero Way Hayward,CA 94544",Spanish Ranch II,CA-Spanish Ranch II-121,"Alameda, CA",Very High,Hometown America,Calzada Capital Partners,187,2016,No,Manufactured Housing,37.63126,-122.056746,,
"7400 Glen Leaf Drive Shreveport,LA 71129",Glen Leaf Homes & RV Community,LA-Glen Leaf Homes & RV Community-7400,"Caddo, LA",Relatively Moderate,Inspire Communities,Apollo Global Management,187,2003,No,Manufactured Housing,32.435078,-93.885173,,
"6101 89th St Court Puyallup,WA 98371",Harvest Gate,WA-Harvest Gate-6101,"Pierce, WA",Relatively High,Treehouse Communities,The Blackstone Group,187,2017,No,Manufactured Housing,47.175811,-122.34831,,
"3650 Boynton Lane Reno,NV 89502",Lucky Lane,NV-Lucky Lane-3650,"Washoe, NV",Relatively High,Crow Holdings,Crow Holdings Capital - Real Estate,187,2022,No,Manufactured Housing,39.482692,-119.760005,,
"14 Manor House Lane Lewes,DE 19958",Sussex East,DE-Sussex East -14,"Sussex, DE",Relatively Moderate,RHP Properties (RHP),RHP Properties,187,N/A,No,Manufactured Housing,38.740413,-75.202073,,
"3650 Boynton Ln Reno,NV 89502",Lucky Lane Mobile Home Park,NV-Lucky Lane Mobile Home Park-3650,"Washoe, NV",Relatively High,"Legacy Communities,Crow Holdings","Legacy Communities,Crow Holdings Capital - Real Estate",187,2022,N/A,Manufactured Housing,39.482692,-119.760005,,
"13318 South Dixie Hwy Holly,MI 48442",Groveland Manor,MI-Groveland Manor-13318,"Oakland, MI",Relatively High,Yes! Communities,Stockbridge Capital Group,186,2021,Fannie Mae,Manufactured Housing,42.839902,-83.567553,,
"6601 Grissom Rd Denton,TX 76208",Denton Falls,TX-Denton Falls-6601,"Denton, TX",Relatively High,Yes! Communities,Stockbridge Capital Group,186,2008,Fannie Mae,Manufactured Housing,33.203181,-97.062973,,
"Green Bag Road Morgantown,WV 26502",Bluegrass Village,WV-Bluegrass Village-Green,"Monongalia, WV",Relatively Low,Inspire Communities,Apollo Global Management,186,N/A,No,Manufactured Housing,39.608143,-79.943906,,
"1450 North Washington Boulevard Ogden,UT 84404",Washington Estates,UT-Washington Estates-1450,"Weber, UT",Relatively Moderate,RHP Properties (RHP),RHP Properties,186,2024,No,Manufactured Housing,41.284229,-111.964223,,
"1001 Spring Valley Drive Hanahan,SC 29410",Spring Valley,SC-Spring Valley -1001,"Berkeley, SC",Relatively High,RHP Properties (RHP),RHP Properties,186,N/A,Freddie Mac,Manufactured Housing,32.917179,-79.987605,,
"W1211 Meadowview Drive Sullivan,WI 53178",Spacious Acres,WI-Spacious Acres -W1211,"Jefferson, WI",Relatively Low,RHP Properties (RHP),RHP Properties,186,N/A,Fannie Mae,Manufactured Housing,43.040774,-88.589585,,
"1200 N. Lamb Blvd. Las Vegas,NV 89110",Sunrise Oaks,NV-Sunrise Oaks -1200,"Clark, NV",Very High,RHP Properties (RHP),RHP Properties,186,N/A,No,Manufactured Housing,36.183804,-115.085854,,
"3614 Stadium Dr Kalamazoo,MI 49008",Twinleaf,MI-Twinleaf-3614,"Kalamazoo, MI",Relatively Moderate,Yes! Communities,Stockbridge Capital Group,185,2018,Fannie Mae,Manufactured Housing,42.271505,-85.634446,,
"80870 US Highway 111 Indio,CA 92201",Riverdale Estates,CA-Riverdale Estates-80870,"Riverside, CA",Very High,Treehouse Communities,The Blackstone Group,185,2021,No,Manufactured Housing,33.709806,-116.254218,,
"13660 Bonita Beach RD SE Bonita Springs,FL 34135",Sanctuary RV Resort,FL-Sanctuary RV Resort-13660,"Lee, FL",Relatively High,Treehouse Communities,The Blackstone Group,185,2018,No,Manufactured Housing,26.332365,-81.728484,,
"80870 US Hjghway 111 Indio,CA 92201",Indio Riverdale,CA-Indio Riverdale-80870,"Riverside, CA",Very High,Crow Holdings,Crow Holdings Capital - Real Estate,185,2021,No,Manufactured Housing,33.710984,-116.204844,,
"5010 NE Waldo Road Gainesville,FL 32609",Brittany Estates,FL-Brittany Estates-5010,"Alachua, FL",Relatively Moderate,RHP Properties (RHP),RHP Properties,185,N/A,Fannie Mae,Manufactured Housing,29.699462,-82.281859,,
"404 Lazy Branch Dr. Wausau,WI 54401",Lazy Acres,WI-Lazy Acres -404,"Marathon, WI",Relatively Moderate,RHP Properties (RHP),RHP Properties,185,N/A,No,Manufactured Housing,44.966518,-89.705921,,
"1135 West Prince Road Tucson,AZ 85705",Cielo Vista,AZ-Cielo Vista -1135,"Pima, AZ",Relatively High,RHP Properties (RHP),RHP Properties,185,N/A,Freddie Mac,Manufactured Housing,32.271944,-110.992029,,
"106 East Jefferson St Shorewood,IL 60404",Imperial,IL-Imperial-106,"Will, IL",Relatively High,Yes! Communities,Stockbridge Capital Group,184,2021,Freddie Mac,Manufactured Housing,41.522279,-88.198024,,
"3375 E Michigan Ypsilanti,MI 48198",Timberlands,MI-Timberlands-3375,"Washtenaw, MI",Relatively Moderate,Yes! Communities,Stockbridge Capital Group,184,2011,Fannie Mae,Manufactured Housing,42.256545,-83.545362,,
"3000 Stony Brook Dr Raleigh,NC 27604",Stony Brook North,NC-Stony Brook North-3000,"Wake, NC",Relatively High,Yes! Communities,Stockbridge Capital Group,184,2016,Fannie Mae,Manufactured Housing,35.815333,-78.590592,,
"301 Mantle Ave Jackson,MI 49202",Sun Valley Estates,MI-Sun Valley Estates-301,"Jackson, MI",Relatively Low,Open Management,Open Capital,184,N/A,N/A,Manufactured Housing,42.257074,-84.37,,
"8300 Ravine Rd Kalamazoo,MI 49009",Royal Estates,MI-Royal Estates-8300,"Kalamazoo, MI",Relatively Moderate,Yes! Communities,Stockbridge Capital Group,183,2013,Fannie Mae,Manufactured Housing,42.38025,-85.678349,,
"7804 Stanley Rd Powell,TN 37849",Grand Oaks,TN-Grand Oaks-7804,"Knox, TN",Relatively Moderate,Yes! Communities,Stockbridge Capital Group,183,2008,Fannie Mae,Manufactured Housing,36.026329,-84.062767,,
"1322 South Belt Line Rd Dallas,TX 75253",Rolling Hills,TX-Rolling Hills-1322,"Dallas, TX",Very High,Yes! Communities,Stockbridge Capital Group,183,2008,Fannie Mae,Manufactured Housing,32.684043,-96.590854,,
"19515 Frederick Rd Germantown,MD 20876",Middlebrook ,MD-Middlebrook -19515,"Montgomery, MD",Relatively Moderate,Horizon Land Company,Federal Capital Partners,183,2018,Fannie Mae,Manufactured Housing,39.177275,-77.23754,,
"5095 Highland Park Court Winston-Salem,NC 27106",North Forsyth,NC-North Forsyth-5095,"Forsyth, NC",Relatively Moderate,Horizon Land Company,Federal Capital Partners,183,N/A,No,Manufactured Housing,36.169327,-80.315144,,
"2442 Rice St Roseville,MN 55113",Terrace heights,MN-Terrace heights-2442,"Ramsey, MN",Relatively High,Riverstone Communities,Riverstone Capital Partners,183,2000,Fannie Mae,Manufactured Housing,45.015511,-93.101971,,
"183 Pitcher Road Queensbury,NY 12804",Forest Park,NY-Forest Park -183,"Warren, NY",Relatively Low,RHP Properties (Brookfield),Brookfield Corporation,183,N/A,No,Manufactured Housing,43.295589,-73.710062,,
"10201 N 99th Ave Peoria,AZ",Sun City Townhouse Community,AZ-Sun City Townhouse Community-10201,"Maricopa, AZ",Very High,The Carlyle Group,The Carlyle Group,183,N/A,N/A,Manufactured Housing,33.576937,-112.270899,,
"4201 Windsor Place Des Moines,IA 50320",Ewing Trace,IA-Ewing Trace-4201,"Polk, IA",Relatively Moderate,Yes! Communities,Stockbridge Capital Group,182,N/A,Fannie Mae,Manufactured Housing,41.545619,-93.582522,,
"29021 Bouquet Canyon Rd Santa Clarita,CA 91390",Lily of the Valley,CA-Lily of the Valley-29021,"Los Angeles, CA",Very High,Inspire Communities,Apollo Global Management,182,2021,No,Manufactured Housing,34.464554,-118.480657,,
"8125 Russell Lane Cleveland,OH 44144",Millers MHC,OH-Millers MHC-8125,"Cuyahoga, OH",Relatively High,Horizon Land Company,Federal Capital Partners,182,N/A,Fannie Mae,Manufactured Housing,41.450368,-81.741723,,
"7051 Buffalo Trail San Antonio,TX 78238",North Valley,TX-North Valley -7051,"Bexar, TX",Relatively High,RHP Properties (RHP),RHP Properties,182,N/A,No,Manufactured Housing,29.50263,-98.632111,,
"1800 Lakewood Ct Eugene,OR 97402",Lakewood Vista,OR-Lakewood Vista-1800,"Lane, OR",Relatively High,The Carlyle Group,The Carlyle Group,182,N/A,N/A,Manufactured Housing,44.080335,-123.155167,,
"426 Apache Trail Mulberry,FL 33860",Paradise Lakes,FL-Paradise Lakes-426,"Polk, FL",Relatively High,Yes! Communities,Stockbridge Capital Group,181,2023,Fannie Mae,Manufactured Housing,27.919587,-81.978005,,
"1901 West Shady Grove Rd Springdale,AR 72764",Northern Hills,AR-Northern Hills-1901,"Washington, AR",Relatively Moderate,RHP Properties (RHP),RHP Properties,181,2017,No,Manufactured Housing,36.143276,-94.152084,,
"200 Camino Hermosa Toms River,NJ 8755",Friendly Village,NJ-Friendly Village-200,"Ocean, NJ",Relatively High,Horizon Land Company,Federal Capital Partners,181,2018,No,Manufactured Housing,39.965789,-74.217017,,
"7171 W 60th St Davenport,IA 52804",Lakewood Estates,IA-Lakewood Estates-7171,"Scott, IA",Relatively Moderate,Yes! Communities,Stockbridge Capital Group,180,2012,Fannie Mae,Manufactured Housing,41.57672,-90.676024,,
"1630 Balkin Rd Tallahassee,FL 32305",Cascades Village,FL-Cascades Village-1630,"Leon, FL",Relatively Moderate,Inspire Communities,Apollo Global Management,180,2018,Fannie Mae,Manufactured Housing,30.384327,-84.306545,,
"1147 Gary Terrace Odessa,TX 79764",Baron,TX-Baron-1147,"Ector, TX",Relatively Moderate,Inspire Communities,Apollo Global Management,180,N/A,No,Manufactured Housing,31.870484,-102.397522,,
"6 Adventure Rd Louisville,KY 40216",Pioneer Acres,KY-Pioneer Acres-6,"Jefferson, KY",Relatively High,Havenpark Communities,Havenpark Capital Partners,180,N/A,Fannie Mae,Manufactured Housing,38.203197,-85.833653,,
"2808 Tod Ave SW Warren,OH 44485",Villager,OH-Villager-2808,"Trumbull, OH",Relatively Moderate,MHC Capital,MHC Capital,180,N/A,N/A,Manufactured Housing,41.25958,-80.838405,,
"3430 N Peoria Rd Springfield,IL 62702",Northbrook,IL-Northbrook-3430,"Sangamon, IL",Relatively Moderate,Cambio Communities,Silver Creek Capital,180,N/A,Fannie Mae,Manufactured Housing,39.848109,-89.628721,,
"198 Gem Street Springfield,IL 62707",Bissell Village,IL-Bissell Village-198,"Sangamon, IL",Relatively Moderate,Cambio Communities,Silver Creek Capital,180,N/A,Fannie Mae,Manufactured Housing,39.849682,-89.589993,,
"2081 Chaffee Road South Jacksonville,FL 32221",Chaffee Pines,FL-Chaffee Pines-2081,"Duval, FL",Relatively High,Yes! Communities,Stockbridge Capital Group,179,2016,Fannie Mae,Manufactured Housing,30.281179,-81.839253,,
"6160 Davis Rd Saginaw,MI 48604",Saginaw Valley,MI-Saginaw Valley-6160,"Saginaw, MI",Relatively Moderate,Yes! Communities,Stockbridge Capital Group,179,2018,No,Manufactured Housing,43.496602,-83.955917,,
"900 Bybrook Dr Fenton,MO 63026",Greenfield Manor,MO-Greenfield Manor-900,"Jefferson, MO",Relatively Moderate,Horizon Land Company,Federal Capital Partners,179,N/A,No,Manufactured Housing,38.470657,-90.44464,,
"6529 Stone Road New Port Richey,FL 34668",Shalamar Village,FL-Shalamar Village-6529,"Pasco, FL",Relatively High,Crow Holdings,Crow Holdings Capital - Real Estate,179,2021,No,Manufactured Housing,28.28793,-82.706154,,
"1100 South Main St Adrian,MI 49221",Friendly Village,MI-Friendly Village-1100,"Lenawee, MI",Relatively Low,MHC Capital,MHC Capital,179,N/A,N/A,Manufactured Housing,41.883221,-84.043195,,
"2025 East Jemez Rd Los Alamos,NM 87544",Elk Ridge,NM-Elk Ridge-2025,"Los Alamos, NM",Very Low,Yes! Communities,Stockbridge Capital Group,178,2020,Freddie Mac,Manufactured Housing,35.873927,-106.299642,,
"25521 LIncoln Ave Hemet,CA 92544",Pueblo Sereno,CA-Pueblo Sereno-25521,"Riverside, CA",Very High,Inspire Communities,Apollo Global Management,177,2021,No,Manufactured Housing,33.750564,-116.88563,,
"8421 E Main St Mesa,AZ 85207",Brighthaven Estates,AZ-Brighthaven Estates-8421,"Maricopa, AZ",Very High,Treehouse Communities,The Blackstone Group,177,2018,Fannie Mae,Manufactured Housing,33.412006,-111.649179,,
"4032 Bobolink Lane Hiawatha,IA 52233",Tower Terrace,IA-Tower Terrace-4032,"Linn, IA",Relatively Moderate,Horizon Land Company,Federal Capital Partners,177,N/A,No,Manufactured Housing,42.059302,-91.695278,,
"1218 Highway 44 West Shepherdsville,KY 40165",Hickory Acres,KY-Hickory Acres -1218,"Bullitt, KY",Relatively Low,RHP Properties (RHP),RHP Properties,177,N/A,No,Manufactured Housing,38.000092,-85.73365,,
"654 US Hwy 150 East Galesburg,IL 61401",Country Elms,IL-Country Elms -654,"Knox, IL",Relatively Low,RHP Properties (RHP),RHP Properties,177,N/A,No,Manufactured Housing,40.920045,-90.317011,,
"2710 N Farm Rd 137 Springfield,MO 65803",Lakewood Estates,MO-Lakewood Estates-2710,"Greene, MO",Relatively Moderate,Open Management,Open Capital,177,N/A,N/A,Manufactured Housing,37.246286,-93.327836,,
"9301 Volcano Rd NW Albuquerque,NM",West Ridge Park,NM-West Ridge Park-9301,"Bernalillo, NM",Relatively High,Havenpark Communities,Havenpark Capital Partners,177,2024,N/A,Manufactured Housing,35.077743,-106.738694,,
"9252 E Broadway Rd Mesa,AZ",Mesa Sunset,AZ-Mesa Sunset-9252,"Maricopa, AZ",Very High,The Carlyle Group,The Carlyle Group,177,N/A,N/A,Manufactured Housing,33.408945,-111.6312,,
"956 Sumpter Rd Belleville,MI 48111",Belle Villa Lake,MI-Belle Villa Lake-956,"Wayne, MI",Relatively High,Yes! Communities,Stockbridge Capital Group,176,2018,Freddie Mac,Manufactured Housing,42.194506,-83.484523,,
"73 Ashley Cir Flint,MI 48473",Swartz Crest Estates,MI-Swartz Crest Estates-73,"Genesee, MI",Relatively Moderate,Havenpark Communities,Havenpark Capital Partners,176,2022,Fannie Mae,Manufactured Housing,42.960068,-83.846502,,
"1110 Sandusky Rd Jacksonville,IL 62650",Northwood Mobile Home Park,IL-Northwood Mobile Home Park-1110,"Morgan, IL",Relatively Low,RHP Properties (Brookfield),Brookfield Corporation,176,2021,No,Manufactured Housing,39.746062,-90.247934,,
"2512 E B Street Belleville,IL 62221",Meadowbrook,IL-Meadowbrook -2512,"St. Clair, IL",Relatively High,RHP Properties (RHP),RHP Properties,176,N/A,No,Manufactured Housing,38.528068,-89.948568,,
"348 Rainbow Shores Rd Pulaski,NY 13142",Ontario Shores,NY-Ontario Shores-348,"Oswego, NY",Relatively Low,Legacy Communities,Legacy Communities,176,N/A,N/A,Manufactured Housing,43.615592,-76.197346,,
"1003 Oakhill Ave Attleboro,MA 2703",Oakhill,MA-Oakhill-1003,"Bristol, MA",Relatively Moderate,Hometown America,Calzada Capital Partners,175,2006,Fannie Mae,Manufactured Housing,41.90861,-71.266756,,
"2812 Plantaion Rd Concord,NC 28027",Silver Maples,NC-Silver Maples-2812,"Cabarrus, NC",Relatively Moderate,Inspire Communities,Apollo Global Management,175,N/A,No,Manufactured Housing,35.37569,-80.680253,,
"1701 5th Corso Nebraska City,NE 68410",Hidden Oaks,NE-Hidden Oaks-1701,"Otoe, NE",Very Low,Horizon Land Company,Federal Capital Partners,175,N/A,No,Manufactured Housing,40.672111,-95.866674,,
"1000 Park Ave Media,PA 19063",Village Green,PA-Village Green-1000,"Delaware, PA",Relatively Moderate,Windward Communities,Green Courte Partners,175,2023,Fannie Mae,Manufactured Housing,39.911727,-75.392194,,
"1407 N Peach Ave Marshfield,WI 54449",Oak Grove Terrace,WI-Oak Grove Terrace-1407,"Wood, WI",Relatively Low,Impact Communities,MHP Funds,175,N/A,Freddie Mac,Manufactured Housing,44.679433,-90.156115,,
"575 Kohler School Rd New Oxford,PA 17350",New Oxford Commons,PA-New Oxford Commons -575,"Adams, PA",Relatively Low,RHP Properties (RHP),RHP Properties,175,N/A,Fannie Mae,Manufactured Housing,39.844064,-77.081195,,
"6529 Stone Road Port Richey,FL 34668",Shaliimar Village,FL-Shaliimar Village-6529,"Pasco, FL",Relatively High,Legacy Communities,Legacy Communities,175,N/A,N/A,Manufactured Housing,28.28793,-82.706154,,
"16711 Marsh Creek Rd Clayton,CA",Clayton Regency,CA-Clayton Regency-16711,"Contra Costa, CA",Very High,Treehouse Communities,,175,N/A,N/A,Manufactured Housing,37.893308,-121.793437,,
"13501 SE 29th St Choctaw,OK 73020",Timberland,OK-Timberland-13501,"Oklahoma, OK",Relatively High,Yes! Communities,Stockbridge Capital Group,174,2016,Fannie Mae,Manufactured Housing,35.43792,-97.287898,,
"184 Filmore Ave Grand Forks,ND 58201",President's Park,ND-President's Park-184,"Grand Forks, ND",Relatively Low,Yes! Communities,Stockbridge Capital Group,174,2020,Freddie Mac,Manufactured Housing,47.888354,-97.042051,,
"185 Tunnel Circle Christianburg,VA 24073",Massie's Mobile Home Park,VA-Massie's Mobile Home Park-185,"Montgomery, VA",Relatively Low,Homes of America,Alden Global Capital,174,2022,No,Manufactured Housing,37.172972,-80.49811,,
"2036 1st Ave Greeley,CO 80631",Countryside of Greeley,CO-Countryside of Greeley-2036,"Weld, CO",Relatively Moderate,RHP Properties (RHP),RHP Properties,174,2017,No,Manufactured Housing,40.404508,-104.674714,,
"3330 East Old Colony Rd Warsaw,IN 46580",Forest Park,IN-Forest Park-3330,"Kosciusko, IN",Relatively Low,RHP Properties (Brookfield),Brookfield Corporation,174,2017,No,Manufactured Housing,41.228342,-85.807232,,
"800 W Apache Trail Apache Junction,AZ 85120",Skyhaven Estates,AZ-Skyhaven Estates-800,"Pinal, AZ",Relatively Moderate,Treehouse Communities,The Blackstone Group,174,2018,Fannie Mae,Manufactured Housing,33.416738,-111.553032,,
"10644 West Main Rd North East,PA 16428",Valley Village,PA-Valley Village-10644,"Erie, PA",Relatively Moderate,Horizon Land Company,Federal Capital Partners,174,2014,No,Manufactured Housing,42.211504,-79.851151,,
"2201 S Highway 5 McKinney,TX 75069",High Point,TX-High Point-2201,"Collin, TX",Relatively High,Crow Holdings,Crow Holdings Capital - Real Estate,174,2021,Freddie Mac,Manufactured Housing,33.166976,-96.625787,,
"St Rt 49 S Greenville,OH 45331",Sherwood Forest,OH-Sherwood Forest-St,"Darke, OH",Relatively Low,MHC Capital,MHC Capital,174,N/A,N/A,Manufactured Housing,40.323345,-84.495904,,
"1601 East Jackson St Macomb,IL 61455",Kiljordan Meadows,IL-Kiljordan Meadows-1601,"McDonough, IL",Very Low,Inspire Communities,Apollo Global Management,173,2021,No,Manufactured Housing,40.458026,-90.64813,,
"1515 E. Saint Patrick St Rapid City,SD 57703",Silver Leaf MHP,SD-Silver Leaf MHP-1515,"Pennington, SD",Relatively Low,Impact Communities,MHP Funds,173,N/A,No,Manufactured Housing,44.063989,-103.190174,,
"64 Glen Knoll Wylie,TX 75098",Glen Knoll,TX-Glen Knoll -64,"Collin, TX",Relatively High,RHP Properties (RHP),RHP Properties,173,N/A,Freddie Mac,Manufactured Housing,32.995725,-96.555275,,
"1706 North Tennessee Blvd Murfeesboro,TN 37130",Cedar Park,TN-Cedar Park-1706,"Rutherford, TN",Relatively Moderate,Inspire Communities,Apollo Global Management,172,N/A,No,Manufactured Housing,35.869375,-86.368292,,
"14740 Oak Grove Dr Doylestown,OH 44230",Oak Park,OH-Oak Park-14740,"Wayne, OH",Relatively Low,Horizon Land Company,Federal Capital Partners,172,N/A,Fannie Mae,Manufactured Housing,40.978437,-81.660008,,
"394 FM 972 Georgetown,TX 78626",Sunny Creek,TX-Sunny Creek-394,"Williamson, TX",Relatively Moderate,Horizon Land Company,Federal Capital Partners,172,2023,No,Manufactured Housing,30.724559,-97.638423,,
"3809 Bay City Rd Midland,MI 48642",Science City,MI-Science City-3809,"Midland, MI",Relatively Low,Yes! Communities,Stockbridge Capital Group,171,2023,Freddie Mac,Manufactured Housing,43.605231,-84.180875,,
"3075 Dix Highway Lincoln Park,MI 48146",Lincoln Park Mobile Home Village,MI-Lincoln Park Mobile Home Village-3075,"Wayne, MI",Relatively High,Homes of America,Alden Global Capital,171,2022,No,Manufactured Housing,42.239603,-83.194785,,
"6741 Lincoln Ave Buena Park,CA 90620",Buena Villa,CA-Buena Villa-6741,"Orange, CA",Very High,Hometown America,Calzada Capital Partners,171,N/A,No,Manufactured Housing,33.834599,-118.013164,,
"500 Talbot Avenue Canutillo,TX 79835",Gaslight Square,TX-Gaslight Square-500,"El Paso, TX",Relatively High,Inspire Communities,Apollo Global Management,171,N/A,No,Manufactured Housing,31.908256,-106.59301,,
"1 Thornwood Drive Sanford,NC 27330",Thornwood Village,NC-Thornwood Village-1,"Lee, NC",Relatively Low,Horizon Land Company,Federal Capital Partners,171,N/A,No,Manufactured Housing,35.460631,-79.10692,,
"415 Western Avenue SW Faribault,MN 55021",Evergreen Estates,MN-Evergreen Estates -415,"Rice, MN",Relatively Low,RHP Properties (RHP),RHP Properties,171,2022,Fannie Mae,Manufactured Housing,44.283995,-93.302411,,
"9355 Sundown Road Oklahoma City,OK 73127",Overholser Village,OK-Overholser Village-9355,"Canadian, OK",Relatively Moderate,Yes! Communities,Stockbridge Capital Group,170,2012,Fannie Mae,Manufactured Housing,35.480249,-97.67865,,
"8155 South Redwood Rd West Jordan,UT 84088",Brookside,UT-Brookside-8155,"Salt Lake, UT",Relatively High,RHP Properties (Brookfield),Brookfield Corporation,170,2017,No,Manufactured Housing,40.603288,-111.936412,,
"520 West 20th St Pittsburg,KS 66762",Parkview,KS-Parkview-520,"Crawford, KS",Relatively Low,Inspire Communities,Apollo Global Management,170,N/A,No,Manufactured Housing,37.427677,-94.711276,,
"3450 South Interstate Highway 35 East Waxahachie,TX 75156",Pine Meadows,TX-Pine Meadows-3450,"Ellis, TX",Relatively Moderate,Inspire Communities,Apollo Global Management,170,N/A,No,Manufactured Housing,32.367596,-96.865348,,
"12205 Goshen Rd Salem,OH 44460",Colonial Villa ,OH-Colonial Villa -12205,"Mahoning, OH",Relatively Moderate,Horizon Land Company,Federal Capital Partners,170,N/A,Fannie Mae,Manufactured Housing,40.939824,-80.877212,,
"202 Apple Tree Drive Urbana,IL 61802",Woods Edge,IL-Woods Edge-202,"Champaign, IL",Relatively Moderate,Horizon Land Company,Federal Capital Partners,170,2021,No,Manufactured Housing,40.141806,-88.206803,,
"8155 South Redwood Road West Jordan,UT 84088",Brookside,UT-Brookside -8155,"Salt Lake, UT",Relatively High,RHP Properties (RHP),RHP Properties,170,N/A,No,Manufactured Housing,40.603288,-111.936412,,
"2856 W Carleton Rd Hillsdale,MI 49242",Hillsdale Mobile Village,MI-Hillsdale Mobile Village-2856,"Hillsdale, MI",Relatively Low,Knights Communities,Keel Team,170,N/A,Fannie Mae,Manufactured Housing,41.940858,-84.647615,,
"1495 Highway 29 North Athens,GA 30601",Country Corners,GA-Country Corners-1495,"Clarke, GA",Relatively Low,Inspire Communities,Apollo Global Management,169,N/A,Fannie Mae,Manufactured Housing,34.018003,-83.328205,,
"2266  Gulf to Bay Blvd. Clearwater,FL 33765",Boulevard Estates,FL-Boulevard Estates-2266,"Pinellas, FL",Relatively High,RHP Properties (RHP),RHP Properties,169,N/A,No,Manufactured Housing,27.965252,-82.743168,,
"1427 100th St SW Everett,WA",169-Unit Fairway Estates Mobile Home Park,WA-169-Unit Fairway Estates Mobile Home Park-1427,"Snohomish, WA",Relatively High,The Carlyle Group,The Carlyle Group,169,N/A,N/A,Manufactured Housing,47.909855,-122.25427,,
"1217 Madison Street Beaver Dam,WI 53916",Majestic Hills,WI-Majestic Hills -1217,"Dodge, WI",Relatively Low,RHP Properties (RHP),RHP Properties,168,N/A,Fannie Mae,Manufactured Housing,43.439958,-88.858371,,
"3660 S Lapeer Rd Metamora,MI 48455",Ideal Villa,MI-Ideal Villa-3660,"Lapeer, MI",Relatively Low,Cambio Communities,Silver Creek Capital,168,N/A,Fannie Mae,Manufactured Housing,42.951658,-83.313912,,
"1713 West Us Highway 50 O'Fallon,IL 62269",Castle Acres,IL-Castle Acres-1713,"St. Clair, IL",Relatively High,RHP Properties (RHP),RHP Properties,167,N/A,No,Manufactured Housing,38.589719,-89.958579,,
"4820 Old Harrisburg Road Gettysburg,PA 17325",Walnut Grove Commons,PA-Walnut Grove Commons -4820,"Adams, PA",Relatively Low,RHP Properties (RHP),RHP Properties,167,N/A,Fannie Mae,Manufactured Housing,39.941747,-77.154254,,
"4950 W Farm Rd 156 Brookline,MO 65619",Briarwood,MO-Briarwood-4950,"Greene, MO",Relatively Moderate,Open Management,Open Capital,167,N/A,N/A,Manufactured Housing,37.166398,-93.38378,,
"1730 W Quinn Rd Pocatello,ID 83202",Highland Meadows,ID-Highland Meadows-1730,"Bannock, ID",Relatively Low,Kingsley Management,Kingsley Management,167,N/A,N/A,Manufactured Housing,42.905832,-112.488025,,
"153 Lilac Ln Slippery Rock,PA 16057",Brady Hills,PA-Brady Hills-153,"Butler, PA",Relatively Low,MHC Capital,MHC Capital,167,N/A,N/A,Manufactured Housing,40.998538,-79.981675,,
"47 Daydreamers Ln Flat Rock,NC",The Villages,NC-The Villages-47,"Henderson, NC",Relatively Moderate,The Carlyle Group,The Carlyle Group,167,N/A,N/A,Manufactured Housing,35.300631,-82.395608,,
"18-5 Cherry St Port Jervis,NY 12771",Huguenot ,NY-Huguenot -18,"Orange, NY",Relatively Moderate,RHP Properties (Brookfield),Brookfield Corporation,166,2017,No,Manufactured Housing,41.409423,-74.643351,,
"491 C St Chula Vista,CA 91910",Chula Vista Mobile Home Park,CA-Chula Vista Mobile Home Park -491,"San Diego, CA",Very High,Crow Holdings,Crow Holdings Capital - Real Estate,166,2021,No,Manufactured Housing,32.650289,-117.091625,,
"25214 Gratiot Ave Roseville,MI 48066",Leslie's Mobile Home Village,MI-Leslie's Mobile Home Village-25214,"Macomb, MI",Relatively High,Knights Communities,Keel Team,166,N/A,N/A,Manufactured Housing,42.481367,-82.943171,,
"725 West Thornton Hemet,CA 92543",London Spires,CA-London Spires-725,"Riverside, CA",Very High,Inspire Communities,Apollo Global Management,165,2021,No,Manufactured Housing,33.724237,-116.979327,,
"1110 E Coleman Rd Lansing,MI 48906",Kristana Estates,MI-Kristana Estates-1110,"Ingham, MI",Relatively Moderate,TIR Equities,TIR Equities,165,N/A,N/A,Manufactured Housing,42.722153,-84.522895,,
"1700 Sandstone Dr Loveland,CO 80537",Sunset Mobile Home Park,CO-Sunset Mobile Home Park-1700,"Larimer, CO",Relatively Moderate,Legacy Communities,Legacy Communities,165,N/A,N/A,Manufactured Housing,40.404926,-105.051624,,
"16005 N 32nd St Phoenix,AZ 85032",Paradise Valley Ranch Mobile Home Park,AZ-Paradise Valley Ranch Mobile Home Park-16005,"Maricopa, AZ",Very High,Treehouse Communities,The Blackstone Group,164,2019,Fannie Mae,Manufactured Housing,33.632058,-112.010865,,
"1001 Gibraltar Ave Fargo,ND 58102",Riviera Heights,ND-Riviera Heights-1001,"Cass, ND",Relatively Moderate,Open Management,Open Capital,164,2024,Fannie Mae,Manufactured Housing,46.923679,-96.791715,,
"4689 Burkhardt Ave Dayton,OH 45431",Woods Mobile Home Park,OH-Woods Mobile Home Park-4689,"Montgomery, OH",Relatively Moderate,Impact Communities,MHP Funds,164,N/A,Fannie Mae,Manufactured Housing,39.760087,-84.13152,,
"24 Erin Ln Scottsbluff,NE 69361",Scottlbuff Estates,NE-Scottlbuff Estates-24,"Scotts Bluff, NE",Relatively Low,Open Management,Open Capital,164,N/A,N/A,Manufactured Housing,41.855434,-103.641125,,
"164 Bonny Shores Drive Lakeland,FL 33801",Bonny Shores,FL-Bonny Shores-164,"Polk, FL",Relatively High,Legacy Communities,Legacy Communities,164,N/A,Freddie Mac,Manufactured Housing,28.032636,-81.921804,,
"235 W Southern Ave Mesa,AZ",Fiesta Village MH & RV Resort,AZ-Fiesta Village MH & RV Resort-235,"Maricopa, AZ",Very High,Bridge Investment Group,,164,2025,N/A,Manufactured Housing,33.392359,-111.836756,,
"1022 Samuel St Pocatello,ID 83204",The Flamingo,ID-The Flamingo-1022,"Bannock, ID",Relatively Low,Inspire Communities,Apollo Global Management,163,N/A,Freddie Mac,Manufactured Housing,42.837767,-112.403534,,
"11620 Rabbit Run Rd Ottumwa,IA 52501",Valley Village,IA-Valley Village-11620,"Wapello, IA",Relatively Low,Inspire Communities,Apollo Global Management,163,2021,No,Manufactured Housing,40.983351,-92.380777,,
"13740 Pennsylvania Ave Hagerstown,MD 21742",Northaven,MD-Northaven-13740,"Washington, MD",Relatively Low,Horizon Land Company,Federal Capital Partners,163,N/A,Fannie Mae,Manufactured Housing,39.691703,-77.721866,,
"2701 E Main st Reedsburg,WI 53959",Courtyard MHP,WI-Courtyard MHP-2701,"Sauk, WI",Relatively Low,Impact Communities,MHP Funds,163,N/A,No,Manufactured Housing,43.533672,-89.968046,,
"751 10th St E Palmetto,FL 34221",Palm Bay,FL-Palm Bay-751,"Manatee, FL",Relatively High,Kingsley Management,Kingsley Management,163,2015,N/A,Manufactured Housing,27.518253,-82.558104,,
"687 10th St Plainwell,MI 49080","Gun River MHC, East Park","MI-Gun River MHC, East Park-687","Allegan, MI",Relatively Low,MHC Capital,MHC Capital,163,N/A,N/A,Manufactured Housing,42.47182,-85.641182,,
"9429 SE 29th St Midwest City,OK 73110",Village Oaks,OK-Village Oaks-9429,"Oklahoma, OK",Relatively High,Yes! Communities,Stockbridge Capital Group,162,2016,Fannie Mae,Manufactured Housing,35.438545,-97.359117,,
"2345 E Main St Mesa,AZ 85213",Glenhaven Estates,AZ-Glenhaven Estates-2345,"Maricopa, AZ",Very High,Treehouse Communities,The Blackstone Group,162,2018,Fannie Mae,Manufactured Housing,33.413877,-111.780582,,
"156 Delaney Lane Princeton,WV 24739",Delaney Mobile Home Park,WV-Delaney Mobile Home Park-156,"Mercer, WV",Relatively Low,Homes of America,Alden Global Capital,162,2021,No,Manufactured Housing,37.352119,-81.150082,,
"181 Yukon St Princeton,WV 24740",Shadow Wood,WV-Shadow Wood-181,"Mercer, WV",Relatively Low,Homes of America,Alden Global Capital,162,2021,No,Manufactured Housing,37.371084,-81.058175,,
"800 Washington Ave Princeton,WV 24740",Country Roads,WV-Country Roads-800,"Mercer, WV",Relatively Low,Homes of America,Alden Global Capital,162,2021,No,Manufactured Housing,37.377213,-81.092977,,
"4192 Linden Road Flint Township,MI 48507",Linden Place,MI-Linden Place-4192,"Genesee, MI",Relatively Moderate,Cambio Communities,Silver Creek Capital,162,N/A,Fannie Mae,Manufactured Housing,42.96665,-83.771906,,
"1558 W Shawnee Rd Baroda,MI 49101",Shawnee Community,MI-Shawnee Community-1558,"Berrien, MI",Relatively Moderate,Yes! Communities,Stockbridge Capital Group,161,2018,Freddie Mac,Manufactured Housing,41.942864,-86.488623,,
"1802 Tray Lane Kalamazoo,MI 49006",Americana Estates,MI-Americana Estates-1802,"Kalamazoo, MI",Relatively Moderate,Yes! Communities,Stockbridge Capital Group,161,2018,Fannie Mae,Manufactured Housing,42.274743,-85.643258,,
"400 N. Carson Birmingham,AL 35215",Carson Village,AL-Carson Village-400,"Jefferson, AL",Relatively High,Inspire Communities,Apollo Global Management,161,2021,No,Manufactured Housing,33.65882,-86.720701,,
"501 East 63d St N Wichita,KS 67219",Navajo Lake Estates,KS-Navajo Lake Estates-501,"Sedgwick, KS",Relatively High,RHP Properties (RHP),RHP Properties,161,2024,No,Manufactured Housing,37.800166,-97.334022,,
"7400 46th Ave N St. Petersburg,FL 33709",Isles of Palms,FL-Isles of Palms-7400,"Pinellas, FL",Relatively High,Havenpark Communities,Havenpark Capital Partners,161,2023,Fannie Mae,Manufactured Housing,27.812127,-82.742188,,
"3501 Auburn Rd. Auburn Hills,MI 48326",College Heights,MI-College Heights -3501,"Oakland, MI",Relatively High,RHP Properties (RHP),RHP Properties,161,2006,No,Manufactured Housing,42.637734,-83.216457,,
"20179 West Good Hope Road, Box C-4 Lannon,WI 53046",Lannon Estates,WI-Lannon Estates -20179,"Waukesha, WI",Relatively Moderate,RHP Properties (RHP),RHP Properties,161,N/A,Fannie Mae,Manufactured Housing,43.146217,-88.160346,,
"5655 Blueridge Ave Kimball,MI 48074",Somerset Meadows,MI-Somerset Meadows-5655,"St. Clair, MI",Relatively Moderate,Yes! Communities,Stockbridge Capital Group,160,2015,Fannie Mae,Manufactured Housing,42.960914,-82.549227,,
"3900 Route 104 Williamson,NY 14589",Whispering Woods Estates,NY-Whispering Woods Estates-3900,"Wayne, NY",Relatively Low,Horizon Land Company,Federal Capital Partners,160,N/A,Fannie Mae,Manufactured Housing,43.232535,-77.195406,,
"1540 Torun Rd Stevens Point,WI 54481",Recreacres,WI-Recreacres-1540,"Portage, WI",Relatively Low,MHC Capital,MHC Capital,160,N/A,N/A,Manufactured Housing,44.570509,-89.531478,,
"302 Forrest Ave Springfield,IL 62702",Forrest Park,IL-Forrest Park-302,"Sangamon, IL",Relatively Moderate,Cambio Communities,Silver Creek Capital,160,N/A,No,Manufactured Housing,39.805203,-89.617568,,
"3101 River Rd Sodus,MI 49126",Meadow Streams,MI-Meadow Streams-3101,"Berrien, MI",Relatively Moderate,Yes! Communities,Stockbridge Capital Group,159,2021,Freddie Mac,Manufactured Housing,42.055214,-86.399472,,
"862 Powell Dr Thomasville,GA 31757",Twin Oaks Mobile Home Park,GA-Twin Oaks Mobile Home Park-862,"Thomas, GA",Relatively Low,Homes of America,Alden Global Capital,159,2021,No,Manufactured Housing,30.82652,-83.93043,,
"4440 Tuttle Creek Blvd Manhattan,KS 66502",Riverchase,KS-Riverchase-4440,"Riley, KS",Relatively Low,RHP Properties (Brookfield),Brookfield Corporation,159,2017,No,Manufactured Housing,39.242188,-96.592627,,
"4004 Highland Circle Indianapolis,IN 46221",Deerfield Acres,IN-Deerfield Acres-4004,"Marion, IN",Relatively High,Horizon Land Company,Federal Capital Partners,159,N/A,No,Manufactured Housing,39.705105,-86.234137,,
"30802 Pacific Coast Hwy Laguna Beach,CA 92651",Laguna Terrace,CA-Laguna Terrace-30802,"Orange, CA",Very High,Hometown America,Calzada Capital Partners,158,N/A,No,Manufactured Housing,33.518917,-117.756363,,
"120 Crestwood Drive Felton,DE 19943",Canterbury Crossing MHC,DE-Canterbury Crossing MHC-120,"Kent, DE",Relatively Moderate,Horizon Land Company,Federal Capital Partners,158,2012,No,Manufactured Housing,39.0551,-75.554866,,
"10885 North Suncoast Blvd Naples,FL 34449",Gulf Coast RV Resort,FL-Gulf Coast RV Resort-10885,"Citrus, FL",Relatively High,Treehouse Communities,The Blackstone Group,158,N/A,No,Manufactured Housing,29.021142,-82.665261,,
"3435 W St Joseph Street Lansing,MI 48917",Park Terrace,MI-Park Terrace-3435,"Ingham, MI",Relatively Moderate,Cambio Communities,Silver Creek Capital,158,N/A,Freddie Mac,Manufactured Housing,42.724485,-84.598366,,
"4522 West Loop 281 Longview,TX 75604",Western Villa Homes,TX-Western Villa Homes-4522,"Gregg, TX",Relatively Moderate,Inspire Communities,Apollo Global Management,157,2021,Freddie Mac,Manufactured Housing,32.484587,-94.766248,,
"6123 N Dewey Rd Amherst,OH 44001",Amherst Village Estates,OH-Amherst Village Estates-6123,"Lorain, OH",Relatively Moderate,Horizon Land Company,Federal Capital Partners,157,N/A,Fannie Mae,Manufactured Housing,41.413711,-82.203742,,
"17701 Kenyon Rd Lakeville,MN 55044",Queen Ann Courts,MN-Queen Ann Courts-17701,"Dakota, MN",Relatively Moderate,Riverstone Communities,Riverstone Capital Partners,157,2020,Fannie Mae,Manufactured Housing,44.695037,-93.293315,,
"2952 Skyline Drive Indianapolis,IN 46241",Skyway,IN-Skyway -2952,"Marion, IN",Relatively High,RHP Properties (RHP),RHP Properties,157,N/A,Fannie Mae,Manufactured Housing,39.722717,-86.244539,,
"725 S 12th St Bismark,ND 58504",Starcrest Terrace,ND-Starcrest Terrace-725,"Burleigh, ND",Relatively Moderate,Open Management,Open Capital,157,N/A,Fannie Mae,Manufactured Housing,46.796427,-100.770536,,
"63 Sullivan Kilrain Rd Hattiesburg,MS 39402",Bellecrest,MS-Bellecrest-63,"Forrest, MS",Relatively Low,Sunrise Communities,Sunrise Communities,157,N/A,Fannie Mae,Manufactured Housing,31.248043,-89.329873,,
"6801 West 70th St Shreveport,LA 71129",Stonegate,LA-Stonegate-6801,"Caddo, LA",Relatively Moderate,Homes of America,Alden Global Capital,157,N/A,N/A,Manufactured Housing,32.442141,-93.884848,,
"1901 Constitution  Pueblo,CO 81001",Pueblo Pointe MHC,CO-Pueblo Pointe MHC-1901,"Pueblo, CO",Relatively Moderate,Horizon Land Company,Federal Capital Partners,156,N/A,No,Manufactured Housing,38.291625,-104.573105,,
"24303 Woolsey Canyon Road West Hills,CA 91304",Mountain View Village,CA-Mountain View Village-24303,"Los Angeles, CA",Very High,Cove Communities,Montgomery Street Partners,156,N/A,No,Manufactured Housing,34.237273,-118.657211,,
"3401 N. Meadowview Place Muncie,IN 47303",Meadowview Farms,IN-Meadowview Farms -3401,"Delaware, IN",Relatively Low,RHP Properties (RHP),RHP Properties,156,N/A,No,Manufactured Housing,40.220608,-85.356772,,
"6148 S Division Ave Grand Rapids,MI 49548",Green Meadow,MI-Green Meadow-6148,"Kent, MI",Relatively Moderate,Cambio Communities,Silver Creek Capital,156,N/A,Freddie Mac,Manufactured Housing,42.851581,-85.660478,,
"6750 Mangrove Dr Merritt Island,FL 32953",Colony Park Mobile Home Park,FL-Colony Park Mobile Home Park-6750,"Brevard, FL",Relatively High,Homes of America,Alden Global Capital,155,2021,No,Manufactured Housing,28.479598,-80.707653,,
"300 East Prosser Rd Cheyenne,WY 82007",Cimmaron Village,WY-Cimmaron Village-300,"Laramie, WY",Relatively Low,RHP Properties (Brookfield),Brookfield Corporation,155,2017,Fannie Mae,Manufactured Housing,41.106685,-104.79425,,
"4285 E 29th St Des Moines,IA 50317",Stover Heights,IA-Stover Heights-4285,"Polk, IA",Relatively Moderate,Horizon Land Company,Federal Capital Partners,155,2021,No,Manufactured Housing,41.63832,-93.561312,,
"2401 Veterans Memorial Dr. Mount Vernon,IL 62864",Oak Grove Village,IL-Oak Grove Village -2401,"Jefferson, IL",Relatively Low,RHP Properties (RHP),RHP Properties,155,N/A,No,Manufactured Housing,38.299845,-88.923792,,
"4801 Sunset Blvd Lexington,SC 29072",Victorian Lakes,SC-Victorian Lakes-4801,"Lexington, SC",Relatively Moderate,Inspire Communities,Apollo Global Management,154,N/A,Fannie Mae,Manufactured Housing,34.012429,-81.177787,,
"1430 Frontier Valley Dr Austin,TX 78741",Frontier Valley,TX-Frontier Valley-1430,"Travis, TX",Relatively High,Horizon Land Company,Federal Capital Partners,154,2021,No,Manufactured Housing,30.226466,-97.693811,,
"2601 Colley Road, Beloit,WI 53511",Springbrook Village,WI-Springbrook Village -2601,"Rock, WI",Relatively Moderate,RHP Properties (RHP),RHP Properties,154,N/A,No,Manufactured Housing,42.508136,-88.990429,,
"6615 Cleveland Rd Ravenna,OH 44266",Pine Gate MHC,OH-Pine Gate MHC-6615,"Portage, OH",Relatively Low,Horizon Land Company,Federal Capital Partners,153,N/A,Fannie Mae,Manufactured Housing,41.170397,-81.259814,,
"1046 Montclair Avenue Mounds View,MN 55112",Mounds View Manufactured Home Community,MN-Mounds View Manufactured Home Community-1046,"Ramsey, MN",Relatively High,Riverstone Communities,Riverstone Capital Partners,153,2016,Freddie Mac,Manufactured Housing,45.103857,-93.18968,,
"2727 E University Dr Tempe,AZ 85281",Sage Point,AZ-Sage Point-2727,"Maricopa, AZ",Very High,The Carlyle Group,The Carlyle Group,153,2018,Fannie Mae,Manufactured Housing,33.420448,-111.880223,,
"16101 N El Mirage Rd El Mirage,AZ 85335",Coppersun,AZ-Coppersun-16101,"Maricopa, AZ",Very High,The Carlyle Group,The Carlyle Group,153,2020,No,Manufactured Housing,33.628452,-112.322606,,
"3016 Ardmore Ave Mounds View,MN",3016 Ardmore,MN-3016 Ardmore-3016,"Ramsey, MN",Relatively High,Riverstone Communities,Riverstone Capital Partners,153,2016,N/A,Manufactured Housing,45.103065,-93.189018,,
"840 N Idaho Rd Apache Junction,AZ 85119",Sunhaven RV Resort,AZ-Sunhaven RV Resort-840,"Pinal, AZ",Relatively Moderate,Treehouse Communities,The Blackstone Group,152,2018,Fannie Mae,Manufactured Housing,33.422946,-111.546301,,
"1005 River Rd San Marcos,TX 78666",River Ridge MHC,TX-River Ridge MHC-1005,"Hays, TX",Relatively Moderate,Horizon Land Company,Federal Capital Partners,152,2021,No,Manufactured Housing,29.875026,-97.919995,,
"6488 Hwy. 36 Blvd. N. Oakdale,MN 55128",Twenty-Nine Pines,MN-Twenty-Nine Pines -6488,"Washington, MN",Relatively Moderate,RHP Properties (RHP),RHP Properties,152,2018,No,Manufactured Housing,45.026168,-92.975262,,
"2700 W Lakeview Rd Stillwater,OK 74075",Park West Mobile Home Park,OK-Park West Mobile Home Park-2700,"Payne, OK",Relatively Moderate,Homes of America,Alden Global Capital,151,2022,No,Manufactured Housing,36.141011,-97.093857,,
"51555 Monroe Indio,CA 92201",Palmdale Estates,CA-Palmdale Estates-51555,"Riverside, CA",Very High,Treehouse Communities,The Blackstone Group,151,2018,No,Manufactured Housing,33.673774,-116.237551,,
"5112 16th Ave W Williston,ND 58801",Springbrook Meadows,ND-Springbrook Meadows-5112,"Williams, ND",Relatively Low,Inspire Communities,Apollo Global Management,151,2016,Fannie Mae,Manufactured Housing,48.192092,-103.645425,,
"5380 Sands Rd Lothian,MD 20711",Patuxent,MD-Patuxent-5380,"Anne Arundel, MD",Relatively Moderate,Horizon Land Company,Federal Capital Partners,151,2017,Fannie Mae,Manufactured Housing,38.81721,-76.695976,,
"7115 Belhaven Blvd  Charlotte,NC 28216",Belhaven Estates,NC-Belhaven Estates-7115,"Mecklenburg, NC",Relatively High,Horizon Land Company,Federal Capital Partners,151,N/A,No,Manufactured Housing,35.29533,-80.920071,,
"3022 St Route 59 Ravenna,OH 44266",Village Estates,OH-Village Estates-3022,"Portage, OH",Relatively Low,Horizon Land Company,Federal Capital Partners,151,N/A,Fannie Mae,Manufactured Housing,41.155271,-81.285726,,
"1301 N. East Blvd. Vineland,NJ 08360",Vineland Hills,NJ-Vineland Hills -1301,"Cumberland, NJ",Relatively Moderate,RHP Properties (RHP),RHP Properties,151,N/A,No,Manufactured Housing,39.467329,-75.02722,,
"675 Parlanti Ln Sparks,NV",Sierra Royal Mobile Home Park,NV-Sierra Royal Mobile Home Park-675,"Washoe, NV",Relatively High,The Carlyle Group,The Carlyle Group,151,N/A,N/A,Manufactured Housing,39.538921,-119.727441,,
"1410 W Flamingo Ave Nampa,ID 83651",Karcher Mobile Home Park,ID-Karcher Mobile Home Park-1410,"Canyon, ID",Relatively Low,The Carlyle Group,The Carlyle Group,151,N/A,N/A,Manufactured Housing,43.598986,-116.601107,,
"1410 W Flamingo Ave Nampa,ID 83651",Willow Side,ID-Willow Side-1410,"Canyon, ID",Relatively Low,The Carlyle Group,The Carlyle Group,151,2019,N/A,Manufactured Housing,43.598986,-116.601107,,
"3052 North Gary Street New Castle,IN 47362",Golden Pebble,IN-Golden Pebble-3052,"Henry, IN",Relatively Low,Inspire Communities,Apollo Global Management,150,2021,No,Manufactured Housing,39.975856,-85.394538,,
"7333 Pine Forest Rd Pensacola,FL 32526",Silver Lake,FL-Silver Lake-7333,"Escambia, FL",Relatively High,Inspire Communities,Apollo Global Management,150,2022,Fannie Mae,Manufactured Housing,30.498432,-87.308393,,
"916 Georgia Highway 16 East Newnan,GA 30263",Coweta Hills,GA-Coweta Hills-916,"Coweta, GA",Relatively Low,Inspire Communities,Apollo Global Management,150,2015,Fannie Mae,Manufactured Housing,33.408316,-84.838861,,
"1 Hibiscus Ave Mt Dora,FL 32757",Hibiscus Estates,FL-Hibiscus Estates-1,"Lake, FL",Relatively Moderate,Inspire Communities,Apollo Global Management,150,2021,Fannie Mae,Manufactured Housing,28.805735,-81.684112,,
"660 Jeffco Blvd Arnold,MO 63010",Jeffco Estates,MO-Jeffco Estates-660,"Jefferson, MO",Relatively Moderate,Horizon Land Company,Federal Capital Partners,150,N/A,No,Manufactured Housing,38.450118,-90.365556,,
"600 Linden Ave Rochester,NY 14625",Penfield Farms,NY-Penfield Farms-600,"Monroe, NY",Relatively Moderate,Windward Communities,Green Courte Partners,150,2020,No,Manufactured Housing,43.124374,-77.511279,,
"3101 Highway 31 East Tyler,TX 75702",Glascow Trails,TX-Glascow Trails-3101,"Smith, TX",Relatively Moderate,Impact Communities,MHP Funds,150,N/A,Freddie Mac,Manufactured Housing,32.347923,-95.25902,,
"3205 Douglas Ave Kalamazoo,MI 49004",Hillcrest Acres,MI-Hillcrest Acres-3205,"Kalamazoo, MI",Relatively Moderate,Cambio Communities,Silver Creek Capital,150,N/A,No,Manufactured Housing,42.321853,-85.604039,,
"5 Centre Blvd Greenville,SC",Sunbelt Mobile Home Park,SC-Sunbelt Mobile Home Park-5,"Greenville, SC",Relatively Moderate,Riverstone Communities,Riverstone Capital Partners,150,N/A,N/A,Manufactured Housing,34.857132,-82.384384,,
"2600 E Allred Ave Mesa,AZ",Imperial Broadmoor,AZ-Imperial Broadmoor-2600,"Maricopa, AZ",Very High,The Carlyle Group,The Carlyle Group,150,N/A,N/A,Manufactured Housing,33.413166,-111.776976,,
"320 S Windsor Mesa,AZ",Broadmoor,AZ-Broadmoor-320,"Maricopa, AZ",Very High,The Carlyle Group,The Carlyle Group,150,N/A,N/A,Manufactured Housing,33.40962,-111.774873,,
"4500 14th St Plano,TX 75074",Cottonwood Grove,TX-Cottonwood Grove-4500,"Collin, TX",Relatively High,Yes! Communities,Stockbridge Capital Group,149,N/A,Fannie Mae,Manufactured Housing,33.012645,-96.649081,,
"9800 Base Line Rd Rancho Cucamonga,CA 91701",Ramona Villa Estates,CA-Ramona Villa Estates-9800,"San Bernardino, CA",Very High,Hometown America,Calzada Capital Partners,149,N/A,Fannie Mae,Manufactured Housing,34.122714,-117.590359,,
"18 Ledgewood Way Manchester,NH 3104",Ledgewood,NH-Ledgewood-18,"Hillsborough, NH",Relatively Moderate,Hometown America,Calzada Capital Partners,149,2017,Fannie Mae,Manufactured Housing,42.998658,-71.406174,,
"9400 Carson Creek Blvd Del Valle,TX 78617",The Meadows at Carson Creek,TX-The Meadows at Carson Creek-9400,"Travis, TX",Relatively High,Impact Communities,MHP Funds,149,N/A,No,Manufactured Housing,30.225044,-97.669987,,
"862 Henderson Avenue Washington,PA 15301",Washington Estates II,PA-Washington Estates II -862,"Washington, PA",Relatively Moderate,RHP Properties (RHP),RHP Properties,149,N/A,Freddie Mac,Manufactured Housing,40.194729,-80.267773,,
"5900 W. CR 350 N Muncie,IN 47304",Countryview Farms,IN-Countryview Farms-5900,"Delaware, IN",Relatively Low,RHP Properties (RHP),RHP Properties,149,N/A,No,Manufactured Housing,40.241461,-85.45362,,
"4989 N II Route 251 Davis Junction,IL 61020",Rolling Meadows,IL-Rolling Meadows-4989,"Ogle, IL",Relatively Low,Sunrise Communities,Sunrise Communities,149,N/A,N/A,Manufactured Housing,42.092792,-89.076156,,
"1200 Church St Layton,UT 84041",Coppercrest/ Country Village,UT-Coppercrest/ Country Village-1200,"Davis, UT",Relatively Moderate,The Carlyle Group,The Carlyle Group,149,2012,N/A,Manufactured Housing,41.076514,-111.957475,,
"8545 Mission Gorge Rd Santee,CA 92071",Mission Gorge Villa,CA-Mission Gorge Villa-8545,"San Diego, CA",Very High,Hometown America,Calzada Capital Partners,148,2017,Freddie Mac,Manufactured Housing,32.83301,-117.011404,,
"3559 Cossell Rd Indianapolis,IN 46222",Pondarosa Mobile Home Park,IN-Pondarosa Mobile Home Park-3559,"Marion, IN",Relatively High,Homes of America,Alden Global Capital,148,2022,No,Manufactured Housing,39.765593,-86.216881,,
"730 Allen Rd Manhattan,KS 66502",Blue Valley,KS-Blue Valley-730,"Riley, KS",Relatively Low,RHP Properties (Brookfield),Brookfield Corporation,148,2017,No,Manufactured Housing,39.204284,-96.565332,,
"700 West Alta Vista Ave Ottumwa,IA 52501",Leisure Living,IA-Leisure Living-700,"Wapello, IA",Relatively Low,Inspire Communities,Apollo Global Management,148,2021,No,Manufactured Housing,41.037432,-92.41608,,
"730 Allen Road Manhattan,KS 66502",Blue Valley,KS-Blue Valley -730,"Riley, KS",Relatively Low,RHP Properties (RHP),RHP Properties,148,N/A,No,Manufactured Housing,39.204284,-96.565332,,
"16751 Turner Rd Lansing,MI 48906",Valley Estates,MI-Valley Estates-16751,"Clinton, MI",Relatively Low,Cambio Communities,Silver Creek Capital,148,N/A,Fannie Mae,Manufactured Housing,42.773064,-84.555085,,
"201 W Collins Ave Orange,CA 92867",Carriage Mobile Estates,CA-Carriage Mobile Estates-201,"Orange, CA",Very High,Hometown America,Calzada Capital Partners,147,2019,No,Manufactured Housing,33.805582,-117.853589,,
"2 Tina Lane Naples,FL 34104",Endless Summer RV Resort,FL-Endless Summer RV Resort-2,"Collier, FL",Relatively High,Treehouse Communities,The Blackstone Group,147,2019,No,Manufactured Housing,26.154524,-81.734923,,
"63 Manor Hill Drive Eden,WI 53019",Manor Hill,WI-Manor Hill -63,"Fond Du Lac, WI",Relatively Low,RHP Properties (RHP),RHP Properties,147,N/A,Fannie Mae,Manufactured Housing,43.692094,-88.370775,,
"201 N Shady Shores Rd Lake Dallas,TX 75065",Lake Haven Estates,TX-Lake Haven Estates-201,"Denton, TX",Relatively High,Kingsley Management,Kingsley Management,147,N/A,N/A,Manufactured Housing,33.125554,-97.032551,,
"925 West 1st St Craig,CO 81625",Cedar Mountain Village,CO-Cedar Mountain Village-925,"Moffat, CO",Very Low,Impact Communities,MHP Funds,146,N/A,Freddie Mac,Manufactured Housing,40.506726,-107.559332,,
"5400 Freidrich Lane Austin,TX 78744",Paisano,TX-Paisano -5400,"Travis, TX",Relatively High,RHP Properties (RHP),RHP Properties,146,N/A,No,Manufactured Housing,30.20007,-97.756669,,
"2445 Eber Boulevard Melbourne,FL 32904",Quail Run Estates,FL-Quail Run Estates-2445,"Brevard, FL",Relatively High,Legacy Communities,Legacy Communities,146,N/A,N/A,Manufactured Housing,28.048313,-80.660326,,
"1550 North Main St Mansfield,TX 76063",Silver Leaf,TX-Silver Leaf-1550,"Tarrant, TX",Relatively High,Yes! Communities,Stockbridge Capital Group,145,2008,Fannie Mae,Manufactured Housing,32.586926,-97.157799,,
"2000 Maple Run Blvd Clio,MI 48420",Maple Run,MI-Maple Run-2000,"Genesee, MI",Relatively Moderate,RHP Properties (Brookfield),Brookfield Corporation,145,2017,No,Manufactured Housing,43.165288,-83.716975,,
"100 NE 6th Ave Homestead,FL 33030",Boardwalk RV Resort,FL-Boardwalk RV Resort-100,"Miami-Dade, FL",Very High,Riverstone Communities,Riverstone Capital Partners,145,2009,No,Manufactured Housing,25.4712,-80.467293,,
"4015 Tower Ave Superior,WI 54880",Homecroft,WI-Homecroft-4015,"Douglas, WI",Relatively Low,Open Management,Open Capital,145,N/A,Freddie Mac,Manufactured Housing,46.691107,-92.104646,,
"1267 Avenue A Springfield,MI 49037",Avenue A,MI-Avenue A-1267,"Calhoun, MI",Relatively Low,Cambio Communities,Silver Creek Capital,145,N/A,No,Manufactured Housing,42.326151,-85.252036,,
"10026 Horn Rd Sacramento,CA 95827",Colonial Estates,CA-Colonial Estates-10026,"Sacramento, CA",Relatively High,Hometown America,Calzada Capital Partners,144,2015,No,Manufactured Housing,38.576955,-121.319369,,
"26250 E 9th St Highland,CA 92346",Mobile Estates,CA-Mobile Estates-26250,"San Bernardino, CA",Very High,Inspire Communities,Apollo Global Management,144,2021,No,Manufactured Housing,34.115591,-117.231693,,
"199 Western Skies Rd Gallup,NM 87301",Western Skies,NM-Western Skies-199,"McKinley, NM",Relatively Low,Inspire Communities,Apollo Global Management,144,N/A,No,Manufactured Housing,35.50729,-108.807381,,
"3333 28th St SE Bothell,WA 98021",Canyon Park,WA-Canyon Park-3333,"King, WA",Very High,Crow Holdings,Crow Holdings Capital - Real Estate,144,2023,No,Manufactured Housing,47.455329,-122.198115,,
"3333 228th St SE Bothell,WA 98021",Canyon Mobile Park,WA-Canyon Mobile Park-3333,"Snohomish, WA",Relatively High,Crow Holdings,Crow Holdings Capital - Real Estate,144,2023,No,Manufactured Housing,47.792987,-122.189917,,
"20616 Orting Kapowsin Hwy E ,WA 98360",Deer Run Mobile Home Park,WA-Deer Run Mobile Home Park-20616,"Pierce, WA",Relatively High,The Carlyle Group,The Carlyle Group,144,N/A,N/A,Manufactured Housing,47.082112,-122.214289,,
"7148 W Arabian Way West Valley City,UT 84128",Western Estates,UT-Western Estates-7148,"Salt Lake, UT",Relatively High,RHP Properties (Brookfield),Brookfield Corporation,144,2017,N/A,Manufactured Housing,40.712196,-112.061906,,
"2993 Curtis St Des Plaines,IL 60018",Buckhorn Estates,IL-Buckhorn Estates-2993,"Cook, IL",Very High,Yes! Communities,Stockbridge Capital Group,143,2021,Freddie Mac,Manufactured Housing,41.999807,-87.879352,,
"200 Bodcau Loop Bossier City,LA 71112",Plantation Acres,LA-Plantation Acres-200,"Bossier, LA",Relatively Moderate,Inspire Communities,Apollo Global Management,143,2021,No,Manufactured Housing,32.447069,-93.597582,,
"103 Jeff St Berwick,IA 50032",Sunnybrook,IA-Sunnybrook-103,"Polk, IA",Relatively Moderate,Havenpark Communities,Havenpark Capital Partners,143,N/A,Fannie Mae,Manufactured Housing,41.670041,-93.546054,,
"175 N Michigan Ave Coldwater,MI 49036",Trail Tree Village,MI-Trail Tree Village-175,"Branch, MI",Relatively Low,Cambio Communities,Silver Creek Capital,143,N/A,No,Manufactured Housing,41.945866,-84.981061,,
"2343 Dogwood St Liberty,MO 64068",Liberty Village,MO-Liberty Village-2343,"Clay, MO",Relatively Moderate,Cambio Communities,Silver Creek Capital,143,N/A,No,Manufactured Housing,39.294341,-94.378398,,
"5250 W 53rd Ave Arvada,CO 80002",Inspiration Valley,CO-Inspiration Valley-5250,"Jefferson, CO",Relatively High,RHP Properties (Brookfield),Brookfield Corporation,142,2017,Fannie Mae,Manufactured Housing,39.792011,-105.056185,,
"1338 3rd Ave NW Fort Dodge,IA 50501",Palace Park,IA-Palace Park-1338,"Webster, IA",Relatively Low,Horizon Land Company,Federal Capital Partners,142,N/A,No,Manufactured Housing,42.515469,-94.219649,,
"4005 19th St NE  Bismarck,ND 58503",Hay Creek,ND-Hay Creek-4005,"Burleigh, ND",Relatively Moderate,Havenpark Communities,Havenpark Capital Partners,142,2020,Fannie Mae,Manufactured Housing,46.850539,-100.758852,,
"4005 19th St NE Bismarck,ND 58503",Haycreek,ND-Haycreek-4005,"Burleigh, ND",Relatively Moderate,Open Management,Open Capital,142,N/A,Fannie Mae,Manufactured Housing,46.850539,-100.758852,,
"1524 E Burt Dr Columbia,TN 38401",Columbia Mobile Home Communitty,TN-Columbia Mobile Home Communitty-1524,"Maury, TN",Relatively Low,Knights Communities,Keel Team,142,N/A,N/A,Manufactured Housing,35.649781,-87.008719,,
"2752 W North Union Rd Midland,MI 48642",Oakside,MI-Oakside-2752,"Bay, MI",Relatively Low,Cambio Communities,Silver Creek Capital,142,N/A,Freddie Mac,Manufactured Housing,43.612059,-84.159417,,
"739 Daniel Shays Hwy Athol,MA 1331",Miller's Wood and River Bend,MA-Miller's Wood and River Bend-739,"Worcester, MA",Relatively Moderate,Hometown America,Calzada Capital Partners,141,2008,Fannie Mae,Manufactured Housing,42.575906,-72.268922,,
"2200 Harper St Lawrence,KS 66046",Harper Woods,KS-Harper Woods-2200,"Douglas, KS",Relatively Low,RHP Properties (RHP),RHP Properties,141,2024,No,Manufactured Housing,38.945402,-95.212107,,
"155 S 1200 W Orem,UT",Timpanogos Village Mobile Home Park,UT-Timpanogos Village Mobile Home Park-155,"Utah, UT",Relatively High,Bridge Investment Group,,141,2025,Freddie Mac,Manufactured Housing,40.294341,-111.724072,,
"39 Azalea Dr Winter Haven,FL 33881",Lucerne Lakeside,FL-Lucerne Lakeside-39,"Polk, FL",Relatively High,Inspire Communities,Apollo Global Management,140,2017,No,Manufactured Housing,28.064451,-81.712312,,
"2760 S Royal Palm Rd Apache Junction,AZ 85119",Brookhaven RV Resort,AZ-Brookhaven RV Resort-2760,"Pinal, AZ",Relatively Moderate,Treehouse Communities,The Blackstone Group,140,2018,Fannie Mae,Manufactured Housing,33.390542,-111.537599,,
"1329 S Lincoln St Knoxville,IA 50138",Wheel Estates MHC,IA-Wheel Estates MHC-1329,"Marion, IA",Very Low,Horizon Land Company,Federal Capital Partners,140,2021,No,Manufactured Housing,41.309074,-93.105728,,
"8199 Route 5 & 20 Bloomfield,NY 14469",Northrups MHC,NY-Northrups MHC-8199,"Ontario, NY",Relatively Low,Horizon Land Company,Federal Capital Partners,140,N/A,Fannie Mae,Manufactured Housing,42.901489,-77.488,,
"8609 Diamondview Way Knoxville,TN 37931",Volunteer Village,TN-Volunteer Village-8609,"Knox, TN",Relatively Moderate,Horizon Land Company,Federal Capital Partners,140,200,No,Manufactured Housing,35.980982,-84.156326,,
"3520 NW 79th St Miami,FL 33147",Miami Heights Mobile Park,FL-Miami Heights Mobile Park-3520,"Miami-Dade, FL",Very High,Riverstone Communities,Riverstone Capital Partners,140,2018,No,Manufactured Housing,25.845239,-80.254465,,
"2781 2nd Avenue West Palm Beach,FL 33415",Royal Palm Mobile Home Park,FL-Royal Palm Mobile Home Park-2781,"Palm Beach, FL",Relatively High,Riverstone Communities,Riverstone Capital Partners,140,2000,No,Manufactured Housing,26.619974,-80.085412,,
"1475 Peachtree Industrial Blvd Sugar Hill,GA 30518",Peachtree Mobile Home Park,GA-Peachtree Mobile Home Park-1475,"Gwinnett, GA",Relatively High,Riverstone Communities,Riverstone Capital Partners,140,2014,Fannie Mae,Manufactured Housing,34.112533,-84.026304,,
"4831 Bade Dr. Fort Wayne,IN 46816",Stonecrest II,IN-Stonecrest II -4831,"Allen, IN",Relatively Moderate,RHP Properties (RHP),RHP Properties,140,N/A,Fannie Mae,Manufactured Housing,41.020841,-85.075598,,
"124A Yates Circle Aledo,TX 76008",Aledo,TX-Aledo-124A,"Parker, TX",Relatively Moderate,Yes! Communities,Stockbridge Capital Group,139,N/A,Fannie Mae,Manufactured Housing,32.698511,-97.612571,,
"2638 Old State Rd 37 Greenwood,IN 46143",Oak Meadows ,IN-Oak Meadows -2638,"Morgan, IN",Relatively Low,Horizon Land Company,Federal Capital Partners,139,N/A,No,Manufactured Housing,39.438898,-86.391697,,
"3461 Bankhead Highway Douglasville,GA 30134",Plantation Estates,GA-Plantation Estates-3461,"Douglas, GA",Relatively Low,Yes! Communities,Stockbridge Capital Group,138,2014,No,Manufactured Housing,33.797031,-84.653097,,
"4808 South Elwood Ave Tulsa,OK 74107",Cherry Hill,OK-Cherry Hill-4808,"Tulsa, OK",Relatively High,Inspire Communities,Apollo Global Management,138,2021,No,Manufactured Housing,36.093827,-95.995167,,
"5 Ba Mar Drive Stony Point,NY 10980",Ba Mar,NY-Ba Mar -5,"Rockland, NY",Relatively Moderate,RHP Properties (RHP),RHP Properties,138,N/A,No,Manufactured Housing,41.225924,-73.974991,,
"5 Bivona Ln New Windsor,NY 12553",Silver Stream Village,NY-Silver Stream Village-5,"Orange, NY",Relatively Moderate,RHP Properties (Brookfield),Brookfield Corporation,138,2017,N/A,Manufactured Housing,41.48505,-74.095136,,
"900 Century Dr Ogden,UT 84404",Willow Creek Estates,UT-Willow Creek Estates-900,"Weber, UT",Relatively Moderate,RHP Properties (Brookfield),Brookfield Corporation,137,2017,No,Manufactured Housing,41.248604,-111.987783,,
"16 Bivona Ln New Windsor,NY 12553",Silver Stream Village,NY-Silver Stream Village-16,"Orange, NY",Relatively Moderate,RHP Properties (Brookfield),Brookfield Corporation,137,2017,Fannie Mae,Manufactured Housing,41.48431,-74.09504,,
"3522 Bill Sachsenmaier Memorial Dr Avon Park,FL 33825",Reflections on Silver Lake,FL-Reflections on Silver Lake-3522,"Highlands, FL",Relatively Moderate,The Carlyle Group,The Carlyle Group,137,2017,No,Manufactured Housing,27.56806,-81.521651,,
"1 Elise Drive Nanuet,NY 10954",Spring Valley Village,NY-Spring Valley Village -1,"Rockland, NY",Relatively Moderate,RHP Properties (Brookfield),Brookfield Corporation,137,N/A,Fannie Mae,Manufactured Housing,41.110048,-74.033641,,
"N3525 Trieloff Road Fort Atkinson,WI 53538",Oak Ridge,WI-Oak Ridge -N3525,"Jefferson, WI",Relatively Low,RHP Properties (RHP),RHP Properties,137,N/A,No,Manufactured Housing,42.972319,-88.931668,,
"85 Sunflower Road Colorado Springs,CO 80907",Monument Creek,CO-Monument Creek -85,"El Paso, CO",Relatively Moderate,RHP Properties (RHP),RHP Properties,137,N/A,No,Manufactured Housing,38.881906,-104.827888,,
"10487 County Road 4 Swanton,OH 43558",Swanton Meadows,OH-Swanton Meadows-10487,"Fulton, OH",Very Low,MHC Capital,MHC Capital,137,N/A,N/A,Manufactured Housing,41.624172,-83.935469,,
"2757 Tremainsville Rd Toledo,OH 43613",Twinwall MHC,OH-Twinwall MHC-2757,"Lucas, OH",Relatively Moderate,MHC Capital,MHC Capital,137,N/A,N/A,Manufactured Housing,41.711508,-83.610833,,
"1000 Hummingbird Dr DeSoto,TX 75115",Dynamic II,TX-Dynamic II-1000,"Dallas, TX",Very High,Yes! Communities,Stockbridge Capital Group,136,2008,Fannie Mae,Manufactured Housing,32.573079,-96.827949,,
"625 15th St SE Minot,ND 58701",Parkview Mobile Home Park,ND-Parkview Mobile Home Park-625,"Ward, ND",Relatively Low,Homes of America,Alden Global Capital,136,2022,No,Manufactured Housing,48.230423,-101.269017,,
"38791 US Hwy 19 N Tarpon Springs,FL 34689",Tarponaire Mobile Resort,FL-Tarponaire Mobile Resort-38791,"Pinellas, FL",Relatively High,Treehouse Communities,The Blackstone Group,136,2019,No,Manufactured Housing,28.125188,-82.73859,,
"831 N Pontiac Trail Walled Lake,MI 48390",Fawn Lake Estates,MI-Fawn Lake Estates-831,"Oakland, MI",Relatively High,Havenpark Communities,Havenpark Capital Partners,136,2022,Fannie Mae,Manufactured Housing,42.539109,-83.486838,,
"216 Deer Run Evansville,IN 47712",Twin Lakes,IN-Twin Lakes -216,"Posey, IN",Relatively Low,RHP Properties (RHP),RHP Properties,136,N/A,Fannie Mae,Manufactured Housing,37.925008,-87.704022,,
"500 East 50th Street South Wichita,KS 67216",Glen Acres,KS-Glen Acres -500,"Sedgwick, KS",Relatively High,RHP Properties (RHP),RHP Properties,136,N/A,No,Manufactured Housing,37.603109,-97.331901,,
"1150 West Prince Road Tucson,AZ 85705",Crescent Manor,AZ-Crescent Manor -1150,"Pima, AZ",Relatively High,RHP Properties (RHP),RHP Properties,136,N/A,No,Manufactured Housing,32.273613,-110.992213,,
"12300 W Lilac Ave Santa Ana,CA 92704",Stoneridge MHP,CA-Stoneridge MHP-12300,"Orange, CA",Very High,Kingsley Management,Kingsley Management,136,N/A,N/A,Manufactured Housing,33.730865,-117.915781,,
"301 South Coppell Rd Coppell,TX 75019",Golden Triangle,TX-Golden Triangle-301,"Dallas, TX",Very High,Yes! Communities,Stockbridge Capital Group,135,2014,Fannie Mae,Manufactured Housing,32.964807,-97.008863,,
"3801 Lake Dr Pontoon Beach,IL 62040",Village Green Commons,IL-Village Green Commons-3801,"Madison, IL",Relatively Moderate,Horizon Land Company,Federal Capital Partners,135,2021,No,Manufactured Housing,38.724296,-90.075759,,
"2366 N Long Lake Rd Fenton,MI 48430",Lake Fenton Estates,MI-Lake Fenton Estates-2366,"Genesee, MI",Relatively Moderate,Havenpark Communities,Havenpark Capital Partners,135,2013,Fannie Mae,Manufactured Housing,42.860919,-83.719497,,
"1313 N Minnesota Ave Brownsille,TX 78521",Gulf Breeze,TX-Gulf Breeze-1313,"Cameron, TX",Relatively High,Impact Communities,MHP Funds,135,2016,Freddie Mac,Manufactured Housing,25.932115,-97.431713,,
"1866 N. Eastown Rd. Lima,OH 45807",Hunter's Chase,OH-Hunter's Chase -1866,"Allen, OH",Relatively Low,RHP Properties (RHP),RHP Properties,135,N/A,No,Manufactured Housing,40.763714,-84.164034,,
"32 Camelot Lane Rice Lake,WI 54868",Camelot Acres,WI-Camelot Acres -32,"Barron, WI",Relatively Low,RHP Properties (RHP),RHP Properties,135,N/A,Fannie Mae,Manufactured Housing,45.468371,-91.730547,,
"2136 20 1/18th Avenue Rice Lake,WI 54868",Lakeshore Terrace,WI-Lakeshore Terrace -2136,"Barron, WI",Relatively Low,RHP Properties (RHP),RHP Properties,135,N/A,Fannie Mae,Manufactured Housing,45.519692,-91.826575,,
"2100 South Scott Blvd Iowa City,IA 52240",Sunrise Vilalge,IA-Sunrise Vilalge-2100,"Johnson, IA",Relatively Moderate,Havenpark Communities,Havenpark Capital Partners,134,2019,Fannie Mae,Manufactured Housing,41.63725,-91.480821,,
"728 N. Lake Dr Ishpeming,MI 49849",Sunnyside & Forest Lane Manufactured Home Community,MI-Sunnyside & Forest Lane Manufactured Home Community-728,"Marquette, MI",Relatively Low,Impact Communities,MHP Funds,134,N/A,No,Manufactured Housing,46.487606,-87.704546,,
"98 Breneman Road Manheim,PA 17545",Ridgewood Manor,PA-Ridgewood Manor -98,"Lancaster, PA",Relatively High,RHP Properties (RHP),RHP Properties,134,N/A,Freddie Mac,Manufactured Housing,40.128343,-76.468085,,
"291 Roland Lane and 501 Roland Lane Kyle,TX 78640",Hidden Trails on Roland,TX-Hidden Trails on Roland-291,"Hays, TX",Relatively Moderate,Horizon Land Company,Federal Capital Partners,133,2021,No,Manufactured Housing,29.957534,-97.883682,,
"3526 North Cascade Colorado Springs,CO 80907",Shangri-La MHP,CO-Shangri-La MHP-3526,"El Paso, CO",Relatively Moderate,Riverstone Communities,Riverstone Capital Partners,133,N/A,Fannie Mae,Manufactured Housing,38.88422,-104.825286,,
"4800 Kelly Elliott Rd Arlington,TX 76017",Forest Acres,TX-Forest Acres-4800,"Tarrant, TX",Relatively High,Horizon Land Company,Federal Capital Partners,133,2021,No,Manufactured Housing,32.669007,-97.178296,,
"2430 Mary Street Marinette,WI 54143",Parkview Terrace,WI-Parkview Terrace -2430,"Marinette, WI",Relatively Low,RHP Properties (RHP),RHP Properties,133,N/A,Fannie Mae,Manufactured Housing,45.088984,-87.644703,,
"4125 Riverview Circle Mt Clemens,MI 48043",Clinton River,MI-Clinton River-4125,"Macomb, MI",Relatively High,Windward Communities,Green Courte Partners,132,2018,Fannie Mae,Manufactured Housing,42.593672,-82.86281,,
"Intersection of Surburban and Route 246 Lexington Park,MD 20653",Suburban Estates,MD-Suburban Estates -Intersection,"St. Mary's, MD",Very Low,RHP Properties (RHP),RHP Properties,132,N/A,No,Manufactured Housing,38.283986,-76.478651,,
"3955 S. Stage Rd Medford,OR 97501",Western Carriage Estates,OR-Western Carriage Estates -3955,"Jackson, OR",Relatively Moderate,Legacy Communities,Legacy Communities,132,N/A,N/A,Manufactured Housing,42.299754,-122.933239,,
"17748 Rock Creek Rd Thompson,OH 44086",Rustic Pines,OH-Rustic Pines-17748,"Geauga, OH",Relatively Low,MHC Capital,MHC Capital,132,N/A,N/A,Manufactured Housing,41.668634,-81.009139,,
"7631 Dallas Highway Douglasville,GA 30134",Golden Valley,GA-Golden Valley-7631,"Douglas, GA",Relatively Low,Yes! Communities,Stockbridge Capital Group,131,2015,Fannie Mae,Manufactured Housing,33.77081,-84.747777,,
"8331 E 250 S Pierceton,IN 46562",Regency Pointe,IN-Regency Pointe-8331,"Kosciusko, IN",Relatively Low,Yes! Communities,Stockbridge Capital Group,131,2021,No,Manufactured Housing,41.196886,-85.686412,,
"2138 Big Springs Rd Maryville,TN 37801",Willow Hill,TN-Willow Hill-2138,"Blount, TN",Relatively Low,Yes! Communities,Stockbridge Capital Group,131,2008,Fannie Mae,Manufactured Housing,35.749171,-84.033551,,
"3301 West 2nd St North Platte,NE 69101",Red Cedars,NE-Red Cedars-3301,"Lincoln, NE",Relatively Low,Inspire Communities,Apollo Global Management,131,2021,No,Manufactured Housing,41.139511,-100.803365,,
"5150 Boggy Creek Road St. Cloud,FL 34771",Floridian Sandalwood,FL-Floridian Sandalwood-5150,"Osceola, FL",Relatively Moderate,Treehouse Communities,The Blackstone Group,131,N/A,Fannie Mae,Manufactured Housing,28.346285,-81.234388,,
"338 North Amy Dr. Bellevue,IL 61604",Deluxe Lake Estates,IL-Deluxe Lake Estates -338,"Peoria, IL",Relatively Moderate,RHP Properties (RHP),RHP Properties,131,N/A,No,Manufactured Housing,40.692009,-89.686698,,
"3201 Echeta Rd Gillette,WY 82716",Westview,WY-Westview-3201,"Campbell, WY",Relatively Low,RHP Properties (Brookfield),Brookfield Corporation,130,2017,No,Manufactured Housing,44.29641,-105.546017,,
"4201 Clark Lane Columbia,MO 65202",Stonegate,MO-Stonegate-4201,"Boone, MO",Relatively Moderate,Inspire Communities,Apollo Global Management,130,2021,No,Manufactured Housing,38.964543,-92.274016,,
"69905 Hwy 50 Montrose,CO 81401",Black Canyon Estates,CO-Black Canyon Estates-69905,"Montrose, CO",Relatively Low,Horizon Land Company,Federal Capital Partners,130,2021,No,Manufactured Housing,38.489706,-107.786301,,
"639 Lee Byrd Rd Loganville,GA 30052",Baycreek Mobile,GA-Baycreek Mobile-639,"Walton, GA",Relatively Low,Riverstone Communities,Riverstone Capital Partners,130,N/A,Fannie Mae,Manufactured Housing,33.842585,-83.888486,,
"224 Pitcher Park SE Devils Lake,ND 58301",Devils Lake Estates & Pitcher Park Village,ND-Devils Lake Estates & Pitcher Park Village-224,"Ramsey, ND",Very Low,Impact Communities,MHP Funds,130,N/A,No,Manufactured Housing,48.095288,-98.867283,,
"1510 First Ave Grinnell,IA 50112",Grinnell MHP,IA-Grinnell MHP-1510,"Poweshiek, IA",Very Low,Impact Communities,MHP Funds,130,N/A,Freddie Mac,Manufactured Housing,41.7388,-92.713779,,
"1 Pine Haven Circle Blossvale,NY 13308",Pine Haven,NY-Pine Haven -1,"Oneida, NY",Relatively Moderate,RHP Properties (Brookfield),Brookfield Corporation,130,N/A,No,Manufactured Housing,43.248327,-75.58975,,
"1800 Amberwood Drive Riverview,FL 33578",Country Villa Estates,FL-Country Villa Estates-1800,"Hillsborough, FL",Relatively High,Legacy Communities,Legacy Communities,130,N/A,N/A,Manufactured Housing,27.89266,-82.304938,,
"7358 Rydberg Rd Rockford,IL 61109",Manusco Village,IL-Manusco Village-7358,"Winnebago, IL",Relatively Moderate,Sunrise Communities,Sunrise Communities,130,N/A,N/A,Manufactured Housing,42.175009,-89.066754,,
"430 South Byron Homer,MI 49245",New Village,MI-New Village -430,"Calhoun, MI",Relatively Low,MHC Capital,MHC Capital,130,N/A,N/A,Manufactured Housing,42.141022,-84.802561,,
"1601 East FM 1417 Sherman,TX 75090",Shadow Mountain,TX-Shadow Mountain-1601,"Grayson, TX",Relatively Low,Yes! Communities,Stockbridge Capital Group,129,2008,Fannie Mae,Manufactured Housing,33.598861,-96.590125,,
"4314 Hwy 27 S Sulphur,LA 70665",Sweet Gum,LA-Sweet Gum-4314,"Calcasieu, LA",Relatively High,Inspire Communities,Apollo Global Management,129,2003,No,Manufactured Housing,30.338842,-93.369751,,
"101 Winter Drive Summerville,SC 29483",Summer Village,SC-Summer Village-101,"Dorchester, SC",Relatively Moderate,Impact Communities,MHP Funds,129,N/A,No,Manufactured Housing,33.035726,-80.187685,,
"3053 Grand Ave. Galesburg,IL 61401",Kimberly Terrace,IL-Kimberly Terrace -3053,"Knox, IL",Relatively Low,RHP Properties (RHP),RHP Properties,129,N/A,No,Manufactured Housing,40.929622,-90.32785,,
"1350 S Brookside St Centralia,IL 62801",Brookside Mobile Home Park,IL-Brookside Mobile Home Park-1350,"Clinton, IL",Relatively Low,Homes of America,Alden Global Capital,128,2021,No,Manufactured Housing,38.512741,-89.148093,,
"3475 Goldenrod Rd Orlando,FL 32822",Carriage Court East,FL-Carriage Court East-3475,"Orange, FL",Relatively High,RHP Properties (Brookfield),Brookfield Corporation,128,2017,No,Manufactured Housing,28.496274,-81.285014,,
"1 Sequoia Dr Casper,WY 82604",Hidden Hills,WY-Hidden Hills-1,"Natrona, WY",Relatively Low,RHP Properties (Brookfield),Brookfield Corporation,128,2017,No,Manufactured Housing,42.810349,-106.40665,,
"4901 S Valley Rd Blue Springs,MO 64015",Valley View ,MO-Valley View -4901,"Jackson, MO",Relatively High,Horizon Land Company,Federal Capital Partners,128,N/A,No,Manufactured Housing,39.029139,-94.344144,,
"2420 Old Post Rd Aberdeen,MD 21001",Rancho Estates,MD-Rancho Estates-2420,"Harford, MD",Relatively Low,Horizon Land Company,Federal Capital Partners,128,2019,No,Manufactured Housing,39.517422,-76.143481,,
"2500 52nd Ave N St. Petersburg,FL 33714",Pinecrest II,FL-Pinecrest II-2500,"Pinellas, FL",Relatively High,Riverstone Communities,Riverstone Capital Partners,128,2000,Fannie Mae,Manufactured Housing,27.818833,-82.667903,,
"4695 State St Salem,OR 97301",Royal Estates,OR-Royal Estates-4695,"Marion, OR",Relatively High,Havenpark Communities,Havenpark Capital Partners,128,2023,No,Manufactured Housing,44.9282,-122.968611,,
"W3540 State Road 50, Office  Lake Geneva,WI 53147",Coachmans Terrace,WI-Coachmans Terrace -W3540,"Walworth, WI",Relatively Low,RHP Properties (RHP),RHP Properties,128,N/A,Fannie Mae,Manufactured Housing,42.591302,-88.476424,,
"4610 8th Street South Wisconsin Rapids,WI 54494",The Maples,WI-The Maples -4610,"Wood, WI",Relatively Low,RHP Properties (RHP),RHP Properties,128,N/A,Fannie Mae,Manufactured Housing,44.353189,-89.818176,,
"1675 Manzanita Ave Chico,CA 95926",Pleasant Valley Mobile Estates,CA-Pleasant Valley Mobile Estates-1675,"Butte, CA",Relatively Moderate,Legacy Communities,Legacy Communities,128,N/A,N/A,Manufactured Housing,39.757752,-121.807909,,
"1206 South State St Kendalville,IN 46755",Colonial Mobile Home Park,IN-Colonial Mobile Home Park -1206,"Noble, IN",Relatively Low,MHC Capital,MHC Capital,128,N/A,N/A,Manufactured Housing,41.427139,-85.262172,,
"234 Miami St Ladson,SC 29456",Ryefield,SC-Ryefield-234,"Berkeley, SC",Relatively High,Yes! Communities,Stockbridge Capital Group,127,2016,Fannie Mae,Manufactured Housing,33.02946,-80.091799,,
"335 SE Balboa Dr Madison,FL 32340",Quail Hollow Mobile Home Park,FL-Quail Hollow Mobile Home Park-335,"Madison, FL",Relatively Low,Homes of America,Alden Global Capital,127,2021,No,Manufactured Housing,30.406112,-83.359101,,
"7915 103rd St Jacksonville,FL 32210",Magnolia Circle,FL-Magnolia Circle-7915,"Duval, FL",Relatively High,RHP Properties (Brookfield),Brookfield Corporation,127,2017,No,Manufactured Housing,30.250033,-81.77916,,
"9901 State Road 3 North Muncie,IN 47303",Delaware Acres,IN-Delaware Acres-9901,"Henry, IN",Relatively Low,Inspire Communities,Apollo Global Management,127,N/A,No,Manufactured Housing,40.074986,-85.370806,,
"6301 State Avenue Kansas City,KS 66102",Hillside Crossing,KS-Hillside Crossing-6301,"Wyandotte, KS",Relatively Moderate,Horizon Land Company,Federal Capital Partners,127,2021,No,Manufactured Housing,39.116223,-94.726094,,
"5101 Leonard Rd Bryan,TX 77807",Ramblewood,TX-Ramblewood-5101,"Brazos, TX",Relatively Moderate,Impact Communities,MHP Funds,127,N/A,Freddie Mac,Manufactured Housing,30.629825,-96.4104,,
"2730 S. A1A Melbourne,FL 32951",The Waters,FL-The Waters-2730,"Brevard, FL",Relatively High,Cove Communities,Montgomery Street Partners,127,2017,No,Manufactured Housing,28.40528,-80.636099,,
"W6150 County Road BB Appleton,WI 54914",Country Crossing,WI-Country Crossing -W6150,"Outagamie, WI",Relatively Low,RHP Properties (RHP),RHP Properties,127,N/A,Fannie Mae,Manufactured Housing,44.245594,-88.499722,,
"93 Park Rd Elko,NV 89801",Panoram-Elko,NV-Panoram-Elko-93,"Elko, NV",Relatively Moderate,Open Management,Open Capital,127,N/A,Fannie Mae,Manufactured Housing,40.830378,-115.750615,,
"10220 E Apache Trl Apache Junction,AZ",Pacific Mobile Manor,AZ-Pacific Mobile Manor-10220,"Maricopa, AZ",Very High,Treehouse Communities,,127,N/A,N/A,Manufactured Housing,33.416015,-111.610366,,
"100 Woodlawn Avenue Chula Vista,CA 91910",Bayscene,CA-Bayscene-100,"San Diego, CA",Very High,Hometown America,Calzada Capital Partners,126,2018,Fannie Mae,Manufactured Housing,32.64246,-117.098582,,
"27 Crestwood Dr Middletown,IN 47356",Crestwood,IN-Crestwood-27,"Henry, IN",Relatively Low,Inspire Communities,Apollo Global Management,126,N/A,No,Manufactured Housing,40.065573,-85.540072,,
"820 S Chinowth Visalia,CA 93277",Country Manor,CA-Country Manor-820,"Tulare, CA",Relatively High,Inspire Communities,Apollo Global Management,126,2021,No,Manufactured Housing,36.323149,-119.335842,,
"1915 St Route 59 Kent,OH 44240",Whispering PInes MHC,OH-Whispering PInes MHC-1915,"Portage, OH",Relatively Low,Horizon Land Company,Federal Capital Partners,126,2021,Fannie Mae,Manufactured Housing,41.158236,-81.32463,,
"3987 Section House Rd Hickory,NC 28601",Woodland Estates,NC-Woodland Estates-3987,"Catawba, NC",Relatively Low,Riverstone Communities,Riverstone Capital Partners,126,2013,Fannie Mae,Manufactured Housing,35.742766,-81.253651,,
"6372 126th Ave N Largo,FL 33773",Sun Seair Mobile Home Park,FL-Sun Seair Mobile Home Park-6372,"Pinellas, FL",Relatively High,Havenpark Communities,Havenpark Capital Partners,126,2023,Fannie Mae,Manufactured Housing,27.885334,-82.723815,,
"2725 E Fir Street Mt. Vernon,WA 98273",Park Village,WA-Park Village-2725,"Skagit, WA",Relatively Moderate,Legacy Communities,Legacy Communities,126,N/A,Freddie Mac,Manufactured Housing,48.428536,-122.305592,,
"270 Lancast Drive SE Salem,OR 97317",Meadowlark Estates,OR-Meadowlark Estates-270,"Marion, OR",Relatively High,Legacy Communities,Legacy Communities,126,N/A,Freddie Mac,Manufactured Housing,44.925918,-122.982749,,
"2464 East 29th Rd Seneca,IL 61360",Country Acres,IL-Country Acres-2464,"Lasalle, IL",Relatively Moderate,Yes! Communities,Stockbridge Capital Group,125,2021,Freddie Mac,Manufactured Housing,41.291185,-88.603562,,
"1401 N 3rd St Riverton,IL 62561",Lucky Horseshoe Mobile Home Park,IL-Lucky Horseshoe Mobile Home Park-1401,"Sangamon, IL",Relatively Moderate,Homes of America,Alden Global Capital,125,2021,No,Manufactured Housing,39.863128,-89.545335,,
"290 Calef Highway Epping,NH 3042",Pine and Pond,NH-Pine and Pond-290,"Rockingham, NH",Relatively Moderate,Hometown America,Calzada Capital Partners,125,2024,Freddie Mac,Manufactured Housing,43.044256,-71.064943,,
"501 E Ray Rd Chandler,AZ 85225",Chandler Meadows,AZ-Chandler Meadows-501,"Maricopa, AZ",Very High,Treehouse Communities,The Blackstone Group,125,2019,Fannie Mae,Manufactured Housing,33.318897,-111.835592,,
"49 Crescent Dr Tavares,FL 32778",Riverest MH,FL-Riverest MH-49,"Lake, FL",Relatively Moderate,Treehouse Communities,The Blackstone Group,125,2018,Fannie Mae,Manufactured Housing,28.797812,-81.735778,,
"620 Country Club Rd Pratt,KS 67124",Pratt Country Estates,KS-Pratt Country Estates-620,"Pratt, KS",Relatively Low,Horizon Land Company,Federal Capital Partners,125,2012,No,Manufactured Housing,37.640284,-98.721087,,
"12715 St. Charles Rock Rd Brdigeton,MO 63044",Terrisan Commons,MO-Terrisan Commons-12715,"St. Louis, MO",Relatively High,Horizon Land Company,Federal Capital Partners,125,N/A,No,Manufactured Housing,38.761243,-90.434963,,
"6942 W Olive Ave Peoria,AZ 85345",Peoria Mobile Estates,AZ-Peoria Mobile Estates-6942,"Maricopa, AZ",Very High,The Carlyle Group,The Carlyle Group,125,2020,Fannie Mae,Manufactured Housing,33.56758,-112.207953,,
"137 Bellwood Dr Swartz Creek,MI 47473",South Valley Estates,MI-South Valley Estates-137,"Genesee, MI",Relatively Moderate,Havenpark Communities,Havenpark Capital Partners,125,2018,No,Manufactured Housing,43.062725,-83.827446,,
"8800 5 Seasons Blvd Cedar Falls,IA 50613",Five Seasons MHC,IA-Five Seasons MHC-8800,"Black Hawk, IA",Relatively Low,Impact Communities,MHP Funds,125,2022,Freddie Mac,Manufactured Housing,42.503112,-92.409045,,
"600 Hunts Bridge Rd Greenville,SC 29617",Kings Estates,SC-Kings Estates-600,"Greenville, SC",Relatively Moderate,Impact Communities,MHP Funds,125,N/A,No,Manufactured Housing,34.898075,-82.458636,,
"325 Magnolia Hill Drive Plant City,FL 33565",Magnolia Hill,FL-Magnolia Hill-325,"Hillsborough, FL",Relatively High,Legacy Communities,Legacy Communities,125,N/A,N/A,Manufactured Housing,28.055152,-82.127456,,
"620 Castle Rd Monroe,NC 28110",Pineknoll Mobile Home Community,NC-Pineknoll Mobile Home Community-620,"Union, NC",Relatively Moderate,Riverstone Communities,Riverstone Capital Partners,125,2013,N/A,Manufactured Housing,34.992621,-80.502931,,
"7920 West Glendale Glendale,AZ 85303",Glendale West,AZ-Glendale West-7920,"Maricopa, AZ",Very High,Yes! Communities,Stockbridge Capital Group,124,2016,Fannie Mae,Manufactured Housing,33.538107,-112.230483,,
"11325 140th St Davenport,IA 52804",Lakeside Manor,IA-Lakeside Manor-11325,"Scott, IA",Relatively Moderate,Yes! Communities,Stockbridge Capital Group,124,2012,Fannie Mae,Manufactured Housing,41.507576,-90.680603,,
"11522 Cantebury Drive Seffner,FL 33584",Grandview Estates Mobile Home Park,FL-Grandview Estates Mobile Home Park-11522,"Hillsborough, FL",Relatively High,Homes of America,Alden Global Capital,124,2022,No,Manufactured Housing,27.989518,-82.305338,,
"10220 E Apache Trail Apache Junction,AZ 85120",Pacific Manor,AZ-Pacific Manor-10220,"Maricopa, AZ",Very High,Treehouse Communities,The Blackstone Group,124,2018,Fannie Mae,Manufactured Housing,33.416015,-111.610366,,
"503 Uhland Rd San Marcos,TX 78666",Whispering Oaks,TX-Whispering Oaks-503,"Hays, TX",Relatively Moderate,Horizon Land Company,Federal Capital Partners,124,2021,No,Manufactured Housing,29.897964,-97.911835,,
"180 Carter Place Onalaska,WI 54650",Lake Onalaska,WI-Lake Onalaska -180,"La Crosse, WI",Relatively Low,RHP Properties (RHP),RHP Properties,124,N/A,No,Manufactured Housing,43.897387,-91.239662,,
"530 Reynolds Drive Charleston,IL 61920",Longacre Estates,IL-Longacre Estates -530,"Coles, IL",Relatively Low,RHP Properties (RHP),RHP Properties,124,N/A,No,Manufactured Housing,39.494097,-88.193543,,
"1300 Schillinger Rd Mobile,AL 36695",Magnolia Pointe Mobile Home Park,AL-Magnolia Pointe Mobile Home Park-1300,"Mobile, AL",Relatively High,Homes of America,Alden Global Capital,123,2022,No,Manufactured Housing,30.662844,-88.226653,,
"4414 Durant Ave Deer Park,TX 77536",Deerwood Estates,TX-Deerwood Estates-4414,"Harris, TX",Very High,Horizon Land Company,Federal Capital Partners,123,N/A,No,Manufactured Housing,29.671786,-95.127248,,
"8601 Temple Hill Rd Temple Hills,MD 20748",Southeast Mobile Estates,MD-Southeast Mobile Estates-8601,"Prince George's, MD",Relatively Moderate,Legacy Communities,Legacy Communities,123,N/A,Freddie Mac,Manufactured Housing,38.769576,-76.927761,,
"7301 Evergladss Dr Evansville,IN 47720",Town and Country MHC,IN-Town and Country MHC-7301,"Vanderburgh, IN",Relatively Moderate,MHC Capital,MHC Capital,123,N/A,N/A,Manufactured Housing,38.044408,-87.67477,,
"2434 E Main St Mesa,AZ",Deserama Mobile Home Community,AZ-Deserama Mobile Home Community-2434,"Maricopa, AZ",Very High,Bridge Investment Group,,123,2025,Freddie Mac,Manufactured Housing,33.415925,-111.778839,,
"4250 Lakeview West Saginaw,MI 48603",Lakeview Estates on Lawndale,MI-Lakeview Estates on Lawndale-4250,"Saginaw, MI",Relatively Moderate,Yes! Communities,Stockbridge Capital Group,122,N/A,Freddie Mac,Manufactured Housing,43.469218,-84.038776,,
"2463 Gulf to Bay Blvd Clearwater,FL 33765",Sunny Grove,FL-Sunny Grove-2463,"Pinellas, FL",Relatively High,Treehouse Communities,The Blackstone Group,122,2020,Fannie Mae,Manufactured Housing,27.956688,-82.735971,,
"865 East Lake Street Lake Mills,WI 53551",Lakeland / Lakeland Trails,WI-Lakeland / Lakeland Trails -865,"Jefferson, WI",Relatively Low,RHP Properties (RHP),RHP Properties,122,N/A,Fannie Mae,Manufactured Housing,43.078069,-88.894583,,
"200 Norton Ave Taunton,MA 02780",Radante Estates,MA-Radante Estates-200,"Bristol, MA",Relatively Moderate,Legacy Communities,Legacy Communities,122,2021,Freddie Mac,Manufactured Housing,41.915684,-71.127426,,
"10340 Midland Rd Freeland,MI 48623",Freeland,MI-Freeland-10340,"Saginaw, MI",Relatively Moderate,Cambio Communities,Silver Creek Capital,122,N/A,No,Manufactured Housing,43.557528,-84.165616,,
"3423 Carpenter Rd Ypsilanti,MI 48197",Coachville,MI-Coachville-3423,"Washtenaw, MI",Relatively Moderate,Yes! Communities,Stockbridge Capital Group,121,N/A,Fannie Mae,Manufactured Housing,42.238205,-83.678322,,
"800 S Santa Fe Ave Fountain,CO 80817",Chancellor's Mobile,CO-Chancellor's Mobile-800,"El Paso, CO",Relatively Moderate,Treehouse Communities,The Blackstone Group,121,2016,Fannie Mae,Manufactured Housing,38.673541,-104.705626,,
"4820 Lawnview Ave Dallas,TX 75227",Woodshire Mobile Home Park,TX-Woodshire Mobile Home Park-4820,"Dallas, TX",Very High,Horizon Land Company,Federal Capital Partners,121,2023,No,Manufactured Housing,32.788101,-96.723124,,
"1600 Dickinson Ave Dickinson,TX 77539",Morningside Village,TX-Morningside Village-1600,"Galveston, TX",Relatively High,Horizon Land Company,Federal Capital Partners,121,2021,No,Manufactured Housing,29.48711,-95.047306,,
"100 Twin Lakes Dr. North Fond Du Lac,WI 54937",Lakeshore Landing,WI-Lakeshore Landing -100,"Fond Du Lac, WI",Relatively Low,RHP Properties (RHP),RHP Properties,121,N/A,No,Manufactured Housing,43.802797,-88.483902,,
"501 Gunntown Rd Bellefontaine,OH 43311",South Towne Meadows,OH-South Towne Meadows-501,"Logan, OH",Relatively Low,Sunrise Communities,Sunrise Communities,121,N/A,N/A,Manufactured Housing,40.330074,-83.75506,,
"1322 S Belt Line Rd Dallas,TX 75253",Mesquite Greens,TX-Mesquite Greens-1322,"Dallas, TX",Very High,Yes! Communities,Stockbridge Capital Group,120,2008,Fannie Mae,Manufactured Housing,32.684043,-96.590854,,
"2458 North 9th St Laramie,WY 82070",Breazeale,WY-Breazeale-2458,"Albany, WY",Relatively Low,RHP Properties (Brookfield),Brookfield Corporation,120,2017,No,Manufactured Housing,41.332619,-105.58417,,
"106 Havenwood Dr Pompano Beach,FL 33064",Havenwood,FL-Havenwood-106,"Broward, FL",Relatively High,RHP Properties (Brookfield),Brookfield Corporation,120,2017,Fannie Mae,Manufactured Housing,26.268075,-80.114143,,
"3900 Clark Lane Columbia,MO 65202",Pine Grove,MO-Pine Grove-3900,"Boone, MO",Relatively Moderate,Inspire Communities,Apollo Global Management,120,2021,No,Manufactured Housing,38.963488,-92.277796,,
"2235 Lincoln Street Cedar Falls,IA 50613",Gaslight Villa MHC,IA-Gaslight Villa MHC-2235,"Black Hawk, IA",Relatively Low,Horizon Land Company,Federal Capital Partners,120,2020,No,Manufactured Housing,42.540249,-92.41333,,
"1619 W Bay Drive Largo,FL 33770",West Bay Oaks,FL-West Bay Oaks-1619,"Pinellas, FL",Relatively High,Riverstone Communities,Riverstone Capital Partners,120,N/A,Fannie Mae,Manufactured Housing,27.916592,-82.805457,,
"2557 Maplewood Dr St. Paul,MN 55109",Town & Country,MN-Town & Country-2557,"Ramsey, MN",Relatively High,Riverstone Communities,Riverstone Capital Partners,120,2015,Fannie Mae,Manufactured Housing,45.017832,-93.056732,,
"101 Terrace Ct Johnson Creek,WI 53038",Village Terrace,WI-Village Terrace -101,"Jefferson, WI",Relatively Low,RHP Properties (RHP),RHP Properties,120,N/A,No,Manufactured Housing,43.071202,-88.772567,,
"500 Apex Dr Windsor,CO 80550",Eagle's Peak,CO-Eagle's Peak-500,"Weld, CO",Relatively Moderate,Windward Communities,Green Courte Partners,120,2025,No,Manufactured Housing,40.439755,-104.905189,,
"1400 E Roosevelt Ave Grants,NM",Valencia Village Mobile Home Park,NM-Valencia Village Mobile Home Park-1400,"Cibola, NM",Relatively Low,Impact Communities,MHP Funds,120,2016,N/A,Manufactured Housing,35.161686,-107.822128,,
"102 E 25th Ave Sault Saint Marie,MI",MISA Lake Superior,MI-MISA Lake Superior-102,"Chippewa, MI",Very Low,Impact Communities,MHP Funds,120,2016,N/A,Manufactured Housing,46.469446,-84.351043,,
"5135 S Hydraulic St Wichita,KS",Cedar Ridge,KS-Cedar Ridge-5135,"Sedgwick, KS",Relatively High,Bridge Investment Group,,120,2025,N/A,Manufactured Housing,37.601865,-97.315682,,
"102 Park Row Lane DeSoto,TX 75115",Hampton Acres,TX-Hampton Acres-102,"Dallas, TX",Very High,Yes! Communities,Stockbridge Capital Group,119,2008,Fannie Mae,Manufactured Housing,32.567723,-96.860346,,
"11522 Taylor Rd Thonotosassa,FL 33592",Camelot Mobile Home Park,FL-Camelot Mobile Home Park-11522,"Hillsborough, FL",Relatively High,Homes of America,Alden Global Capital,119,2022,No,Manufactured Housing,28.05128,-82.290565,,
"22899 Byron Rd Crestline,CA 92325",Valley of Enchantment,CA-Valley of Enchantment-22899,"San Bernardino, CA",Very High,Inspire Communities,Apollo Global Management,119,2019,No,Manufactured Housing,34.24991,-117.305687,,
"6636 Washington Blvd Elkridge,MD 21075",Capitol MHC,MD-Capitol MHC-6636,"Howard, MD",Relatively Low,Horizon Land Company,Federal Capital Partners,119,N/A,Fannie Mae,Manufactured Housing,39.198953,-76.739925,,
"511 East 1st St Huxley,IA 50124",New Horizons,IA-New Horizons-511,"Story, IA",Relatively Low,Havenpark Communities,Havenpark Capital Partners,119,N/A,Fannie Mae,Manufactured Housing,41.894986,-93.595945,,
"4479 Phillips Hwy Jacksonville,FL 32207",Suntree RV & Estates,FL-Suntree RV & Estates-4479,"Duval, FL",Relatively High,Treehouse Communities,The Blackstone Group,119,2019,No,Manufactured Housing,30.277362,-81.624572,,
"3650 W Ridge Rd Gary,IN 46408",Jordan Mobile Home Park,IN-Jordan Mobile Home Park-3650,"Lake, IN",Relatively High,Knights Communities,Keel Team,119,N/A,Fannie Mae,Manufactured Housing,41.55036,-87.382149,,
"6815 11 Mile Road Warren,MI 48092",Twin PInes,MI-Twin PInes-6815,"Macomb, MI",Relatively High,Open Management,Open Capital,119,N/A,N/A,Manufactured Housing,42.492679,-83.036567,,
"4820 W Oak Ridge Rd Orlando,FL 32809",Carriage Court Central,FL-Carriage Court Central-4820,"Orange, FL",Relatively High,RHP Properties (Brookfield),Brookfield Corporation,118,2017,No,Manufactured Housing,28.471553,-81.438392,,
"5141 Newton Falls Rd Ravenna,OH 44266",Fair Acres,OH-Fair Acres-5141,"Portage, OH",Relatively Low,Horizon Land Company,Federal Capital Partners,118,N/A,Fannie Mae,Manufactured Housing,41.162292,-81.20887,,
"114 Lake Bluff Dr Oakwood,IL 61858",Lake Bluff Oaks,IL-Lake Bluff Oaks-114,"Vermilion, IL",Relatively Low,Impact Communities,MHP Funds,118,N/A,No,Manufactured Housing,40.10389,-87.77767,,
"12948 S. US 31 Kokomo,IN 46901",Maple Lawn Village,IN-Maple Lawn Village -12948,"Miami, IN",Relatively Low,RHP Properties (RHP),RHP Properties,118,N/A,No,Manufactured Housing,40.578405,-86.127796,,
"400 Cedar Drive Fowlerville,MI 48836",Cedar River,MI-Cedar River-400,"Livingston, MI",Relatively Low,Cambio Communities,Silver Creek Capital,118,N/A,Fannie Mae,Manufactured Housing,42.652286,-84.080096,,
"670 E Alfred Dr Lake Alfred,FL 33850",Lake Alfred Mobile Home Park,FL-Lake Alfred Mobile Home Park-670,"Polk, FL",Relatively High,Homes of America,Alden Global Capital,117,2022,No,Manufactured Housing,28.09567,-81.719649,,
"660 N Washington St Waterloo,IN 46793",Concord Mobile Home Park,IN-Concord Mobile Home Park-660,"Dekalb, IN",Very Low,Homes of America,Alden Global Capital,117,2021,No,Manufactured Housing,41.436292,-85.017459,,
"101 Lad Ln Roseburg,OR 97471",Western Star Mobile Estates,OR-Western Star Mobile Estates-101,"Douglas, OR",Relatively Moderate,Treehouse Communities,The Blackstone Group,117,N/A,Fannie Mae,Manufactured Housing,43.152489,-123.369377,,
"18680 5th St Beloit,OH 44609",Sebring Estates,OH-Sebring Estates-18680,"Mahoning, OH",Relatively Moderate,Horizon Land Company,Federal Capital Partners,117,N/A,Fannie Mae,Manufactured Housing,40.923656,-81.006754,,
"1654 Clearwater Largo Rd Clearwater,FL 33756",Kakusha,FL-Kakusha-1654,"Pinellas, FL",Relatively High,Treehouse Communities,The Blackstone Group,117,N/A,Fannie Mae,Manufactured Housing,27.936226,-82.795918,,
"570 N 10th Ave Cornelius,OR",Forest Hills Mobile Estates,OR-Forest Hills Mobile Estates-570,"Washington, OR",Relatively High,The Carlyle Group,The Carlyle Group,117,N/A,N/A,Manufactured Housing,45.525661,-123.056526,,
"25151 Dequindre Rd Madison Heights,MI 48701",Ackels,MI-Ackels-25151,"Oakland, MI",Relatively High,Yes! Communities,Stockbridge Capital Group,116,2021,No,Manufactured Housing,42.477636,-83.08733,,
"125 N Mary Ave Sunnyvale,CA 94086",Mary Manor Estates,CA-Mary Manor Estates-125,"Santa Clara, CA",Very High,Hometown America,Calzada Capital Partners,116,2022,No,Manufactured Housing,37.383897,-122.044786,,
"2413 Johnson Street Janesville,WI 53548",Meadowview Place,WI-Meadowview Place -2413,"Rock, WI",Relatively Moderate,RHP Properties (RHP),RHP Properties,116,N/A,Fannie Mae,Manufactured Housing,42.674508,-89.050385,,
"2481 W Sherman Blvd Norton Shores,MI 49441",Bel Air Estates,MI-Bel Air Estates-2481,"Muskegon, MI",Relatively Low,Open Management,Open Capital,116,N/A,N/A,Manufactured Housing,43.204926,-86.304684,,
"600 Hastings Ave St. Paul Park,MN 55071",Park Estates,MN-Park Estates-600,"Washington, MN",Relatively Moderate,Sunrise Communities,Sunrise Communities,116,N/A,No,Manufactured Housing,44.847665,-92.988488,,
"6 Court Drive La Grange Highlands,IL 60525",La Grange Estates,IL-La Grange Estates-6,"Cook, IL",Very High,Yes! Communities,Stockbridge Capital Group,115,2018,Freddie Mac,Manufactured Housing,41.773536,-87.877962,,
"1012 Destiny Ridge Way Knoxville,TN 37932",Farragut Park,TN-Farragut Park-1012,"Knox, TN",Relatively Moderate,Yes! Communities,Stockbridge Capital Group,115,2008,Fannie Mae,Manufactured Housing,35.90286,-84.177908,,
"27700 Parker Rd Castaic,CA 91384",Lakehills Estate,CA-Lakehills Estate-27700,"Los Angeles, CA",Very High,Hometown America,Calzada Capital Partners,115,2015,Freddie Mac,Manufactured Housing,34.486902,-118.622078,,
"345 S 58th St Mesa,AZ 85206",Broadway Estates,AZ-Broadway Estates-345,"Maricopa, AZ",Very High,Treehouse Communities,The Blackstone Group,115,2018,Fannie Mae,Manufactured Housing,33.410275,-111.705597,,
"1802 E Campo Bello Dr Phoenix,AZ 85022",Shadow Hills,AZ-Shadow Hills-1802,"Maricopa, AZ",Very High,Treehouse Communities,The Blackstone Group,115,2019,Fannie Mae,Manufactured Housing,33.644314,-112.043723,,
"8555 Perry Hwy Erie,PA 16509",Popps MHC,PA-Popps MHC-8555,"Erie, PA",Relatively Moderate,Horizon Land Company,Federal Capital Partners,115,2012,No,Manufactured Housing,42.056393,-80.026669,,
"1213 Hanson Rd Edgewood,MD 20140",Magnolia Estates,MD-Magnolia Estates-1213,"Harford, MD",Relatively Low,Horizon Land Company,Federal Capital Partners,115,N/A,No,Manufactured Housing,39.422802,-76.323838,,
"305 N Scott Ave Belton,MO 64012",Meadow View ,MO-Meadow View -305,"Cass, MO",Relatively Low,Horizon Land Company,Federal Capital Partners,115,N/A,No,Manufactured Housing,38.819226,-94.533929,,
"900 Airport Rd Chattanooga,TN 37421",Whispering PInes MHC,TN-Whispering PInes MHC-900,"Hamilton, TN",Relatively Moderate,Horizon Land Company,Federal Capital Partners,115,N/A,No,Manufactured Housing,35.029127,-85.193421,,
"6347 Tara Blvd Jonesboro,GA 30236",Clayton Village Mobile Home Park,GA-Clayton Village Mobile Home Park-6347,"Clayton, GA",Relatively Moderate,Riverstone Communities,Riverstone Capital Partners,115,2021,Fannie Mae,Manufactured Housing,33.579721,-84.37688,,
"600 Laurel View Dr Mount Pleasant,PA 15666",Oak Estates,PA-Oak Estates-600,"Westmoreland, PA",Relatively Moderate,Impact Communities,MHP Funds,115,N/A,Freddie Mac,Manufactured Housing,40.161817,-79.601099,,
"2575 Martin Luther King Jr. Blvd Fayetteville,AR 72704",Western Park,AR-Western Park-2575,"Washington, AR",Relatively Moderate,RHP Properties (RHP),RHP Properties,115,N/A,No,Manufactured Housing,36.051991,-94.197102,,
"4303 75th Street Kenosha,WI 53142",City View,WI-City View -4303,"Kenosha, WI",Relatively Moderate,RHP Properties (RHP),RHP Properties,115,N/A,Freddie Mac,Manufactured Housing,42.566044,-87.860888,,
"10694 Ashville Pike Lockbourne,OH",Buckeye Trails,OH-Buckeye Trails-10694,"Pickaway, OH",Relatively Low,Havenpark Communities,Havenpark Capital Partners,115,2019,N/A,Manufactured Housing,39.777056,-82.947851,,
"218 W Avenue I Jerome,ID",Majestic Meadows,ID-Majestic Meadows-218,"Jerome, ID",Very Low,Impact Communities,MHP Funds,115,2016,N/A,Manufactured Housing,42.723292,-114.522209,,
"2600 6th Ave S Lake Worth,FL",Orange Grove Mobile Home Park,FL-Orange Grove Mobile Home Park-2600,"Palm Beach, FL",Relatively High,Riverstone Communities,Riverstone Capital Partners,115,1999,N/A,Manufactured Housing,26.609373,-80.074125,,
"321 Isbell Rd Fort Worth,TX",Aldea,TX-Aldea-321,"Tarrant, TX",Relatively High,Bridge Investment Group,,115,2025,N/A,Manufactured Housing,32.765247,-97.3864,,
"2901 N Westminster Rd Spencer,OK 73084",High Chapparal Mobile Home Park,OK-High Chapparal Mobile Home Park-2901,"Oklahoma, OK",Relatively High,Homes of America,Alden Global Capital,114,2022,No,Manufactured Housing,35.498973,-97.338294,,
"517 East Trilby Fort Collins,CO 80525",Pleasant Grove,CO-Pleasant Grove-517,"Larimer, CO",Relatively Moderate,RHP Properties (Brookfield),Brookfield Corporation,114,2017,No,Manufactured Housing,40.494067,-105.070692,,
"6651 Orange Drive Davie,FL 33314",Orange Blossom,FL-Orange Blossom-6651,"Broward, FL",Relatively High,Riverstone Communities,Riverstone Capital Partners,114,2001,Fannie Mae,Manufactured Housing,26.067345,-80.235663,,
"518 S Sullivan St Santa Ana,CA 92704",Country Club Mobile Home Park,CA-Country Club Mobile Home Park-518,"Orange, CA",Very High,Kingsley Management,Kingsley Management,114,N/A,N/A,Manufactured Housing,33.739348,-117.904907,,
"55 San Juan Grade Rd Salinas,CA 93906",La Canada Estates,CA-La Canada Estates-55,"Monterey, CA",Relatively High,Hometown America,Calzada Capital Partners,113,2021,No,Manufactured Housing,36.719889,-121.65285,,
"4105 Garfield Ave Loveland,CO 80538",Loveland Plaza,CO-Loveland Plaza-4105,"Larimer, CO",Relatively Moderate,RHP Properties (RHP),RHP Properties,113,2017,No,Manufactured Housing,40.434885,-105.080914,,
"400 Dolly Drive Monroe,LA 71203",Azalea Gardens,LA-Azalea Gardens-400,"Ouachita, LA",Relatively Moderate,Inspire Communities,Apollo Global Management,113,2003,No,Manufactured Housing,32.56337,-91.97932,,
"5 Northwood Circle Urbana,IL 61802",Northwood Estates,IL-Northwood Estates-5,"Champaign, IL",Relatively Moderate,Horizon Land Company,Federal Capital Partners,113,2021,No,Manufactured Housing,40.139579,-88.189876,,
"102 Pine Street Creston,OH 44217",Indian Head MHC,OH-Indian Head MHC-102,"Wayne, OH",Relatively Low,Horizon Land Company,Federal Capital Partners,113,N/A,Fannie Mae,Manufactured Housing,40.981753,-81.909298,,
"2301 SW Obrador Rd Ankeny,IA 50023",Mel-Ray,IA-Mel-Ray-2301,"Polk, IA",Relatively Moderate,Open Management,Open Capital,113,N/A,Freddie Mac,Manufactured Housing,41.72971,-93.60577,,
"3750 N Cascade Ave Colorado Springs,CO 80907",Emerald Acres MHC,CO-Emerald Acres MHC-3750,"El Paso, CO",Relatively Moderate,Legacy Communities,Legacy Communities,113,N/A,N/A,Manufactured Housing,38.885686,-104.822966,,
"28495 Joy Rd Westland,MI 48185",Mohawk,MI-Mohawk-28495,"Wayne, MI",Relatively High,Yes! Communities,Stockbridge Capital Group,112,2023,Fannie Mae,Manufactured Housing,42.354818,-83.322587,,
"351 N Forest Dr Casper,WY 82609",Terrace,WY-Terrace-351,"Natrona, WY",Relatively Low,RHP Properties (Brookfield),Brookfield Corporation,112,2017,Fannie Mae,Manufactured Housing,42.851825,-106.280451,,
"2001 East Steve Owens Blvd Miami,OK 74354",Miami,OK-Miami-2001,"Ottawa, OK",Relatively Low,Inspire Communities,Apollo Global Management,112,2021,No,Manufactured Housing,36.843766,-94.882599,,
"1300 N Maplewood Dr Rantoul,IL 61866",Maplewood Estates of Rantoul,IL-Maplewood Estates of Rantoul-1300,"Champaign, IL",Relatively Moderate,Horizon Land Company,Federal Capital Partners,112,N/A,No,Manufactured Housing,40.3213,-88.136132,,
"4A Bayberry Lane Elmer,NJ 8318",Holly Tree Acres,NJ-Holly Tree Acres-4A,"Salem, NJ",Relatively Low,Horizon Land Company,Federal Capital Partners,112,N/A,Fannie Mae,Manufactured Housing,39.496447,-75.126762,,
"7246 Florida 44 Wildwood,FL 34785",Rails End,FL-Rails End-7246,"Sumter, FL",Relatively Moderate,Treehouse Communities,The Blackstone Group,112,N/A,Fannie Mae,Manufactured Housing,28.824152,-81.983547,,
"301 Maruca Dr Mount Pleasant,PA 15666",Pleasant Heights,PA-Pleasant Heights-301,"Westmoreland, PA",Relatively Moderate,Impact Communities,MHP Funds,112,N/A,Freddie Mac,Manufactured Housing,40.158179,-79.540194,,
"805 Short Drive Altoona,PA 16601",El Dorado Court,PA-El Dorado Court-805,"Blair, PA",Relatively Low,Legacy Communities,Legacy Communities,112,N/A,N/A,Manufactured Housing,40.463999,-78.425142,,
"301 N Main St Shiloh,IL 62269",Lake Suzanne Mobile Home Park,IL-Lake Suzanne Mobile Home Park-301,"St. Clair, IL",Relatively High,Homes of America,Alden Global Capital,111,2021,No,Manufactured Housing,38.568243,-89.894028,,
"5305 North Sheridan Ave Arvada,CO 80002",Sheridan,CO-Sheridan-5305,"Jefferson, CO",Relatively High,RHP Properties (RHP),RHP Properties,111,2017,Fannie Mae,Manufactured Housing,39.793641,-105.055031,,
"11411 SE Federal Hwy, Hobe Sound,FL 33455",Hobe Village,FL-Hobe Village-11411,"Martin, FL",Relatively Moderate,Riverstone Communities,Riverstone Capital Partners,111,1998,No,Manufactured Housing,27.065121,-80.136742,,
"2701 Huizenga St Norton Shores,MI 49444",Nomad MHC,MI-Nomad MHC-2701,"Muskegon, MI",Relatively Low,Impact Communities,MHP Funds,111,N/A,Freddie Mac,Manufactured Housing,43.203167,-86.220861,,
"4746 E. Skyline Dr Laramie,WY 82070",Country Meadow Estates,WY-Country Meadow Estates-4746,"Albany, WY",Relatively Low,Impact Communities,MHP Funds,111,N/A,Freddie Mac,Manufactured Housing,41.28867,-105.532087,,
"920 Anchorage Rd Warsaw,IN 46580",Shamrock Village,IN-Shamrock Village -920,"Kosciusko, IN",Relatively Low,RHP Properties (RHP),RHP Properties,111,N/A,No,Manufactured Housing,41.261228,-85.844223,,
"2701 Huzienga St Norton Shores,MI 49444",Nomad,MI-Nomad-2701,"Muskegon, MI",Relatively Low,Cambio Communities,Silver Creek Capital,111,N/A,Freddie Mac,Manufactured Housing,43.203167,-86.220861,,
"9011 Centreville Rd Manassas,VA",Manassas Mobile Home Park,VA-Manassas Mobile Home Park-9011,"Manassas, VA",Very Low,Riverstone Communities,Riverstone Capital Partners,111,2015,N/A,Manufactured Housing,38.758043,-77.460651,,
"1481 N US Highway 1 Titusville,FL 32796",Intercoastal Estates Mobile Home Park,FL-Intercoastal Estates Mobile Home Park-1481,"Brevard, FL",Relatively High,Homes of America,Alden Global Capital,110,2021,No,Manufactured Housing,28.638531,-80.829264,,
"950 S Meridian Rd Apache Junction,AZ 85120",Star Valley Ranch,AZ-Star Valley Ranch-950,"Maricopa, AZ",Very High,Treehouse Communities,The Blackstone Group,110,2018,Fannie Mae,Manufactured Housing,33.397863,-111.581318,,
"5051 Ecstasy Circle Cocoa,FL 32926",Westgate,FL-Westgate-5051,"Brevard, FL",Relatively High,Riverstone Communities,Riverstone Capital Partners,110,2005,Fannie Mae,Manufactured Housing,28.367199,-80.803602,,
"11800 Brookpark Rd Cleveland,OH 44130",Brook Park,OH-Brook Park-11800,"Cuyahoga, OH",Relatively High,Windward Communities,Green Courte Partners,110,2020,No,Manufactured Housing,41.41989,-81.770256,,
"1166 Madison Ave Loveland,CO 80537",Aspen Ridge,CO-Aspen Ridge-1166,"Larimer, CO",Relatively Moderate,Crow Holdings,Crow Holdings Capital - Real Estate,110,2022,No,Manufactured Housing,40.403855,-105.058317,,
"1237 North US 27 Portland,IN 47371",Oakwood,IN-Oakwood -1237,"Jay, IN",Very Low,RHP Properties (RHP),RHP Properties,110,N/A,No,Manufactured Housing,40.457453,-84.978689,,
"1928 East 47th Street South Wichita,KS 67216",Sherwood Acres,KS-Sherwood Acres -1928,"Sedgwick, KS",Relatively High,RHP Properties (Brookfield),Brookfield Corporation,110,N/A,No,Manufactured Housing,37.608908,-97.312653,,
"1400 Cleveland Rd Colona,IL 61241",Willow Haven,IL-Willow Haven-1400,"Henry, IL",Relatively Low,Open Management,Open Capital,110,N/A,N/A,Manufactured Housing,41.486038,-90.335679,,
"1700 Sandstone Dr Loveland,CO 80537",Aspen Ridge MHC,CO-Aspen Ridge MHC-1700,"Larimer, CO",Relatively Moderate,Legacy Communities,Legacy Communities,110,N/A,N/A,Manufactured Housing,40.404926,-105.051624,,
"97 Oquinn Rd Tifton,GA 31794",Tifton Mobile Home Park,GA-Tifton Mobile Home Park-97,"Tift, GA",Relatively Low,Knights Communities,Keel Team,110,N/A,N/A,Manufactured Housing,31.460036,-83.482139,,
"3806 Main St Keokuk,IA 52632",Keokuk Mobile Home Park,IA-Keokuk Mobile Home Park-3806,"Lee, IA",Relatively Low,Knights Communities,Keel Team,110,N/A,N/A,Manufactured Housing,40.428365,-91.415105,,
"W5585 Cth Mm La Crosse,WI 54601",Pinewood Properties,WI-Pinewood Properties-W5585,"La Crosse, WI",Relatively Low,MHC Capital,MHC Capital,110,N/A,N/A,Manufactured Housing,43.75682,-91.185837,,
"1163 14th Ave NW Grand Rapids,MI 49534",Tallamade Meadows,MI-Tallamade Meadows-1163,"Ottawa, MI",Relatively Moderate,TIR Equities,TIR Equities,110,N/A,Fannie Mae,Manufactured Housing,42.994793,-85.821007,,
"5807 Horseshoe Dr Raleigh,NC",Horseshoe Mobile Home Park,NC-Horseshoe Mobile Home Park-5807,"Wake, NC",Relatively High,Riverstone Communities,Riverstone Capital Partners,110,N/A,N/A,Manufactured Housing,35.699312,-78.684695,,
"2115 Central Ave Schenectady,NY",Central Square MHC,NY-Central Square MHC-2115,"Albany, NY",Relatively Moderate,Riverstone Communities,Riverstone Capital Partners,110,2018,N/A,Manufactured Housing,42.758374,-73.874486,,
"550 Birch St Manteno,IL 60950",Maple Crest,IL-Maple Crest-550,"Kankakee, IL",Relatively Moderate,Yes! Communities,Stockbridge Capital Group,109,2021,Freddie Mac,Manufactured Housing,41.253724,-87.825296,,
"2742 Main St East Troy,WI 53120",Skyview Terrace,WI-Skyview Terrace-2742,"Walworth, WI",Relatively Low,RHP Properties (RHP),RHP Properties,109,2022,No,Manufactured Housing,42.788089,-88.399698,,
"1449 East Ave I Lancaster,CA 93535",Crestview,CA-Crestview-1449,"Los Angeles, CA",Very High,Inspire Communities,Apollo Global Management,109,2021,No,Manufactured Housing,34.706098,-118.104359,,
"231 North Main Street Layton,UT 84041",Circle L,UT-Circle L-231,"Davis, UT",Relatively Moderate,Inspire Communities,Apollo Global Management,109,2021,No,Manufactured Housing,41.062616,-111.97032,,
"660 Maxey Rd Houston,TX 77523",Oaktree Estates,TX-Oaktree Estates-660,"Harris, TX",Very High,Inspire Communities,Apollo Global Management,109,N/A,No,Manufactured Housing,29.780071,-95.223292,,
"7030 FM 2354 Beach City,TX 77523",Oceanway,TX-Oceanway-7030,"Chambers, TX",Relatively Low,Inspire Communities,Apollo Global Management,109,2022,Fannie Mae,Manufactured Housing,29.663008,-94.89473,,
"6150 Rhones Quarter Rd Tyler,TX 75707",The Grove at Brookhollow ,TX-The Grove at Brookhollow -6150,"Smith, TX",Relatively Moderate,Horizon Land Company,Federal Capital Partners,109,2019,No,Manufactured Housing,32.281458,-95.26137,,
"69425 M-62 Edwardsburg,MI 49112",Edwardsburg Estates,MI-Edwardsburg Estates -69425,"St. Joseph, MI",Relatively Low,RHP Properties (RHP),RHP Properties,109,N/A,No,Manufactured Housing,41.786914,-85.760372,,
"1006 21st Street Brodhead,WI 53520",Cardinal Crest,WI-Cardinal Crest -1006,"Green, WI",Relatively Low,RHP Properties (RHP),RHP Properties,109,N/A,Fannie Mae,Manufactured Housing,42.608153,-89.378618,,
"1 Seacoast Lane Old Orchard,ME 04064",Seacoast Resort,ME-Seacoast Resort-1,"York, ME",Relatively Moderate,Legacy Communities,Legacy Communities,109,2021,N/A,Manufactured Housing,43.538446,-70.378058,,
"1244 South Jackson St Tullahoma,TN 37388",Southgate,TN-Southgate-1244,"Coffee, TN",Relatively Low,Yes! Communities,Stockbridge Capital Group,108,2020,Fannie Mae,Manufactured Housing,35.345698,-86.195693,,
"17400 Valley Blvd Fontana,CA 92335",Arrowhead Estates,CA-Arrowhead Estates-17400,"San Bernardino, CA",Very High,Hometown America,Calzada Capital Partners,108,2015,Freddie Mac,Manufactured Housing,34.070974,-117.426641,,
"2131 W San Bernardino Rd West Covina,CA 91790",Mountain View Estates,CA-Mountain View Estates-2131,"Los Angeles, CA",Very High,Hometown America,Calzada Capital Partners,108,2016,No,Manufactured Housing,34.091501,-117.946595,,
"4793 East Loop 820 South Fort Worth,TX 76119",Lakeview RV Park,TX-Lakeview RV Park-4793,"Tarrant, TX",Relatively High,Inspire Communities,Apollo Global Management,108,2021,No,Manufactured Housing,32.693455,-97.236071,,
"1964 River Road Calverton,NY 11933",Lakewood,NY-Lakewood-1964,"Suffolk, NY",Relatively High,Kingsley Management,Kingsley Management,108,2012,N/A,Manufactured Housing,40.919279,-72.724163,,
"1900 Strasbourgh Ln Antioch,CA 94509",Delta Villa Estates,CA-Delta Villa Estates-1900,"Contra Costa, CA",Very High,Hometown America,Calzada Capital Partners,107,N/A,No,Manufactured Housing,38.002957,-121.77732,,
"73100 County Rd South Haven,MI 49090",The Ravines,MI-The Ravines-73100,"Van Buren, MI",Relatively Low,Yes! Communities,Stockbridge Capital Group,106,2018,Freddie Mac,Manufactured Housing,42.146322,-86.011562,,
"3636 Tarbett Rd Maryville,TN 37804",Rockford Park,TN-Rockford Park-3636,"Blount, TN",Relatively Low,Yes! Communities,Stockbridge Capital Group,106,2008,Fannie Mae,Manufactured Housing,35.821441,-83.960301,,
"2760 Robertson Rd Casper,WY 82604",Green Valley Vilage,WY-Green Valley Vilage-2760,"Natrona, WY",Relatively Low,RHP Properties (Brookfield),Brookfield Corporation,106,2017,Fannie Mae,Manufactured Housing,42.823081,-106.415455,,
"2599 Lexington Ave N Roseville,MN 55113",Roseville Estates,MN-Roseville Estates-2599,"Ramsey, MN",Relatively High,Riverstone Communities,Riverstone Capital Partners,106,2005,Fannie Mae,Manufactured Housing,45.019281,-93.14839,,
"500 Ruins Rd Aztec,NM 87410",Villa Serena & Cottonwood MHP,NM-Villa Serena & Cottonwood MHP-500,"San Juan, NM",Relatively Moderate,Impact Communities,MHP Funds,106,N/A,Freddie Mac,Manufactured Housing,36.831132,-108.001079,,
"3416 Kramers Ln Louisville,KY 40216",River Oaks,KY-River Oaks-3416,"Jefferson, KY",Relatively High,Open Management,Open Capital,106,N/A,Fannie Mae,Manufactured Housing,38.201905,-85.84413,,
"6683 Bea Lane Hixson,TN 37343",Riverglen and Dayton Heights,TN-Riverglen and Dayton Heights-6683,"Hamilton, TN",Relatively Moderate,Homes of America,Alden Global Capital,105,2022,No,Manufactured Housing,35.184842,-85.246853,,
"8121 Lillian Highway Pensacola,FL 32506",Admiral,FL-Admiral-8121,"Escambia, FL",Relatively High,Inspire Communities,Apollo Global Management,105,2018,Fannie Mae,Manufactured Housing,30.420179,-87.319267,,
"21191 Torrence Ave Sauk Village,IL 60411",Weatherstone Lakes,IL-Weatherstone Lakes-21191,"Cook, IL",Very High,Inspire Communities,Apollo Global Management,105,N/A,No,Manufactured Housing,41.503529,-87.558049,,
"5315 Red Maple Lane Fulton,MO 65251",Red Maples,MO-Red Maples-5315,"Callaway, MO",Relatively Low,Inspire Communities,Apollo Global Management,105,N/A,No,Manufactured Housing,38.816636,-91.978479,,
"1639 Marion Waldo Rd. Marion,OH 43302",Vance,OH-Vance -1639,"Marion, OH",Relatively Low,RHP Properties (RHP),RHP Properties,105,N/A,Fannie Mae,Manufactured Housing,40.558465,-83.117887,,
"7405 N. Socrum Loop Rd Lakeland,FL 33809",Pine Ridge Estates,FL-Pine Ridge Estates-7405,"Polk, FL",Relatively High,Legacy Communities,Legacy Communities,105,N/A,Freddie Mac,Manufactured Housing,28.136997,-81.953598,,
"8651 OH-368 Huntsville,OH 43324",Lakeridge Estates,OH-Lakeridge Estates-8651,"Logan, OH",Relatively Low,Sunrise Communities,Sunrise Communities,105,N/A,Freddie Mac,Manufactured Housing,40.488708,-83.860699,,
"6213 Stormer Rd Knoxville,TN 37918",The Crossing,TN-The Crossing-6213,"Knox, TN",Relatively Moderate,Yes! Communities,Stockbridge Capital Group,104,2008,Fannie Mae,Manufactured Housing,36.100338,-83.88985,,
"925 N Plaza Dr Apache Junction,AZ 85120",Chaparral Mobile Ranch,AZ-Chaparral Mobile Ranch-925,"Pinal, AZ",Relatively Moderate,Treehouse Communities,The Blackstone Group,104,2019,Fannie Mae,Manufactured Housing,33.424145,-111.549348,,
"2615 State Route 59 Ravenna,OH 44266",Orchard Estates,OH-Orchard Estates-2615,"Portage, OH",Relatively Low,Horizon Land Company,Federal Capital Partners,104,N/A,Fannie Mae,Manufactured Housing,41.158925,-81.299774,,
"12520 Idlewood Park Rd Waldorf,MD 20601",Idlewood MHC,MD-Idlewood MHC-12520,"Charles, MD",Relatively Low,Horizon Land Company,Federal Capital Partners,104,N/A,Fannie Mae,Manufactured Housing,38.635952,-76.877011,,
"14787 Apple Dr Fruitport,MI 49415",Hidden Oaks MHP,MI-Hidden Oaks MHP-14787,"Ottawa, MI",Relatively Moderate,Impact Communities,MHP Funds,104,N/A,Freddie Mac,Manufactured Housing,43.114611,-86.152951,,
"1515 Vandenbroek Road Little Chute,WI 54140",Hickory Lane,WI-Hickory Lane -1515,"Outagamie, WI",Relatively Low,RHP Properties (RHP),RHP Properties,104,N/A,Freddie Mac,Manufactured Housing,44.289066,-88.324315,,
"713 Rose St Auburndale,FL 33823",Lake Blue MHP,FL-Lake Blue MHP-713,"Polk, FL",Relatively High,Legacy Communities,Legacy Communities,104,N/A,Freddie Mac,Manufactured Housing,28.054095,-81.773249,,
"2796 S Main Rd Lebanon,OR 97355",Twin Cedars MHC,OR-Twin Cedars MHC-2796,"Linn, OR",Relatively Moderate,Legacy Communities,Legacy Communities,104,N/A,N/A,Manufactured Housing,44.518561,-122.909565,,
"1901 SE Minter Bridge Rd Hillsboro,OR 97123",Terra Buena Terrace,OR-Terra Buena Terrace-1901,"Washington, OR",Relatively High,Legacy Communities,Legacy Communities,104,N/A,N/A,Manufactured Housing,45.505609,-122.962255,,
"3107 South Myers Rd Geneva,OH 44041",Rustic Cove,OH-Rustic Cove-3107,"Ashtabula, OH",Relatively Low,MHC Capital,MHC Capital,104,N/A,N/A,Manufactured Housing,41.809345,-80.916751,,
"2333 Griffin Rd Fort Lauderdale,FL",Sheldon Mobile Home Park,FL-Sheldon Mobile Home Park-2333,"Broward, FL",Relatively High,Riverstone Communities,Riverstone Capital Partners,104,N/A,N/A,Manufactured Housing,26.063676,-80.172061,,
"3291 Bankhead Highway Lithia Springs,GA 30122",Lakeside,GA-Lakeside-3291,"Douglas, GA",Relatively Low,Yes! Communities,Stockbridge Capital Group,103,2014,Freddie Mac,Manufactured Housing,33.796914,-84.651534,,
"3400 NNE Loop 323 Tyler,TX 75708",Rose Country Estates,TX-Rose Country Estates-3400,"Smith, TX",Relatively Moderate,Yes! Communities,Stockbridge Capital Group,103,2008,Fannie Mae,Manufactured Housing,32.383233,-95.268189,,
"1160 W Turkeyfoot Lake Rd Barberton,OH 44203",Rex Hill ,OH-Rex Hill -1160,"Summit, OH",Relatively Moderate,Horizon Land Company,Federal Capital Partners,103,2016,Fannie Mae,Manufactured Housing,40.983793,-81.56408,,
"137 Paradise Ct Stafford,VA 22554",Paradise Estates,VA-Paradise Estates-137,"Stafford, VA",Relatively Low,Horizon Land Company,Federal Capital Partners,103,2020,No,Manufactured Housing,38.417458,-77.411183,,
"4494 Taft Ave SE Iowa City,IA 52240",Breckenridge Estates,IA-Breckenridge Estates-4494,"Johnson, IA",Relatively Moderate,Impact Communities,MHP Funds,103,N/A,Freddie Mac,Manufactured Housing,41.606725,-91.462946,,
"31 Cornflower Ln Bloomington,IL 61701",Prairieland Estates,IL-Prairieland Estates-31,"McLean, IL",Relatively Moderate,Open Management,Open Capital,103,N/A,N/A,Manufactured Housing,40.466332,-89.019864,,
"37 Hubbard Ave Riverhead,NY 11901",Riverhaven,NY-Riverhaven-37,"Suffolk, NY",Relatively High,Kingsley Management,Kingsley Management,103,2012,N/A,Manufactured Housing,40.926897,-72.645767,,
"2701 Crystal Lake Rd Whitehall,MI 49461",Crystal Downs,MI-Crystal Downs-2701,"Muskegon, MI",Relatively Low,TIR Equities,TIR Equities,103,N/A,Fannie Mae,Manufactured Housing,43.398146,-86.309338,,
"2239 Black Canyon Rd Ramona,CA 92065",Oak Tree Ranch,CA-Oak Tree Ranch-2239,"San Diego, CA",Very High,Hometown America,Calzada Capital Partners,102,2018,No,Manufactured Housing,33.080951,-116.838814,,
"1852 16th St SW Minot,ND 58701",Western Village Mobile Home Park,ND-Western Village Mobile Home Park-1852,"Ward, ND",Relatively Low,Homes of America,Alden Global Capital,102,2022,No,Manufactured Housing,48.213702,-101.320524,,
"821 17th Ave Longmort,CO 80501",Grand Meadow,CO-Grand Meadow-821,"Boulder, CO",Relatively Moderate,RHP Properties (Brookfield),Brookfield Corporation,102,2017,Fannie Mae,Manufactured Housing,40.188419,-105.105909,,
"5602 South Palo Verde Road Tucson,AZ 85706",Ranchwood,AZ-Ranchwood-5602,"Pima, AZ",Relatively High,Inspire Communities,Apollo Global Management,102,2021,No,Manufactured Housing,32.150094,-110.918146,,
"2121 Mt Ephraim Ave Camden,NJ 8104",Woodlynne ,NJ-Woodlynne -2121,"Camden, NJ",Relatively Moderate,Horizon Land Company,Federal Capital Partners,102,N/A,No,Manufactured Housing,39.914014,-75.099828,,
"4651 W Eau Galle Blvd Melbourne,FL 32934",Groveland,FL-Groveland-4651,"Brevard, FL",Relatively High,Riverstone Communities,Riverstone Capital Partners,102,N/A,Fannie Mae,Manufactured Housing,28.116618,-80.704807,,
"325 Rosedale Ave St. Cloud,FL 34769",Jade Isle,FL-Jade Isle-325,"Osceola, FL",Relatively Moderate,Treehouse Communities,The Blackstone Group,102,N/A,Fannie Mae,Manufactured Housing,28.253312,-81.262061,,
"229 Killingworth Turnpike Clinton,CT 06413",Evergreen Springs,CT-Evergreen Springs -229,"Lower Connecticut River Valley, CT",Relatively Moderate,RHP Properties (RHP),RHP Properties,102,2004,No,Manufactured Housing,41.317492,-72.542134,,
"1841 George Jenkins Blvd. Lakeland,FL 33815",El Camba,FL-El Camba -1841,"Polk, FL",Relatively High,RHP Properties (RHP),RHP Properties,102,N/A,Freddie Mac,Manufactured Housing,28.04245,-81.985211,,
"1905 North 2nd Drive Stevens Point,WI 54482",Evergreen Villa,WI-Evergreen Villa-1905,"Portage, WI",Relatively Low,RHP Properties (RHP),RHP Properties,102,N/A,Freddie Mac,Manufactured Housing,44.577834,-89.588424,,
"900 N Curry Pike Bloomington,IN 47404",E&N,IN-E&N-900,"Monroe, IN",Relatively Low,Open Management,Open Capital,102,N/A,N/A,Manufactured Housing,39.174929,-86.581947,,
"2622 Falcon St. SPC 82 White City,OR 97503",Cascade Village,OR-Cascade Village-2622,"Jackson, OR",Relatively Moderate,Legacy Communities,Legacy Communities,102,N/A,N/A,Manufactured Housing,42.434502,-122.834403,,
"3700 S Tomahawk Rd Apache Junction,AZ 85219",Quail Run,AZ-Quail Run-3700,"Pinal, AZ",Relatively Moderate,Kingsley Management,Kingsley Management,102,N/A,N/A,Manufactured Housing,33.382257,-111.530667,,
"3200 Grandview Dr Simpsonville,SC 29680",Simpsonville MHP,SC-Simpsonville MHP-3200,"Greenville, SC",Relatively Moderate,Impact Communities,MHP Funds,101,N/A,Freddie Mac,Manufactured Housing,34.728997,-82.265153,,
"2620 N. Washington Kokomo,IN 46901",Riley Estates,IN-Riley Estates -2620,"Howard, IN",Relatively Low,RHP Properties (RHP),RHP Properties,101,N/A,No,Manufactured Housing,40.513725,-86.129416,,
"518 Everett Ave Panama City,FL 32401",Isle of View,FL-Isle of View-518,"Bay, FL",Relatively Moderate,Open Management,Open Capital,101,N/A,N/A,Manufactured Housing,30.160257,-85.620614,,
"1045 Nadeau Rd Monroe,MI 48162",Pleasantville,MI-Pleasantville-1045,"Monroe, MI",Relatively Moderate,Yes! Communities,Stockbridge Capital Group,100,2018,Fannie Mae,Manufactured Housing,41.964359,-83.355393,,
"12960 MORRIS BRIDGE RD Thonotosassa,FL 33592",Pine Ridge Estates,FL-Pine Ridge Estates-12960,"Hillsborough, FL",Relatively High,Homes of America,Alden Global Capital,100,2023,No,Manufactured Housing,28.080463,-82.324538,,
"518 Hickory Ln Howard City,MI 49329",Village Trails,MI-Village Trails-518,"Montcalm, MI",Relatively Low,RHP Properties (Brookfield),Brookfield Corporation,100,2017,No,Manufactured Housing,43.382373,-85.475703,,
"James St and New York St Connelly,NY 12417",Connelly Terrace,NY-Connelly Terrace-James,"Ulster, NY",Relatively Moderate,RHP Properties (Brookfield),Brookfield Corporation,100,2017,No,Manufactured Housing,41.907991,-73.98985,,
"175 Precipice Rd Camden,SC 29020",Hermitage Farms,SC-Hermitage Farms-175,"Kershaw, SC",Relatively Low,Inspire Communities,Apollo Global Management,100,N/A,Fannie Mae,Manufactured Housing,34.227162,-80.563903,,
"1795 Osborn Ave Riverhead,NY 11901",Oakland Ridge,NY-Oakland Ridge-1795,"Suffolk, NY",Relatively High,Horizon Land Company,Federal Capital Partners,100,2020,No,Manufactured Housing,40.942872,-72.712371,,
"3977 Sherwood Lakes Blvd Jackson,MI 49201",The Reserves,MI-The Reserves-3977,"Jackson, MI",Relatively Low,Windward Communities,Green Courte Partners,100,N/A,Fannie Mae,Manufactured Housing,42.289315,-84.445143,,
"2700 N IH 45 Ennis,TX 75119",Ennis MHP,TX-Ennis MHP -2700,"Ellis, TX",Relatively Moderate,Impact Communities,MHP Funds,100,N/A,Freddie Mac,Manufactured Housing,32.336691,-96.61776,,
"11725 W FM 2790 S La Coste,TX 78039",La Coste Village Manufactured Home Community,TX-La Coste Village Manufactured Home Community-11725,"Bexar, TX",Relatively High,Impact Communities,MHP Funds,100,N/A,Freddie Mac,Manufactured Housing,29.225561,-98.725422,,
"6250 N Federal Blvd Denver,CO 80221",Garden Meadows,CO-Garden Meadows-6250,"Adams, CO",Relatively Moderate,RHP Properties (Brookfield),Brookfield Corporation,100,N/A,No,Manufactured Housing,39.809686,-105.023396,,
"1624 S. 25 W Site Tipton,IN 46072",Country Living,IN-Country Living -1624,"Tipton, IN",Very Low,RHP Properties (RHP),RHP Properties,100,N/A,No,Manufactured Housing,40.282312,-86.019271,,
"705 East 4th St. Rochester,IN 46975",Four Seasons,IN-Four Seasons -705,"Fulton, IN",Very Low,RHP Properties (RHP),RHP Properties,100,N/A,Fannie Mae,Manufactured Housing,41.070546,-86.205368,,
"560 W.21st Street Monroe,WI 53566",Monroe Estates,WI-Monroe Estates -560,"Green, WI",Relatively Low,RHP Properties (RHP),RHP Properties,100,N/A,Fannie Mae,Manufactured Housing,42.591907,-89.652099,,
"2991 Mounds Rd Blue Mounds,WI 53517",Blue Mounds,WI-Blue Mounds-2991,"Dane, WI",Relatively Moderate,Open Management,Open Capital,100,N/A,Freddie Mac,Manufactured Housing,43.018586,-89.834413,,
"1571-1563 N 30th Rd Ottawa,IL 61350",Ottawa Estates MHP,IL-Ottawa Estates MHP-1571,"Lasalle, IL",Relatively Moderate,Knights Communities,Keel Team,100,N/A,N/A,Manufactured Housing,41.367445,-88.861535,,
"9427 E University Dr Mesa,AZ 85207",Sunny Crest MHP,AZ-Sunny Crest MHP-9427,"Maricopa, AZ",Very High,Kingsley Management,Kingsley Management,100,N/A,N/A,Manufactured Housing,33.418485,-111.626685,,
"709 N Collins Fwy Howe,TX",Pradera,TX-Pradera -709,"Grayson, TX",Relatively Low,Havenpark Communities,Havenpark Capital Partners,100,N/A,N/A,Manufactured Housing,33.514747,-96.615257,,
"2701 S Park Rd Hallandale Beach,FL",Lakeshore Mobile Park,FL-Lakeshore Mobile Park-2701,"Broward, FL",Relatively High,Riverstone Communities,Riverstone Capital Partners,100,N/A,N/A,Manufactured Housing,25.987743,-80.169403,,
"2705 Hoeke Ln Austin,TX",Pecan Park Mobile homes,TX-Pecan Park Mobile homes-2705,"Travis, TX",Relatively High,Riverstone Communities,Riverstone Capital Partners,100,N/A,N/A,Manufactured Housing,30.212641,-97.689904,,
"1025 N 300 ,UT 84663",Oakbrook Park,UT-Oakbrook Park-1025,"Utah, UT",Relatively High,The Carlyle Group,The Carlyle Group,100,N/A,N/A,Manufactured Housing,40.171083,-111.591937,,
"1 Locust Grove Hazlet,NJ 7730",Locust-Bayshore,NJ-Locust-Bayshore-1,"Monmouth, NJ",Relatively High,Horizon Land Company,Federal Capital Partners,99,N/A,No,Manufactured Housing,40.42097,-74.106858,,
"17801 130th Ave N Jupiter,FL 33478",West Jupiter RV Resort,FL-West Jupiter RV Resort-17801,"Palm Beach, FL",Relatively High,Treehouse Communities,The Blackstone Group,99,N/A,No,Manufactured Housing,26.939389,-80.239707,,
"946 N Smith St Hesperia,MI 49421",Evergreen Village,MI-Evergreen Village-946,"Newaygo, MI",Relatively Low,Impact Communities,MHP Funds,99,N/A,Freddie Mac,Manufactured Housing,43.572714,-86.027005,,
"151309 Timber Village Rd Groveland,FL 34736",Timber Village MHP,FL-Timber Village MHP-151309,"Lake, FL",Relatively Moderate,Legacy Communities,Legacy Communities,99,N/A,Freddie Mac,Manufactured Housing,28.563648,-81.830945,,
"5387 County Rd 154 Glenwood Springs,CO 81601",Cavern Springs MHC,CO-Cavern Springs MHC-5387,"Garfield, CO",Relatively Low,Horizon Land Company,Federal Capital Partners,98,N/A,No,Manufactured Housing,39.470839,-107.270961,,
"1701 Maryland Dr Irving,TX 75061",Stone Tree MHC,TX-Stone Tree MHC-1701,"Dallas, TX",Very High,Horizon Land Company,Federal Capital Partners,98,2023,No,Manufactured Housing,32.833004,-96.90872,,
"775 W. Elm Ave Charleston,IL 61920",University Estates,IL-University Estates-775,"Coles, IL",Relatively Low,RHP Properties (RHP),RHP Properties,98,N/A,No,Manufactured Housing,39.502204,-88.191165,,
"2501 Martin Luther King Dr San Angelo,TX 76903",Star Dust,TX-Star Dust-2501,"Tom Green, TX",Relatively Low,Open Management,Open Capital,98,N/A,N/A,Manufactured Housing,31.482327,-100.456656,,
"3315 Frankie Ln Cocoa,FL 32926",Cypress Strand Mobile Home Park,FL-Cypress Strand Mobile Home Park-3315,"Brevard, FL",Relatively High,Homes of America,Alden Global Capital,97,2021,No,Manufactured Housing,28.366271,-80.806451,,
"917 S Kennedy Ave Madrdid,IA 50156",Meadow Estates,IA-Meadow Estates-917,"Boone, IA",Very Low,Horizon Land Company,Federal Capital Partners,97,2021,No,Manufactured Housing,41.867705,-93.814441,,
"129 King George Drive New Windsor,NY 12553",Windmere MHC,NY-Windmere MHC-129,"Orange, NY",Relatively Moderate,Horizon Land Company,Federal Capital Partners,97,N/A,No,Manufactured Housing,41.463087,-74.09333,,
"3701 McKinley St Omaha,NE 68112",Town & Country Mobile Homes,NE-Town & Country Mobile Homes-3701,"Douglas, NE",Relatively High,Impact Communities,MHP Funds,97,N/A,Freddie Mac,Manufactured Housing,41.340973,-95.974313,,
"1275 Baker Rd Virginia Beach,VA",Colonial Run,VA-Colonial Run-1275,"Virginia Beach, VA",Relatively Low,The Carlyle Group,The Carlyle Group,97,N/A,N/A,Manufactured Housing,36.888329,-76.18601,,
"3625 Ashley Phosphate Rd North Charleston,SC 29420",Ashley Arbor II,SC-Ashley Arbor II-3625,"Charleston, SC",Relatively High,Yes! Communities,Stockbridge Capital Group,96,2020,Fannie Mae,Manufactured Housing,32.920661,-80.078825,,
"1701 Mascoutah Ave Belleville,IL 62220",Green Mount Station Mobile Home Park,IL-Green Mount Station Mobile Home Park-1701,"St. Clair, IL",Relatively High,Homes of America,Alden Global Capital,96,2021,No,Manufactured Housing,38.503042,-89.956568,,
"4261 Hillary Circle Palm Beach,FL 33406",Marlboro Court,FL-Marlboro Court-4261,"Palm Beach, FL",Relatively High,Treehouse Communities,The Blackstone Group,96,2019,No,Manufactured Housing,26.63839,-80.110792,,
"210 Allen Lane Duncansville,PA 16635",Greendown Acres,PA-Greendown Acres-210,"Blair, PA",Relatively Low,Impact Communities,MHP Funds,96,N/A,No,Manufactured Housing,40.395682,-78.416452,,
"120 Terry Blvd Gering,NE 69341",Bluffivew Estates,NE-Bluffivew Estates-120,"Scotts Bluff, NE",Relatively Low,Open Management,Open Capital,96,N/A,N/A,Manufactured Housing,41.848296,-103.665259,,
"5217 Madison Ave Indianapolis,IN 46227",Southtown,IN-Southtown-5217,"Marion, IN",Relatively High,Open Management,Open Capital,96,N/A,Freddie Mac,Manufactured Housing,39.689284,-86.133639,,
"1406 8th St Canyon,TX 79015",Chaparral Villa Community,TX-Chaparral Villa Community-1406,"Randall, TX",Relatively Moderate,Knights Communities,Keel Team,96,N/A,N/A,Manufactured Housing,34.969363,-101.938931,,
"1701 Mascoutah Ave Belleville,IL 62221",Greenmount Station,IL-Greenmount Station-1701,"St. Clair, IL",Relatively High,Homes of America,Alden Global Capital,96,2022,No,Manufactured Housing,38.503042,-89.956568,,
"16 West Wasson Amboy,IL 61310",The Meadows,IL-The Meadows-16,"Lee, IL",Relatively Low,Yes! Communities,Stockbridge Capital Group,95,2021,Freddie Mac,Manufactured Housing,41.722791,-89.334388,,
"101 North Michigan St Lawrence,KS 66044",Pine Hills,KS-Pine Hills-101,"Douglas, KS",Relatively Low,RHP Properties (RHP),RHP Properties,95,2024,No,Manufactured Housing,38.983355,-95.252043,,
"4901 S Douglas Hwy Gillette,WY 82718",Highview,WY-Highview-4901,"Campbell, WY",Relatively Low,RHP Properties (Brookfield),Brookfield Corporation,95,2017,No,Manufactured Housing,44.248818,-105.480024,,
"81 Glen Crossing Rd Glen Carbon,IL 62034",East 30 Commons MHC,IL-East 30 Commons MHC-81,"Madison, IL",Relatively Moderate,Horizon Land Company,Federal Capital Partners,95,N/A,No,Manufactured Housing,38.768863,-89.969364,,
"101 Dewey St Urbana,IL 61802",Surbana Estates,IL-Surbana Estates-101,"Champaign, IL",Relatively Moderate,Horizon Land Company,Federal Capital Partners,95,N/A,No,Manufactured Housing,40.112254,-88.17282,,
"5796 Ulmerton Rd Clearwater,FL 33760",Mariner's Cove,FL-Mariner's Cove-5796,"Pinellas, FL",Relatively High,Riverstone Communities,Riverstone Capital Partners,95,2020,Freddie Mac,Manufactured Housing,27.89189,-82.711891,,
"NE Indian River Drive Jensen Beach,FL 34957",Riverside Mobile Home Park,FL-Riverside Mobile Home Park-NE,"Martin, FL",Relatively Moderate,Riverstone Communities,Riverstone Capital Partners,95,N/A,No,Manufactured Housing,27.241454,-80.222953,,
"11955 Holasek Ave Se Becker,MN 55308",Pine Ridge Court,MN-Pine Ridge Court-11955,"Sherburne, MN",Relatively Low,Havenpark Communities,Havenpark Capital Partners,95,2019,Fannie Mae,Manufactured Housing,45.397144,-93.869396,,
"960 Happy Valley Drive Menasha,WI 54952",Harbor Lights,WI-Harbor Lights -960,"Winnebago, WI",Relatively Moderate,RHP Properties (RHP),RHP Properties,95,N/A,Fannie Mae,Manufactured Housing,44.217072,-88.447075,,
"11956 Stevens Ave Becker,MN",Pine Ridge Court,MN-Pine Ridge Court-11956,"Sherburne, MN",Relatively Low,Havenpark Communities,Havenpark Capital Partners,95,2019,N/A,Manufactured Housing,45.397174,-93.868949,,
"750 Wood Sorrel Dr Petaluma,CA 94954",Royal Oaks Senior Mobile Home Community,CA-Royal Oaks Senior Mobile Home Community-750,"Sonoma, CA",Relatively High,Treehouse Communities,The Blackstone Group,94,2022,Fannie Mae,Manufactured Housing,38.260785,-122.644925,,
"157 Roy Drive Ridgeley,WV 26753",Moreland MHP,WV-Moreland MHP-157,"Mineral, WV",Relatively Low,Horizon Land Company,Federal Capital Partners,94,2021,No,Manufactured Housing,39.559621,-78.786016,,
"9348 Silver Lake Rd Linden,MI 48451",North Bay Harbor Club,MI-North Bay Harbor Club-9348,"Genesee, MI",Relatively Moderate,Havenpark Communities,Havenpark Capital Partners,94,N/A,No,Manufactured Housing,42.798038,-83.856932,,
"6000 Beth Ave Canton,OH 44706",Beth MHP,OH-Beth MHP-6000,"Stark, OH",Relatively Moderate,Impact Communities,MHP Funds,94,N/A,Freddie Mac,Manufactured Housing,40.722886,-81.446481,,
"1300 Michigan Avenue Iron Mountain,MI 49801",Park Ridge,MI-Park Ridge -1300,"Dickinson, MI",Relatively Low,RHP Properties (RHP),RHP Properties,94,N/A,Fannie Mae,Manufactured Housing,45.809455,-88.049647,,
"4205 Hills Haven Rd Buchanan,MI 49107",Hills Haven,MI-Hills Haven -4205,"Berrien, MI",Relatively Moderate,RHP Properties (RHP),RHP Properties,94,N/A,No,Manufactured Housing,41.878326,-86.358058,,
"122 Gouge Dr Dry Ridge,KY 41035",Sherman Estates,KY-Sherman Estates-122,"Grant, KY",Very Low,Sunrise Communities,Sunrise Communities,94,N/A,Fannie Mae,Manufactured Housing,38.720901,-84.589317,,
"11567 Heron Bay Dr Fenton,MI",North Bay Harbor Club,MI-North Bay Harbor Club-11567,"Livingston, MI",Relatively Low,Havenpark Communities,Havenpark Capital Partners,94,N/A,N/A,Manufactured Housing,42.774607,-83.819323,,
"1700 Leon Road Jacksonville,FL 32246",Creekside Homes - Leon Park,FL-Creekside Homes - Leon Park-1700,"Duval, FL",Relatively High,Homes of America,Alden Global Capital,94,2025,N/A,Manufactured Housing,30.321221,-81.538725,,
"225 South Elk St Hemet,CA 92543",Jackson,CA-Jackson-225,"Riverside, CA",Very High,Inspire Communities,Apollo Global Management,93,2021,No,Manufactured Housing,33.745234,-116.98457,,
"7432 Jessica Way Rocky Mount,NC 27803",Farmington Hills,NC-Farmington Hills-7432,"Nash, NC",Relatively Low,Inspire Communities,Apollo Global Management,93,2021,No,Manufactured Housing,35.897859,-77.860091,,
"5730 Highway 707 Myrtle Beach,SC 29588",Riverbanks,SC-Riverbanks-5730,"Horry, SC",Relatively High,Riverstone Communities,Riverstone Capital Partners,93,2009,Fannie Mae,Manufactured Housing,33.679119,-79.007108,,
"420 North Street Lawrence,KS 66044",Riverside,KS-Riverside -420,"Douglas, KS",Relatively Low,RHP Properties (RHP),RHP Properties,93,N/A,No,Manufactured Housing,38.984755,-95.229787,,
"3170 Orchard Lake Rd Keego Harbor,MI 48320",Keego Harbor,MI-Keego Harbor-3170,"Oakland, MI",Relatively High,TIR Equities,TIR Equities,93,N/A,N/A,Manufactured Housing,42.605077,-83.348085,,
"411 S Grover Ave Alma,MI",Meadows Mobile Home Park,MI-Meadows Mobile Home Park-411,"Gratiot, MI",Relatively Low,Impact Communities,MHP Funds,93,N/A,N/A,Manufactured Housing,43.366364,-84.646502,,
"3990 N Las Vegas Blvd Las Vegas,NV",Sunset Mobile Home Park,NV-Sunset Mobile Home Park-3990,"Clark, NV",Very High,Bridge Investment Group,,93,2025,N/A,Manufactured Housing,36.231063,-115.067274,,
"420 E North St Lawrence,KS 66044",Riverside,KS-Riverside-420,"Douglas, KS",Relatively Low,RHP Properties (Brookfield),Brookfield Corporation,93,2017,N/A,Manufactured Housing,38.984755,-95.229787,,
"201 Fish Haven Rd Auburndale,FL 33823",Fish Haven,FL-Fish Haven-201,"Polk, FL",Relatively High,Inspire Communities,Apollo Global Management,92,2021,No,Manufactured Housing,28.127917,-81.812423,,
"2000 Carl Rd Irving,TX 75061",Timberstone Mobile Home Park,TX-Timberstone Mobile Home Park-2000,"Dallas, TX",Very High,Horizon Land Company,Federal Capital Partners,92,2021,No,Manufactured Housing,32.835721,-96.928869,,
"2701 Staghorn Ct. Deland,FL 32724",Fernwood,FL-Fernwood -2701,"Volusia, FL",Relatively High,RHP Properties (RHP),RHP Properties,92,N/A,No,Manufactured Housing,29.075255,-81.304066,,
"7924 W Central Ave Toledo,OH 43617",Sylvania Estates,OH-Sylvania Estates-7924,"Lucas, OH",Relatively Moderate,MHC Capital,MHC Capital,92,N/A,N/A,Manufactured Housing,41.673758,-83.733037,,
"1901 S 2nd St Millville,NJ 8332",Liberty Village,NJ-Liberty Village-1901,"Cumberland, NJ",Relatively Moderate,Hometown America,Calzada Capital Partners,91,2016,No,Manufactured Housing,39.373595,-75.024471,,
"600 Oak Street Waupaca,WI 54981",Oak Manor,WI-Oak Manor-600,"Waupaca, WI",Relatively Low,RHP Properties (RHP),RHP Properties,91,N/A,Fannie Mae,Manufactured Housing,44.364315,-89.075923,,
"21871 Newland St Huntington Beach,CA 92646",Waterfront RV Park,CA-Waterfront RV Park-21871,"Orange, CA",Very High,Hometown America,Calzada Capital Partners,90,N/A,No,Manufactured Housing,33.644854,-117.980846,,
"1201 Heidelberg Egg Harbor,NJ 8215",Mullica Woods,NJ-Mullica Woods-1201,"Atlantic, NJ",Relatively Moderate,Hometown America,Calzada Capital Partners,90,2006,Fannie Mae,Manufactured Housing,39.549308,-74.645149,,
"8479 Alameda Avenue El Paso,TX 79907",Mission Trail,TX-Mission Trail-8479,"El Paso, TX",Relatively High,Inspire Communities,Apollo Global Management,90,2018,No,Manufactured Housing,31.707057,-106.343401,,
"1338 Ashley Rd Boonville,MO 65233",Black Oaks,MO-Black Oaks-1338,"Cooper, MO",Very Low,Inspire Communities,Apollo Global Management,90,2021,No,Manufactured Housing,38.954639,-92.762522,,
"304 Hayes St W Hazelton,IA 50641",Hazelton Mobile Home Park,IA-Hazelton Mobile Home Park-304,"Buchanan, IA",Very Low,Impact Communities,MHP Funds,90,N/A,No,Manufactured Housing,42.616485,-91.910679,,
"777 Pioneer Road Marquette,MI 49855",Pioneer Village,MI-Pioneer Village-777,"Marquette, MI",Relatively Low,RHP Properties (RHP),RHP Properties,90,N/A,Fannie Mae,Manufactured Housing,46.526088,-87.412719,,
"1110 Lancelot Court, Office  Pulaski,WI 54162",Camelot Terrace,WI-Camelot Terrace -1110,"Brown, WI",Relatively Moderate,RHP Properties (RHP),RHP Properties,90,N/A,No,Manufactured Housing,44.658997,-88.218696,,
"1866 W Sego Lily Ln. Tucson,AZ 85705",Weststar,AZ-Weststar -1866,"Pima, AZ",Relatively High,RHP Properties (RHP),RHP Properties,90,N/A,No,Manufactured Housing,32.28258,-111.005632,,
"903 S 16th St Norfolk,NE 68701",Norfolk Mobile Home Park,NE-Norfolk Mobile Home Park-903,"Madison, NE",Relatively Low,Knights Communities,Keel Team,90,N/A,Fannie Mae,Manufactured Housing,42.024089,-97.431286,,
"4614 E Old Trail Rd Columbia City,IN 46725",Miami Village,IN-Miami Village-4614,"Whitley, IN",Very Low,Sunrise Communities,Sunrise Communities,90,N/A,N/A,Manufactured Housing,41.162476,-85.404843,,
"6124 Jack Dr Salisbury,MD 21804",Walston,MD-Walston-6124,"Wicomico, MD",Relatively Low,Sunrise Communities,Sunrise Communities,90,N/A,N/A,Manufactured Housing,38.360718,-75.508853,,
"1300 Palmetto Ave Pacifica,CA",The Cottages at Seaside Apartments,CA-The Cottages at Seaside Apartments-1300,"San Mateo, CA",Relatively High,The Carlyle Group,The Carlyle Group,90,N/A,N/A,Manufactured Housing,37.640976,-122.493466,,
"2704 Valley Rd Meridian,MS 39307",Southern Estates,MS-Southern Estates-2704,"Lauderdale, MS",Relatively Moderate,Homes of America,Alden Global Capital,89,2021,No,Manufactured Housing,32.334784,-88.72656,,
"2425 South 15th St Plattsmouth,NE 68048",Summer Grove,NE-Summer Grove-2425,"Cass, NE",Very Low,Horizon Land Company,Federal Capital Partners,89,N/A,No,Manufactured Housing,40.985727,-95.895337,,
"6117 Tall Pine Lane Chattanooga,TN 37421",Acres of Shade,TN-Acres of Shade-6117,"Hamilton, TN",Relatively Moderate,Horizon Land Company,Federal Capital Partners,89,N/A,No,Manufactured Housing,35.036881,-85.188781,,
"18501 52nd Ave W Lynwood,WA 98037",Royalwood,WA-Royalwood-18501,"Snohomish, WA",Relatively High,Crow Holdings,Crow Holdings Capital - Real Estate,89,2023,No,Manufactured Housing,47.831846,-122.302247,,
"11440 Causeway Blvd New Port Richey,FL 34654",Imperial Oaks,FL-Imperial Oaks-11440,"Pasco, FL",Relatively High,Legacy Communities,Legacy Communities,89,N/A,Freddie Mac,Manufactured Housing,28.312796,-82.625521,,
"1050 E Broadway Ave Apache Junction,AZ",The Orchards MHC,AZ-The Orchards MHC-1050,"Pinal, AZ",Relatively Moderate,Treehouse Communities,,89,N/A,N/A,Manufactured Housing,33.40967,-111.534731,,
"382 Sherwood Forest Dr Ringgold,GA 30736",Sherwood Forest Mobile Home Park,GA-Sherwood Forest Mobile Home Park-382,"Catoosa, GA",Relatively Low,Homes of America,Alden Global Capital,88,2021,No,Manufactured Housing,34.969646,-85.164688,,
"2515 Sweetwater Rd Spring Valley,CA 91977",Carman Ranch,CA-Carman Ranch-2515,"San Diego, CA",Very High,Hometown America,Calzada Capital Partners,88,2021,No,Manufactured Housing,32.732627,-117.013253,,
"5909 Wilkerson Rd Fayetteville,AR 72704",Oak Glen,AR-Oak Glen-5909,"Washington, AR",Relatively Moderate,RHP Properties (RHP),RHP Properties,88,2017,No,Manufactured Housing,36.130578,-94.162761,,
"7901 Arizona 69 Prescott Valley,AZ 86314",Shadow Mountain,AZ-Shadow Mountain-7901,"Yavapai, AZ",Relatively Moderate,Treehouse Communities,The Blackstone Group,88,N/A,Fannie Mae,Manufactured Housing,34.585932,-112.327719,,
"2580 Nursery Rd Clearwater,FL 33764",Far Horizons,FL-Far Horizons-2580,"Pinellas, FL",Relatively High,Treehouse Communities,The Blackstone Group,88,2020,Fannie Mae,Manufactured Housing,27.942566,-82.733135,,
"6250 Roosevelt Blvd. Clearwater,FL 33760",Satellite Bay,FL-Satellite Bay -6250,"Pinellas, FL",Relatively High,RHP Properties (RHP),RHP Properties,88,N/A,No,Manufactured Housing,27.915997,-82.722673,,
"843 SW Crestview Way Troutdale,OR",Columbia Heights,OR-Columbia Heights-843,"Multnomah, OR",Relatively High,The Carlyle Group,The Carlyle Group,88,N/A,N/A,Manufactured Housing,45.534118,-122.395909,,
"1735 NW Lyman Rd Topeka,KS 66608",Brittany Place,KS-Brittany Place-1735,"Shawnee, KS",Relatively Moderate,RHP Properties (Brookfield),Brookfield Corporation,87,2017,Fannie Mae,Manufactured Housing,39.087339,-95.687934,,
"23500 The Old Rd Newhall,CA 91321",Crescent Valley ,CA-Crescent Valley -23500,"Los Angeles, CA",Very High,Treehouse Communities,The Blackstone Group,87,2021,Fannie Mae,Manufactured Housing,34.586093,-118.678349,,
"200 E Ivanhoe St Chandler,AZ 85225",Chandler Estates,AZ-Chandler Estates-200,"Maricopa, AZ",Very High,Treehouse Communities,The Blackstone Group,87,2019,Fannie Mae,Manufactured Housing,33.317645,-111.838356,,
"14566 N Red Bud Trail Buchanan,MI 49107",Riverside Estates,MI-Riverside Estates-14566,"Berrien, MI",Relatively Moderate,Cambio Communities,Silver Creek Capital,87,N/A,No,Manufactured Housing,41.855383,-86.366075,,
"807 Eastwood Circle Morristown,TN 37814",Eastwood park,TN-Eastwood park-807,"Hamblen, TN",Relatively Low,Yes! Communities,Stockbridge Capital Group,86,2016,Fannie Mae,Manufactured Housing,36.229572,-83.269351,,
"325 West Hwy 89-A Cottonwood,AZ 86326",El Rio de Oro,AZ-El Rio de Oro-325,"Yavapai, AZ",Relatively Moderate,Treehouse Communities,The Blackstone Group,86,N/A,Fannie Mae,Manufactured Housing,34.616575,-111.893171,,
"8829 Salamander Drive North Charleston,SC 29406",Deerhaven Trails,SC-Deerhaven Trails-8829,"Charleston, SC",Relatively High,Horizon Land Company,Federal Capital Partners,86,N/A,No,Manufactured Housing,32.964834,-80.070245,,
"36 East St Tiffin,IA 52340",Clear Creek Mobile Home Park,IA-Clear Creek Mobile Home Park-36,"Johnson, IA",Relatively Moderate,Impact Communities,MHP Funds,86,N/A,Freddie Mac,Manufactured Housing,41.702144,-91.663379,,
"5702 N 16th St Omaha,NE 68110",Garden Valley Manufactured Home Community,NE-Garden Valley Manufactured Home Community-5702,"Douglas, NE",Relatively High,Impact Communities,MHP Funds,86,N/A,No,Manufactured Housing,41.310718,-95.937666,,
"1901 First St Boone,IA 50036",Boone Estates,IA-Boone Estates-1901,"Boone, IA",Very Low,Open Management,Open Capital,86,N/A,Freddie Mac,Manufactured Housing,42.056776,-93.862816,,
"415 North Elkhart St Wakarusa,IN 46573",Countryside Estates,IN-Countryside Estates-415,"Elkhart, IN",Relatively Moderate,Open Management,Open Capital,86,N/A,N/A,Manufactured Housing,41.541753,-86.022947,,
"1600 Rosharon Rd Alvin,TX 77511",Tranquility Village,TX-Tranquility Village-1600,"Brazoria, TX",Relatively Moderate,Impact Communities,MHP Funds,86,2018,N/A,Manufactured Housing,29.405656,-95.258528,,
"4449 Burlington Rd Greensboro,NC 27405",Gallant Estates,NC-Gallant Estates-4449,"Guilford, NC",Relatively Moderate,Yes! Communities,Stockbridge Capital Group,85,2016,Fannie Mae,Manufactured Housing,36.090273,-79.695251,,
"1400 East Kay St Haysville,KS 67060",Park Avenue Estates,KS-Park Avenue Estates-1400,"Sedgwick, KS",Relatively High,RHP Properties (Brookfield),Brookfield Corporation,85,2017,No,Manufactured Housing,37.570279,-97.334983,,
"2907 S Santa Fe Ave San Marcos,CA 92069",Springdale Estates,CA-Springdale Estates-2907,"San Diego, CA",Very High,Treehouse Communities,The Blackstone Group,85,2018,No,Manufactured Housing,33.157665,-117.204226,,
"12002 Highway 64 Barnwell,SC 29812",Ramblewood,SC-Ramblewood-12002,"Barnwell, SC",Relatively Low,Inspire Communities,Apollo Global Management,85,N/A,Fannie Mae,Manufactured Housing,33.241114,-81.401887,,
"156 N Hawes Rd Mesa,AZ 85207",Juanita,AZ-Juanita-156,"Maricopa, AZ",Very High,Treehouse Communities,The Blackstone Group,85,2021,No,Manufactured Housing,33.418343,-111.650421,,
"403 S Adams St Lexington,NE 68850",Sunrise MHP,NE-Sunrise MHP-403,"Dawson, NE",Relatively Low,Impact Communities,MHP Funds,85,N/A,No,Manufactured Housing,40.772349,-99.750348,,
"720 S Boulder Dr Logansport,IN 46949",Boulders MHP,IN-Boulders MHP-720,"Cass, IN",Relatively Low,Impact Communities,MHP Funds,85,2021,No,Manufactured Housing,40.75421,-86.404039,,
"150 Silverado Trail Napa,CA 94559",Silverado Pines,CA-Silverado Pines-150,"Napa, CA",Relatively High,Legacy Communities,Legacy Communities,85,N/A,N/A,Manufactured Housing,38.289107,-122.272832,,
"1998 Sam Nunn Blvd Perry,GA 31069",Pecan Grove Mobile Manor,GA-Pecan Grove Mobile Manor-1998,"Houston, GA",Relatively Low,Knights Communities,Keel Team,85,N/A,N/A,Manufactured Housing,32.481932,-83.750946,,
"1701 NW 5th St Deerfield Beach,FL",Tidewater Estates,FL-Tidewater Estates-1701,"Broward, FL",Relatively High,The Carlyle Group,The Carlyle Group,85,N/A,N/A,Manufactured Housing,26.326039,-80.128286,,
"610 Vaughan Lane Lebanon,OR 97355",Foxfield Manufactured Home Community,OR-Foxfield Manufactured Home Community-610,"Linn, OR",Relatively Moderate,Legacy Communities,Legacy Communities,85,N/A,N/A,Manufactured Housing,44.512312,-122.915908,,
"2601 Patricia Drive Pensacola,FL 32526",Sabal Palm Mobile Home Park,FL-Sabal Palm Mobile Home Park-2601,"Escambia, FL",Relatively High,Homes of America,Alden Global Capital,84,2021,No,Manufactured Housing,30.435635,-87.310652,,
"14522 Jefferson Davis Hwy Woodbridge,VA 22191",Featherstone MHC,VA-Featherstone MHC-14522,"Prince William, VA",Relatively Moderate,Horizon Land Company,Federal Capital Partners,84,2016,Fannie Mae,Manufactured Housing,38.637818,-77.269883,,
"2261 Gulf to Bay Blvd Clearwater,FL 33765",Happy Trails,FL-Happy Trails-2261,"Pinellas, FL",Relatively High,Riverstone Communities,Riverstone Capital Partners,84,2002,Fannie Mae,Manufactured Housing,27.958291,-82.743637,,
"94 Whidden Road Labelle,FL 33935",Maple Corner,FL-Maple Corner-94,"Glades, FL",Relatively Low,Treehouse Communities,The Blackstone Group,84,2020,No,Manufactured Housing,26.786237,-81.436889,,
"W2377 US Highway 10 Forest Junction,WI 54123",Forest Junction,WI-Forest Junction -W2377,"Calumet, WI",Very Low,RHP Properties (RHP),RHP Properties,84,N/A,Fannie Mae,Manufactured Housing,44.20975,-88.154663,,
"2801 Thielman Street Merrill,WI 54452",Whispering Pines,WI-Whispering Pines -2801,"Lincoln, WI",Relatively Low,RHP Properties (RHP),RHP Properties,84,N/A,No,Manufactured Housing,45.181149,-89.660462,,
"890 Hidden Valley Rd ,MT 59718",Timberline Ridge,MT-Timberline Ridge-890,"Gallatin, MT",Relatively Moderate,The Carlyle Group,The Carlyle Group,84,2021,N/A,Manufactured Housing,45.720296,-111.097708,,
"Silver St Clinton,ME 4927",Evergreen Terrace,ME-Evergreen Terrace-Silver,"Kennebec, ME",Relatively Low,Homes of America,Alden Global Capital,83,2022,No,Manufactured Housing,44.638154,-69.498125,,
"2500 E Business Hwy 83 Mission,TX 51747",El Valle de la Luna,TX-El Valle de la Luna-2500,"Hidalgo, TX",Relatively High,Inspire Communities,Apollo Global Management,83,N/A,No,Manufactured Housing,26.209942,-98.280504,,
"2504 S Valley Dr Rapid City,SD 57703",Kennedy and Terra Mobile Home Estates,SD-Kennedy and Terra Mobile Home Estates-2504,"Pennington, SD",Relatively Low,Impact Communities,MHP Funds,83,N/A,No,Manufactured Housing,44.060603,-103.171699,,
"101 Bayboro Cirlce Goose Creek,SC 29445",Ashley Arbor I,SC-Ashley Arbor I-101,"Berkeley, SC",Relatively High,Yes! Communities,Stockbridge Capital Group,82,2020,No,Manufactured Housing,32.994936,-80.006868,,
"5525 N Falkenburg Rd Tampa,FL 33610",Carousel Mobile Home Park,FL-Carousel Mobile Home Park-5525,"Hillsborough, FL",Relatively High,Homes of America,Alden Global Capital,82,2023,No,Manufactured Housing,27.999315,-82.33432,,
"8536 HONEYWELL RD Gibsonton,FL 33534",Waterside Mobile Home Park,FL-Waterside Mobile Home Park-8536,"Hillsborough, FL",Relatively High,Homes of America,Alden Global Capital,82,2022,No,Manufactured Housing,27.839741,-82.35792,,
"18 Park Circle Washingtonville,NY 10992",Washingtonville Manor,NY-Washingtonville Manor-18,"Orange, NY",Relatively Moderate,RHP Properties (Brookfield),Brookfield Corporation,82,2017,Fannie Mae,Manufactured Housing,41.420444,-74.156434,,
"113 Tilltag Dr Balsam Lake,WI 54810",Balsam Lake,WI-Balsam Lake-113,"Polk, WI",Relatively Low,RHP Properties (RHP),RHP Properties,82,2022,Fannie Mae,Manufactured Housing,45.454437,-92.462286,,
"33 Old Route 202 Pomona,NY 10970",Mt Ivy,NY-Mt Ivy-33,"Rockland, NY",Relatively Moderate,Horizon Land Company,Federal Capital Partners,82,N/A,No,Manufactured Housing,41.073907,-73.92598,,
"855 Boenig St Seguin,TX 78155",Greenview Pointe,TX-Greenview Pointe-855,"Guadalupe, TX",Relatively Moderate,Horizon Land Company,Federal Capital Partners,82,N/A,No,Manufactured Housing,29.559164,-97.97856,,
"140 Thousand Oaks Dr Manfield,TX 76063",Thousand Oaks,TX-Thousand Oaks-140,"Tarrant, TX",Relatively High,Havenpark Communities,Havenpark Capital Partners,82,N/A,Fannie Mae,Manufactured Housing,32.58288,-97.162867,,
"63 Bingham Rd. Asheville,NC 28806",Riverview,NC-Riverview -63,"Buncombe, NC",Relatively Moderate,RHP Properties (RHP),RHP Properties,82,N/A,No,Manufactured Housing,35.600149,-82.581037,,
"11337 Hudson Ave Hudson,FL 34669",Forest Green Acres Mobile Home Park,FL-Forest Green Acres Mobile Home Park-11337,"Pasco, FL",Relatively High,Homes of America,Alden Global Capital,81,2022,No,Manufactured Housing,28.361119,-82.62665,,
"5489 Alpine Ave NW Comstock Park,MI 49321",Pine Aire Mobile Home Park,MI-Pine Aire Mobile Home Park-5489,"Kent, MI",Relatively Moderate,Homes of America,Alden Global Capital,81,2022,No,Manufactured Housing,43.063251,-85.691105,,
"8600 Contreras St Paramount,CA 90723",Cinderella,CA-Cinderella-8600,"Los Angeles, CA",Very High,Inspire Communities,Apollo Global Management,81,2021,No,Manufactured Housing,33.900552,-118.148189,,
"17261 Gothard St Huntington Beach,CA 92647",Beachview,CA-Beachview-17261,"Orange, CA",Very High,Inspire Communities,Apollo Global Management,81,2021,No,Manufactured Housing,33.711612,-118.000136,,
"Route 5 & 20 Bloomfield,NY 14469",Bloomdale,NY-Bloomdale-Route,"Ontario, NY",Relatively Low,Horizon Land Company,Federal Capital Partners,81,N/A,Fannie Mae,Manufactured Housing,42.898025,-77.447202,,
"3560 Orchard Drive Stow,OH 44244",Stow Estates,OH-Stow Estates-3560,"Summit, OH",Relatively Moderate,Horizon Land Company,Federal Capital Partners,81,2016,No,Manufactured Housing,41.160791,-81.434303,,
"3207 Pratt Rd Batavia,NY 14020",Applegrove,NY-Applegrove-3207,"Genesee, NY",Relatively Low,Horizon Land Company,Federal Capital Partners,81,2015,Fannie Mae,Manufactured Housing,43.015281,-78.270761,,
"500 W. Payton Street Greentown,IN 46936",Greentown Estates,IN-Greentown Estates -500,"Howard, IN",Relatively Low,RHP Properties (RHP),RHP Properties,81,N/A,No,Manufactured Housing,40.482859,-85.972182,,
"8743 Sheridan Road Kenosha,WI 53143",Shorecrest Pointe,WI-Shorecrest Pointe -8743,"Kenosha, WI",Relatively Moderate,RHP Properties (RHP),RHP Properties,81,N/A,Fannie Mae,Manufactured Housing,42.546767,-87.824615,,
"2001 River View Ave. Stevens Point,WI 54481",Holiday South,WI-Holiday South -2001,"Portage, WI",Relatively Low,RHP Properties (RHP),RHP Properties,81,N/A,No,Manufactured Housing,44.500602,-89.569596,,
"3200 Water Street Stevens Point,WI 54481",Holiday North,WI-Holiday North -3200,"Portage, WI",Relatively Low,RHP Properties (RHP),RHP Properties,81,N/A,Freddie Mac,Manufactured Housing,44.502234,-89.567653,,
"271 Green St Springport,MI 49284",Spring Harbor,MI-Spring Harbor-271,"Jackson, MI",Relatively Low,Cambio Communities,Silver Creek Capital,81,N/A,Fannie Mae,Manufactured Housing,42.375534,-84.68617,,
"1589 Murry St Greenwood,IN",Greenwood Farms,IN-Greenwood Farms-1589,"Johnson, IN",Relatively Low,Fortress Investment Group,,81,N/A,N/A,Manufactured Housing,39.594301,-86.106728,,
"200 Cedarbend Rd Clarksville,TN 37043",Weatherly Estates,TN-Weatherly Estates-200,"Montgomery, TN",Relatively Moderate,Horizon Land Company,Federal Capital Partners,80,2021,No,Manufactured Housing,36.574406,-87.291658,,
"14200 18 1/2 Mile Rd Marshall,MI 49068",Spruce Tree Mobile Home Park,MI-Spruce Tree Mobile Home Park-14200,"Calhoun, MI",Relatively Low,Impact Communities,MHP Funds,80,N/A,Freddie Mac,Manufactured Housing,42.27922,-84.936273,,
"1598 US 31 South Greenwood,IN 46143",Greenwood Farms,IN-Greenwood Farms -1598,"Johnson, IN",Relatively Low,RHP Properties (RHP),RHP Properties,80,N/A,No,Manufactured Housing,39.59391,-86.10325,,
"1420 Washington Street Little Chute,WI 54140",Dutch Harbor,WI-Dutch Harbor -1420,"Outagamie, WI",Relatively Low,RHP Properties (RHP),RHP Properties,80,N/A,Freddie Mac,Manufactured Housing,44.287812,-88.326002,,
"451 S Telegraph Rd Pontiac,MI 48341",Sylvan Lake,MI-Sylvan Lake-451,"Oakland, MI",Relatively High,Cambio Communities,Silver Creek Capital,80,N/A,No,Manufactured Housing,42.62301,-83.323884,,
"1580 W State St Coeur D'Alene,ID 83815",Coeur d'Alene Village,ID-Coeur d'Alene Village-1580,"Kootenai, ID",Relatively Low,The Carlyle Group,The Carlyle Group,80,2023,N/A,Manufactured Housing,47.718426,-116.807251,,
"6992 US Highway 12 Three Oaks,MI 49128",Three Oaks Estates Mobile Home Park,MI-Three Oaks Estates Mobile Home Park-6992,"Berrien, MI",Relatively Moderate,Homes of America,Alden Global Capital,79,2022,No,Manufactured Housing,41.799008,-86.62349,,
"6190 62nd Ave Pinellas Park,FL 33781",Lake Bon Bon,FL-Lake Bon Bon-6190,"Pinellas, FL",Relatively High,Inspire Communities,Apollo Global Management,79,N/A,Freddie Mac,Manufactured Housing,27.827677,-82.719317,,
"314 Sunrise Park Pella,IA 50219",Sunrise Mill,IA-Sunrise Mill -314,"Marion, IA",Very Low,RHP Properties (RHP),RHP Properties,79,N/A,Fannie Mae,Manufactured Housing,41.39859,-92.89659,,
"3319 Ridgewood Rd Springfield,IL 62702",Fremont Grove,IL-Fremont Grove-3319,"Sangamon, IL",Relatively Moderate,Yes! Communities,Stockbridge Capital Group,78,2021,No,Manufactured Housing,39.825441,-89.598881,,
"3104 East Wooster Rd Pierceton,IN 46562",Merrywood,IN-Merrywood-3104,"Kosciusko, IN",Relatively Low,Yes! Communities,Stockbridge Capital Group,78,2021,Freddie Mac,Manufactured Housing,41.219394,-85.782253,,
"2 Dollie Circle Summerville,SC 29485",Baywood,SC-Baywood-2,"Dorchester, SC",Relatively Moderate,Yes! Communities,Stockbridge Capital Group,78,2012,Fannie Mae,Manufactured Housing,32.990792,-80.181867,,
"4317 Clemence st Gillette,WY 82718",Park Plaza,WY-Park Plaza-4317,"Campbell, WY",Relatively Low,RHP Properties (Brookfield),Brookfield Corporation,78,2017,No,Manufactured Housing,44.254134,-105.494971,,
"1025 W Pipeline Rd Hurst,TX 76053",Royal Estates,TX-Royal Estates-1025,"Tarrant, TX",Relatively High,Horizon Land Company,Federal Capital Partners,78,2021,No,Manufactured Housing,32.822136,-97.19576,,
"3265 S US 1 Highway Fort Pierce,FL 34982",Pine View Mobile Home Park,FL-Pine View Mobile Home Park-3265,"St. Lucie, FL",Relatively High,Riverstone Communities,Riverstone Capital Partners,78,2004,No,Manufactured Housing,27.403717,-80.326509,,
"1008 Howard St Rapid City,SD 57701",Wheel Estates,SD-Wheel Estates-1008,"Pennington, SD",Relatively Low,Impact Communities,MHP Funds,78,N/A,No,Manufactured Housing,44.110092,-103.233766,,
"505 E. Chandler Blvd. Chandler,AZ 85225",Villa Del Sol,AZ-Villa Del Sol-505,"Maricopa, AZ",Very High,Treehouse Communities,The Blackstone Group,78,N/A,No,Manufactured Housing,33.304995,-111.834318,,
"Corner of Minneapolis & Griffin Street Amery,WI 54001",River View Manor,WI-River View Manor -Corner,"Polk, WI",Relatively Low,RHP Properties (RHP),RHP Properties,78,N/A,Fannie Mae,Manufactured Housing,45.295933,-92.363716,,
"201 East Waits Rd Kendalville,IN 46755",Johnson Mobile Home Park,IN-Johnson Mobile Home Park -201,"Noble, IN",Relatively Low,MHC Capital,MHC Capital,78,N/A,N/A,Manufactured Housing,41.425332,-85.26356,,
"16540 Whittier Blvd Whittier,CA 90603",Whittier East,CA-Whittier East-16540,"Los Angeles, CA",Very High,Inspire Communities,Apollo Global Management,77,2021,No,Manufactured Housing,33.939124,-117.97761,,
"518 24th Ave Fulton,IL 61252",Fulton MHP and Self Storage MHC,IL-Fulton MHP and Self Storage MHC-518,"Whiteside, IL",Relatively Low,Horizon Land Company,Federal Capital Partners,77,2021,No,Manufactured Housing,41.855672,-90.163104,,
"4200 Nebraska St Bartlesville,OK 74006",Mobile Manor Mobile Home Park,OK-Mobile Manor Mobile Home Park-4200,"Washington, OK",Relatively Low,Knights Communities,Keel Team,77,N/A,N/A,Manufactured Housing,36.764274,-95.938784,,
"2 Jody Dr Muscatine,IA 52761",Park Plaza,IA-Park Plaza-2,"Muscatine, IA",Relatively Low,Impact Communities,MHP Funds,76,N/A,Freddie Mac,Manufactured Housing,41.450029,-91.027629,,
"7928 Irvington Rd Omaha,NE 68122",Peaceful Valley Manufactured Home Community,NE-Peaceful Valley Manufactured Home Community-7928,"Douglas, NE",Relatively High,Impact Communities,MHP Funds,76,N/A,Freddie Mac,Manufactured Housing,41.330759,-96.06895,,
"2400 Missile Drive Cheyenne,WY 82001",Missile Drive Manufactured Home Community,WY-Missile Drive Manufactured Home Community-2400,"Laramie, WY",Relatively Low,Impact Communities,MHP Funds,76,N/A,No,Manufactured Housing,41.135203,-104.834789,,
"20529 Poplar Ridge Rd. Lexington Park,MD 20653",Lexington Estates,MD-Lexington Estates -20529,"St. Mary's, MD",Very Low,RHP Properties (RHP),RHP Properties,76,N/A,No,Manufactured Housing,38.232316,-76.407652,,
"3920 Hall Avenue Marinette,WI 54143",Foxx Glen,WI-Foxx Glen -3920,"Marinette, WI",Relatively Low,RHP Properties (RHP),RHP Properties,76,N/A,Fannie Mae,Manufactured Housing,45.10005,-87.657842,,
"5 Plum Ct Centreville,MI 49032",River's Edge Mobile Home Community,MI-River's Edge Mobile Home Community-5,"St. Joseph, MI",Relatively Low,Knights Communities,Keel Team,76,N/A,N/A,Manufactured Housing,41.926181,-85.52909,,
"47 Bollen Ct Rome,GA 30165",Dutch Gardens,GA-Dutch Gardens-47,"Floyd, GA",Relatively Moderate,Sunrise Communities,Sunrise Communities,76,N/A,N/A,Manufactured Housing,34.258195,-85.210696,,
"66 Clydesdale Ln Ringgold,GA 30736",Hickory Grove Mobile Home Park,GA-Hickory Grove Mobile Home Park-66,"Catoosa, GA",Relatively Low,Homes of America,Alden Global Capital,75,2021,No,Manufactured Housing,34.922243,-85.118371,,
"5635 Belle Grove Rd Baltimore,MD 21225",Belle Grove,MD-Belle Grove-5635,"Anne Arundel, MD",Relatively Moderate,Horizon Land Company,Federal Capital Partners,75,2012,No,Manufactured Housing,39.22053,-76.630833,,
"40 SE Broadway St Stuart,FL 34994",Holiday Mobile Home Park,FL-Holiday Mobile Home Park-40,"Martin, FL",Relatively Moderate,Riverstone Communities,Riverstone Capital Partners,75,1999,Fannie Mae,Manufactured Housing,27.190287,-80.246972,,
"909 West Lakewood Avenue Lake City,MN 55041",Maplewood,MN-Maplewood -909,"Wabasha, MN",Relatively Low,RHP Properties (RHP),RHP Properties,75,2022,Fannie Mae,Manufactured Housing,44.4374,-92.265115,,
"2191 Harbor Blvd Costa Mesa,CA 92627",Tradewinds MHC,CA-Tradewinds MHC-2191,"Orange, CA",Very High,Legacy Communities,Legacy Communities,75,N/A,Freddie Mac,Manufactured Housing,33.653859,-117.921068,,
"716 W Sweet Ave Bismark,ND 58504",Parkview Mobile Home Community,ND-Parkview Mobile Home Community-716,"Burleigh, ND",Relatively Moderate,Knights Communities,Keel Team,75,2021,N/A,Manufactured Housing,46.803311,-100.800694,,
"111 13th Ave Mendota,IL 61342",Mendota Estates Mobile Home Park,IL-Mendota Estates Mobile Home Park-111,"Lasalle, IL",Relatively Moderate,Knights Communities,Keel Team,75,N/A,N/A,Manufactured Housing,41.539708,-89.126948,,
"1715 W Flamingo Ave Nampa,ID 83651",West Pine Manor,ID-West Pine Manor-1715,"Canyon, ID",Relatively Low,The Carlyle Group,The Carlyle Group,75,2025,N/A,Manufactured Housing,43.594245,-116.601759,,
"1300 Hasker Circle Saint Cloud,FL 34771",Lake Runnymeade Mobile Home park,FL-Lake Runnymeade Mobile Home park-1300,"Osceola, FL",Relatively Moderate,Homes of America,Alden Global Capital,74,2021,No,Manufactured Housing,28.263589,-81.25672,,
"26240 Broadway Ave Oakwood,OH 44146",Apple Creek MHC,OH-Apple Creek MHC-26240,"Cuyahoga, OH",Relatively High,Horizon Land Company,Federal Capital Partners,74,2016,Fannie Mae,Manufactured Housing,41.353382,-81.494366,,
"11515 NE 71st Vancouver,WA 98662",Greenway Terrace,WA-Greenway Terrace-11515,"Clark, WA",Relatively Moderate,Legacy Communities,Legacy Communities,74,N/A,No,Manufactured Housing,45.673973,-122.55771,,
"2210 W 3rd St Craig,CO",Lamplighter Estates,CO-Lamplighter Estates-2210,"Moffat, CO",Very Low,Impact Communities,MHP Funds,74,N/A,N/A,Manufactured Housing,40.510621,-107.57266,,
"10601 N Horseshoe Bend Rd Boise,ID 83714",Floating Feather,ID-Floating Feather-10601,"Ada, ID",Relatively Moderate,The Carlyle Group,The Carlyle Group,74,N/A,N/A,Manufactured Housing,43.700146,-116.314325,,
"10601 N Horseshoe Bend Rd Boise,ID 83714",Floating Feather,ID-Floating Feather-10601,"Ada, ID",Relatively Moderate,The Carlyle Group,The Carlyle Group,74,2022,N/A,Manufactured Housing,43.700146,-116.314325,,
"310 Mallets Bay Ln Cocoa,FL 32926",Cocoa Point Mobile Home Park,FL-Cocoa Point Mobile Home Park-310,"Brevard, FL",Relatively High,Homes of America,Alden Global Capital,73,2021,No,Manufactured Housing,28.352361,-80.781021,,
"3650 Harvey Pl Casper,WY 82601",Plainview,WY-Plainview-3650,"Natrona, WY",Relatively Low,RHP Properties (Brookfield),Brookfield Corporation,73,2017,Fannie Mae,Manufactured Housing,42.899408,-106.346752,,
"105 Rens Rd Poquson,VA 23662",Whitehouse Cove,VA-Whitehouse Cove-105,"Poquoson, VA",Very Low,"Crow Holdings,Legacy Communities","Crow Holdings Capital - Real Estate,Legacy Communities",73,2022,No,Manufactured Housing,37.139675,-76.376594,,
"2716 West Delmar Ave Godfrey,IL 62035",Oak Grove,IL-Oak Grove-2716,"Madison, IL",Relatively Moderate,RHP Properties (Brookfield),Brookfield Corporation,73,N/A,Fannie Mae,Manufactured Housing,38.936464,-90.243808,,
"2701 30 Mile Rd Albion,MI 49224",Twin Pines,MI-Twin Pines -2701,"Calhoun, MI",Relatively Low,TIR Equities,TIR Equities,73,N/A,N/A,Manufactured Housing,42.318251,-84.718277,,
"5000 Hilltop-Needmore Rd Fuquay Varina,NC 27526",Pleasant Grove,NC-Pleasant Grove-5000,"Wake, NC",Relatively High,Yes! Communities,Stockbridge Capital Group,72,2016,Fannie Mae,Manufactured Housing,35.632531,-78.7503,,
"9587 Buchanan Trail Norwalk,IA 50211",Wilshire Hills,IA-Wilshire Hills-9587,"Warren, IA",Very Low,Horizon Land Company,Federal Capital Partners,72,2021,No,Manufactured Housing,41.486443,-93.624276,,
"39100 NW Pacific Hwy Woodland,WA 98674",Woodland Mobile,WA-Woodland Mobile-39100,"Clark, WA",Relatively Moderate,Treehouse Communities,The Blackstone Group,72,N/A,No,Manufactured Housing,45.90305,-122.735754,,
"7301 Fleur Dr Des Moines,IA 50321",Fleur MHC,IA-Fleur MHC-7301,"Polk, IA",Relatively Moderate,Horizon Land Company,Federal Capital Partners,72,2018,No,Manufactured Housing,41.518093,-93.644301,,
"10 North Street Hartford,IA 50118",Hartford MHC,IA-Hartford MHC-10,"Warren, IA",Very Low,Horizon Land Company,Federal Capital Partners,72,N/A,No,Manufactured Housing,41.45516,-93.400829,,
"421 Saluda Dam Rd Greenville,SC 29611",Riverview,SC-Riverview-421,"Greenville, SC",Relatively Moderate,Riverstone Communities,Riverstone Capital Partners,72,2013,Fannie Mae,Manufactured Housing,34.854247,-82.475897,,
"9511 Hwy 5 North Alexander,AR 72002",Owen Creek Mobile Home Park,AR-Owen Creek Mobile Home Park-9511,"Saline, AR",Relatively Low,Riverstone Communities,Riverstone Capital Partners,72,2017,Fannie Mae,Manufactured Housing,34.645512,-92.452431,,
"1510 2nd Street Fennimore,WI 53809",Northview Estates,WI-Northview Estates -1510,"Grant, WI",Relatively Low,RHP Properties (RHP),RHP Properties,72,N/A,Fannie Mae,Manufactured Housing,42.990491,-90.657513,,
"17481 Orange Grove Rd Gulfport,MS 39503",Pecan Ridge,MS-Pecan Ridge-17481,"Harrison, MS",Relatively High,Open Management,Open Capital,72,N/A,N/A,Manufactured Housing,30.450218,-89.134796,,
"6815 E 11 Mile Rd Warren,MI 48092",Twin Pines,MI-Twin Pines-6815,"Macomb, MI",Relatively High,Open Management,Open Capital,72,N/A,Fannie Mae,Manufactured Housing,42.492058,-83.035696,,
"3525 Demetropolis Rd Mobile,AL 36693",Pala Verde Mobile Home Park,AL-Pala Verde Mobile Home Park-3525,"Mobile, AL",Relatively High,Homes of America,Alden Global Capital,71,2021,No,Manufactured Housing,30.617591,-88.156562,,
"1221 N Valrico Rd Valrico,FL 33594",Valrico Family Communities,FL-Valrico Family Communities-1221,"Hillsborough, FL",Relatively High,Homes of America,Alden Global Capital,71,2022,No,Manufactured Housing,27.960287,-82.249511,,
"1023 N 9th St Plattsmouth,NE 68048",Hillside Pointe,NE-Hillside Pointe-1023,"Cass, NE",Very Low,Horizon Land Company,Federal Capital Partners,71,N/A,No,Manufactured Housing,41.021122,-95.889983,,
"3901 CR-317 Cleburne,TX 76031",Pleasant Meadows,TX-Pleasant Meadows-3901,"Johnson, TX",Relatively Moderate,Horizon Land Company,Federal Capital Partners,71,2022,No,Manufactured Housing,32.387941,-97.31034,,
"350 N Forest Dr Casper,WY 82609",Terrace II,WY-Terrace II-350,"Natrona, WY",Relatively Low,RHP Properties (Brookfield),Brookfield Corporation,70,2017,Fannie Mae,Manufactured Housing,42.851317,-106.281182,,
"1100 W Jefferson Ave Hayden,CO 81639",Pinyon Estates MHC,CO-Pinyon Estates MHC-1100,"Routt, CO",Very Low,Horizon Land Company,Federal Capital Partners,70,2018,No,Manufactured Housing,40.494309,-107.269191,,
"1339 Wald Rd New Braunfels,TX 78132",Country Way Village MHC,TX-Country Way Village MHC-1339,"Comal, TX",Relatively Moderate,Horizon Land Company,Federal Capital Partners,70,N/A,No,Manufactured Housing,29.692036,-98.158821,,
"1308 14th St SW Watertown,SD 57201",Bay View Estates,SD-Bay View Estates-1308,"Codington, SD",Relatively Low,Impact Communities,MHP Funds,70,N/A,No,Manufactured Housing,44.885783,-97.137015,,
"980 E Broadway Ave Apache Junction,AZ 85119",White Sands Estates,AZ-White Sands Estates-980,"Pinal, AZ",Relatively Moderate,Treehouse Communities,The Blackstone Group,69,2003,Fannie Mae,Manufactured Housing,33.409563,-111.535643,,
"56 River Oak Circle Mills River,NC 28759",River Oak,NC-River Oak-56,"Henderson, NC",Relatively Moderate,RHP Properties (RHP),RHP Properties,69,N/A,No,Manufactured Housing,35.381195,-82.553833,,
"2795 Elizabeth St Canon City,CO 81212",Canon City MHC,CO-Canon City MHC-2795,"Fremont, CO",Relatively Low,Horizon Land Company,Federal Capital Partners,68,N/A,No,Manufactured Housing,38.462094,-105.207011,,
"W10445 Highway 16 Portage,WI 53901",Oakwood Terrace,WI-Oakwood Terrace -W10445,"Columbia, WI",Relatively Moderate,RHP Properties (RHP),RHP Properties,68,N/A,No,Manufactured Housing,43.561676,-89.520765,,
"4960 S Seneca St Wichita,KS 67217",El Caudillo,KS-El Caudillo-4960,"Sedgwick, KS",Relatively High,RHP Properties (RHP),RHP Properties,67,2024,No,Manufactured Housing,37.604943,-97.351856,,
"212 West Young Street Rolesville,NC 27571",Granite Acres,NC-Granite Acres-212,"Wake, NC",Relatively High,Horizon Land Company,Federal Capital Partners,67,2021,No,Manufactured Housing,35.930097,-78.460186,,
"601 W 5th St Skiatook,OK 74070",Westside Mobile Home Park,OK-Westside Mobile Home Park-601,"Osage, OK",Relatively Low,Impact Communities,MHP Funds,67,N/A,No,Manufactured Housing,36.365383,-96.008636,,
"1272 West Lyon St Laramie,WY 82072",Mountain View Estates,WY-Mountain View Estates-1272,"Albany, WY",Relatively Low,Impact Communities,MHP Funds,67,N/A,Freddie Mac,Manufactured Housing,41.325534,-105.612783,,
"120 Highway Street NW Dodge Center,MN 55927",Valley View,MN-Valley View-120,"Dodge, MN",Very Low,RHP Properties (RHP),RHP Properties,67,2020,No,Manufactured Housing,44.032552,-92.856375,,
"5100 Kay Dr Edwardsville,IL 62025",Quail Run Mobile Home Community,IL-Quail Run Mobile Home Community-5100,"Madison, IL",Relatively Moderate,Knights Communities,Keel Team,67,N/A,Fannie Mae,Manufactured Housing,38.78762,-90.028784,,
"101 1/2 Willow St Crookston,MN 56716",North Acres Estates,MN-North Acres Estates-101,"Polk, MN",Relatively Low,Knights Communities,Keel Team,67,N/A,No,Manufactured Housing,47.705082,-96.412,,
"301 Airport Blvd Santa Rosa,CA",Redwood Village Mobile Park,CA-Redwood Village Mobile Park-301,"Sonoma, CA",Relatively High,Treehouse Communities,,67,N/A,N/A,Manufactured Housing,38.511358,-122.767368,,
"5601 McAbee Lane Chattanooga,TN 37415",Stone and Smitty ,TN-Stone and Smitty -5601,"Hamilton, TN",Relatively Moderate,Homes of America,Alden Global Capital,66,2022,No,Manufactured Housing,35.151551,-85.271479,,
"6791 Highway 2 Thornton,CO 80002",Shady Lane,CO-Shady Lane-6791,"Adams, CO",Relatively Moderate,RHP Properties (Brookfield),Brookfield Corporation,66,2017,No,Manufactured Housing,39.818371,-104.926714,,
"350 NE 7 Street Hallandale Beach,FL 33009",Sea Esta Trailer Court,FL-Sea Esta Trailer Court-350,"Broward, FL",Relatively High,Riverstone Communities,Riverstone Capital Partners,66,2011,Fannie Mae,Manufactured Housing,25.992593,-80.144839,,
"215 Hwy 290 Hot Springs,AR 71913",Bayshore Mobile Home Park,AR-Bayshore Mobile Home Park-215,"Garland, AR",Relatively Moderate,Riverstone Communities,Riverstone Capital Partners,66,2013,No,Manufactured Housing,34.412268,-93.088172,,
"1121 244th St SW Bothell,WA 98021",The Pointe at Lockwood,WA-The Pointe at Lockwood-1121,"Snohomish, WA",Relatively High,The Carlyle Group,The Carlyle Group,66,2020,No,Manufactured Housing,47.780446,-122.248311,,
"2712 Larrabee Ave Denver,IA 50622",Meadow Lane,IA-Meadow Lane-2712,"Bremer, IA",Very Low,Impact Communities,MHP Funds,66,2022,Freddie Mac,Manufactured Housing,42.654717,-92.33743,,
"4041 Conowingo Road Darlington,MD 21034",Darlington Meadows,MD-Darlington Meadows -4041,"Harford, MD",Relatively Low,RHP Properties (RHP),RHP Properties,66,N/A,Fannie Mae,Manufactured Housing,39.649429,-76.2397,,
"1016 N Brandy Ln Ludington,MI 49431",River Meadow Homesite Community,MI-River Meadow Homesite Community-1016,"Mason, MI",Very Low,Knights Communities,Keel Team,66,N/A,N/A,Manufactured Housing,43.974594,-86.405696,,
"17468 Wacakoneta Rd Grand Rapids,OH 43522",Grand Rapids Estates,OH-Grand Rapids Estates-17468,"Wood, OH",Relatively Low,MHC Capital,MHC Capital,66,N/A,N/A,Manufactured Housing,41.394707,-83.834935,,
"601 W 5th St Skiatook,OK 74070",Westside Mobile Home Park,OK-Westside Mobile Home Park-601,"Osage, OK",Relatively Low,Impact Communities,MHP Funds,66,2022,N/A,Manufactured Housing,36.365383,-96.008636,,
"15812 LIVINGSTON AVE Lutz,FL 33549",Livingston Family Communities,FL-Livingston Family Communities-15812,"Hillsborough, FL",Relatively High,Homes of America,Alden Global Capital,65,2022,No,Manufactured Housing,28.094767,-82.431023,,
"6100 W Lincoln Way Ames,IA 50014",Maple Grove,IA-Maple Grove-6100,"Boone, IA",Very Low,Horizon Land Company,Federal Capital Partners,65,2021,No,Manufactured Housing,42.022021,-93.703149,,
"635 SE Ewing St Grimes,IA 50111",Grimes MHP,IA-Grimes MHP-635,"Polk, IA",Relatively Moderate,Impact Communities,MHP Funds,65,2022,Freddie Mac,Manufactured Housing,41.682926,-93.793332,,
"1841 Trosper Rd SW Tumwater,WA 98512",Western Plaza,WA-Western Plaza-1841,"Thurston, WA",Relatively High,Legacy Communities,Legacy Communities,65,N/A,N/A,Manufactured Housing,46.999702,-122.925325,,
"1619 North Douglas Blvd Midwest City,OK 73130",Glenview,OK-Glenview-1619,"Oklahoma, OK",Relatively High,Yes! Communities,Stockbridge Capital Group,64,2012,Fannie Mae,Manufactured Housing,35.485404,-97.371176,,
"1619 North Douglas Blvd Midwest City,OK 73130",Misty Hollow,OK-Misty Hollow-1619,"Oklahoma, OK",Relatively High,Yes! Communities,Stockbridge Capital Group,64,2012,No,Manufactured Housing,35.485404,-97.371176,,
"309 Walmart Drive Soddy-Daisy,TN 37379",Mountain Shade,TN-Mountain Shade-309,"Hamilton, TN",Relatively Moderate,Homes of America,Alden Global Capital,64,2022,No,Manufactured Housing,35.257006,-85.184543,,
"98 White Oak Dr New Baden,IL 62265",Heatherlynn Estates Mobile Home Park,IL-Heatherlynn Estates Mobile Home Park-98,"St. Clair, IL",Relatively High,Homes of America,Alden Global Capital,64,2021,No,Manufactured Housing,38.536071,-89.710058,,
"214 Jones Rd Saratoga Springs,NY 12866",Birch Meadows,NY-Birch Meadows-214,"Saratoga, NY",Relatively Low,RHP Properties (Brookfield),Brookfield Corporation,64,2017,No,Manufactured Housing,43.127647,-73.748756,,
"1700 North Gateway Rd Las Vegas,NV 89115",Bramblewood,NV-Bramblewood-1700,"Clark, NV",Very High,Inspire Communities,Apollo Global Management,64,2021,No,Manufactured Housing,36.190159,-115.085636,,
"63 1/2 Shemauger Trail Urbana,IL 61802",Chief Illini,IL-Chief Illini-63,"Champaign, IL",Relatively Moderate,Horizon Land Company,Federal Capital Partners,64,N/A,No,Manufactured Housing,40.119262,-88.177387,,
"25938 Kings Lane Millsboro,DE 19966",Enchanted Acres,DE-Enchanted Acres-25938,"Sussex, DE",Relatively Moderate,Horizon Land Company,Federal Capital Partners,64,N/A,No,Manufactured Housing,38.632296,-75.175819,,
"3233 Pratt Rd Batavia,NY 14020",Ridgewood MHC,NY-Ridgewood MHC-3233,"Genesee, NY",Relatively Low,Horizon Land Company,Federal Capital Partners,64,2015,Fannie Mae,Manufactured Housing,43.015719,-78.267993,,
"915 SW 5 Street Hallandale Beach,FL 33009",Sunnydale MHP,FL-Sunnydale MHP-915,"Broward, FL",Relatively High,Riverstone Communities,Riverstone Capital Partners,64,2002,Fannie Mae,Manufactured Housing,25.991792,-80.139339,,
"3318 Orange Ave Fort Pierce,FL 34947",Seminole Mobile Home Park,FL-Seminole Mobile Home Park-3318,"St. Lucie, FL",Relatively High,Riverstone Communities,Riverstone Capital Partners,64,2000,No,Manufactured Housing,27.448193,-80.360179,,
"1820 Wald Rd New Braunfels,TX 78132",Canyon Creek Ranch,TX-Canyon Creek Ranch-1820,"Comal, TX",Relatively Moderate,Horizon Land Company,Federal Capital Partners,64,2022,No,Manufactured Housing,29.680852,-98.166164,,
"1810 Boston Post Rd. Westbrook,CT 06498",Green Acres,CT-Green Acres -1810,"Lower Connecticut River Valley, CT",Relatively Moderate,RHP Properties (RHP),RHP Properties,64,2004,No,Manufactured Housing,41.281681,-72.428137,,
"14622 N. Nebraska Ave. Tampa,FL 33613",Chalet Village,FL-Chalet Village -14622,"Hillsborough, FL",Relatively High,RHP Properties (RHP),RHP Properties,64,N/A,No,Manufactured Housing,28.081379,-82.45171,,
"2906 Otranto Rd North Charleston,SC 29406",Otranto Acres,SC-Otranto Acres-2906,"Charleston, SC",Relatively High,Horizon Land Company,Federal Capital Partners,63,N/A,No,Manufactured Housing,32.962499,-80.066307,,
"12665 Dem Con Dr Shakopee,MN 55379",Jackson Heights MHC,MN-Jackson Heights MHC-12665,"Scott, MN",Relatively Low,Impact Communities,MHP Funds,63,N/A,Freddie Mac,Manufactured Housing,44.767766,-93.582238,,
"4101 Hoover Avenue South Plover,WI 54467",Plover Pointe Manor,WI-Plover Pointe Manor -4101,"Portage, WI",Relatively Low,RHP Properties (RHP),RHP Properties,63,N/A,Fannie Mae,Manufactured Housing,44.436418,-89.52932,,
"3168 N. Romero Road Tucson,AZ 85705",Arizonan,AZ-Arizonan -3168,"Pima, AZ",Relatively High,RHP Properties (RHP),RHP Properties,63,N/A,Freddie Mac,Manufactured Housing,32.264713,-111.002103,,
"40 Lee Dr Mount Vernon,IN 47620",Russell Mobile Home Park,IN-Russell Mobile Home Park-40,"Posey, IN",Relatively Low,Homes of America,Alden Global Capital,62,2022,No,Manufactured Housing,37.932894,-87.910346,,
"4975 S M 37 Hwy Hastings,MI 49058",Baltimore Terrace Mobile Home Park,MI-Baltimore Terrace Mobile Home Park-4975,"Barry, MI",Relatively Low,Homes of America,Alden Global Capital,62,2021,No,Manufactured Housing,42.580715,-85.265994,,
"3100 W Baseline Rd Albion,IN 46701",Shady Haven Mobile Home Park,IN-Shady Haven Mobile Home Park-3100,"Noble, IN",Relatively Low,Homes of America,Alden Global Capital,62,2021,No,Manufactured Housing,41.35352,-85.482419,,
"23604 36th Ave Ravenna,MI 49451",Cricklewood Court,MI-Cricklewood Court-23604,"Ottawa, MI",Relatively Moderate,Homes of America,Alden Global Capital,62,2021,No,Manufactured Housing,43.199297,-85.8792,,
"5570 Connie Jean Rd Jacksonville,FL 32222",Connie Jean,FL-Connie Jean-5570,"Duval, FL",Relatively High,RHP Properties (RHP),RHP Properties,62,2017,No,Manufactured Housing,30.245105,-81.824481,,
"7042 W Main Rd Lima,NY 14485",Lima Farms,NY-Lima Farms-7042,"Livingston, NY",Relatively Low,Windward Communities,Green Courte Partners,62,2020,No,Manufactured Housing,42.902427,-77.625736,,
"2201 S 15th St Laramie,WY 82070",7 Acres/ Shadow Ridge,WY-7 Acres/ Shadow Ridge-2201,"Albany, WY",Relatively Low,Impact Communities,MHP Funds,62,N/A,No,Manufactured Housing,41.294234,-105.578065,,
"815 West Park Avenue Chippewa Falls,WI 54729",Indianhead Manor,WI-Indianhead Manor -815,"Chippewa, WI",Relatively Low,RHP Properties (RHP),RHP Properties,62,N/A,Fannie Mae,Manufactured Housing,44.916007,-91.397596,,
"9401 Fowler Ave E Thonotosassa,FL 33592",Happy Traveler RV Park and Resort,FL-Happy Traveler RV Park and Resort-9401,"Hillsborough, FL",Relatively High,Homes of America,Alden Global Capital,62,2022,N/A,Manufactured Housing,28.053308,-82.339078,,
"7122 West Bendixon Dr West Valley City,UT 84128",Kopper View,UT-Kopper View-7122,"Salt Lake, UT",Relatively High,RHP Properties (Brookfield),Brookfield Corporation,61,2017,Fannie Mae,Manufactured Housing,40.711653,-112.061311,,
"2334 Mccann Ave Cheyenne,WY 82007",Englewood Village,WY-Englewood Village-2334,"Laramie, WY",Relatively Low,RHP Properties (Brookfield),Brookfield Corporation,61,2017,No,Manufactured Housing,41.142488,-104.765269,,
"300 E Arbor St Long Beach,CA 90805",Arbor Mobile Village,CA-Arbor Mobile Village-300,"Los Angeles, CA",Very High,Inspire Communities,Apollo Global Management,61,2021,No,Manufactured Housing,33.843842,-118.189813,,
"4800 Griffin Rd Davie,FL 33314",Driftwood Acres,FL-Driftwood Acres-4800,"Broward, FL",Relatively High,Riverstone Communities,Riverstone Capital Partners,61,2015,Fannie Mae,Manufactured Housing,26.061745,-80.210403,,
"1066 Miller Rd Plainwell,MI 49080","Gun River MHC, West Park","MI-Gun River MHC, West Park-1066","Allegan, MI",Relatively Low,MHC Capital,MHC Capital,61,N/A,N/A,Manufactured Housing,42.46024,-85.648627,,
"7122 W Bendixon Dr West Valley City,UT 84128",Kopper View,UT-Kopper View -7122,"Salt Lake, UT",Relatively High,RHP Properties (Brookfield),Brookfield Corporation,61,2017,N/A,Manufactured Housing,40.711653,-112.061311,,
"4842 Double D Cir Tampa,FL 33610",Country Aire Community,FL-Country Aire Community-4842,"Hillsborough, FL",Relatively High,Homes of America,Alden Global Capital,60,2022,No,Manufactured Housing,27.990398,-82.314491,,
"14236 Max Hooks Rd Clermont,FL 34711",Oak Lane Mobile Home Park,FL-Oak Lane Mobile Home Park-14236,"Lake, FL",Relatively Moderate,Homes of America,Alden Global Capital,60,2021,No,Manufactured Housing,28.555637,-81.805988,,
"503 Doherty St Chapel Hill,NC 27516",Ridgewood Mobile Home park,NC-Ridgewood Mobile Home park-503,"Orange, NC",Relatively Low,Homes of America,Alden Global Capital,60,2021,No,Manufactured Housing,35.882162,-79.114307,,
"1505 N Evergreen St Chandler,AZ 85225",Evergreen Villa,AZ-Evergreen Villa-1505,"Maricopa, AZ",Very High,Treehouse Communities,The Blackstone Group,60,2018,Fannie Mae,Manufactured Housing,33.330587,-111.854414,,
"3012 Cranberry Highway East Wareham,MA 02538",Mogan's Mobile Home Park,MA-Mogan's Mobile Home Park -3012,"Plymouth, MA",Relatively Moderate,Legacy Communities,Legacy Communities,60,2021,Freddie Mac,Manufactured Housing,41.760354,-70.663211,,
"106 Sandra Dr Punxsutawney,PA 15767",Mahoning Mobile Home Park,PA-Mahoning Mobile Home Park-106,"Indiana, PA",Relatively Low,Knights Communities,Keel Team,60,N/A,Fannie Mae,Manufactured Housing,40.573071,-79.143154,,
"15 Smithville Trailer Park Covington,TN 38019",Smithville Mobile Home Park,TN-Smithville Mobile Home Park-15,"Tipton, TN",Relatively Moderate,Knights Communities,Keel Team,60,N/A,N/A,Manufactured Housing,35.535822,-89.668501,,
"101 1st Avenue Slater,IA 50244",Hammond Estates,IA-Hammond Estates-101,"Story, IA",Relatively Low,Horizon Land Company,Federal Capital Partners,59,2021,No,Manufactured Housing,41.884011,-93.678861,,
"8827 Deerwood Dr North Charleston,SC 29406",Whispering PInes MHC,SC-Whispering PInes MHC-8827,"Charleston, SC",Relatively High,Horizon Land Company,Federal Capital Partners,59,2021,No,Manufactured Housing,32.967474,-80.065702,,
"601 North Main Street, Fall River,WI 53932",Falls View,WI-Falls View -601,"Columbia, WI",Relatively Moderate,RHP Properties (RHP),RHP Properties,59,N/A,Fannie Mae,Manufactured Housing,43.391561,-89.037462,,
"5653 Dixie Hwy Saginaw,MI 48601",Sagniaw Mobile Home Park,MI-Sagniaw Mobile Home Park-5653,"Saginaw, MI",Relatively Moderate,Knights Communities,Keel Team,59,N/A,N/A,Manufactured Housing,43.376492,-83.894165,,
"345 Jackson St Berne,IN 46711",Berne Mobile Home Park,IN-Berne Mobile Home Park-345,"Adams, IN",Relatively Low,Knights Communities,Keel Team,59,N/A,Fannie Mae,Manufactured Housing,40.660312,-84.94679,,
"202 7th Ave S Crookston,MN 56716",Carmen Terrace Mobile Home Park,MN-Carmen Terrace Mobile Home Park-202,"Polk, MN",Relatively Low,Knights Communities,Keel Team,59,N/A,No,Manufactured Housing,47.757226,-96.619432,,
"102 Horseshoe Drive Beckley,WV 25801",Hummingbird Hils,WV-Hummingbird Hils-102,"Raleigh, WV",Relatively Low,Inspire Communities,Apollo Global Management,58,N/A,No,Manufactured Housing,37.767002,-81.237863,,
"3351 Denmark Rd Mobile,AL 36617",Green Oaks Mobile Home Park,AL-Green Oaks Mobile Home Park-3351,"Mobile, AL",Relatively High,Homes of America,Alden Global Capital,57,2021,No,Manufactured Housing,30.760819,-88.222327,,
"1618 W Jefferson St Springfield,IL 62702",Gaslite Senior Mobile Home Court,IL-Gaslite Senior Mobile Home Court-1618,"Sangamon, IL",Relatively Moderate,Homes of America,Alden Global Capital,57,2021,No,Manufactured Housing,39.805382,-89.681742,,
"58 Bridle Lane Urbana,IL 61802",Carriage Estates MHC,IL-Carriage Estates MHC-58,"Champaign, IL",Relatively Moderate,Horizon Land Company,Federal Capital Partners,57,2021,No,Manufactured Housing,40.117922,-88.180344,,
"185 Bradley Branch Rd. Arden,NC 28704",Wellington West,NC-Wellington West -185,"Buncombe, NC",Relatively Moderate,RHP Properties (RHP),RHP Properties,57,N/A,No,Manufactured Housing,35.459822,-82.532054,,
"5001 Habersham Lane Tampa,FL 33619",Glenwood Mobile Homes,FL-Glenwood Mobile Homes-5001,"Hillsborough, FL",Relatively High,Homes of America,Alden Global Capital,56,2022,No,Manufactured Housing,27.927632,-82.401007,,
"5902 North Orange Blossom Rd Mt Dora,FL 32757",Sunny Pines,FL-Sunny Pines-5902,"Orange, FL",Relatively High,Inspire Communities,Apollo Global Management,56,2021,No,Manufactured Housing,28.768969,-81.624962,,
"3441 S Joles Pkwy Chippewa Falls,WI 54729",Twin City MHP,WI-Twin City MHP-3441,"Chippewa, WI",Relatively Low,Impact Communities,MHP Funds,56,N/A,No,Manufactured Housing,44.891169,-91.423523,,
"3626 Seymour Rd Eau Claire,WI 54703",Terrace Hills MHP,WI-Terrace Hills MHP-3626,"Eau Claire, WI",Relatively Low,Impact Communities,MHP Funds,56,N/A,Freddie Mac,Manufactured Housing,44.82674,-91.460486,,
"8481 South 5th Avenue Oak Creek,WI 53154",Sunrise Shores,WI-Sunrise Shores -8481,"Milwaukee, WI",Relatively High,RHP Properties (RHP),RHP Properties,56,N/A,Fannie Mae,Manufactured Housing,42.889415,-87.855766,,
"5415 Southern Ct Fort Wayne,IN 46806",Southern Court Mobile Home Park,IN-Southern Court Mobile Home Park-5415,"Allen, IN",Relatively Moderate,Knights Communities,Keel Team,56,N/A,N/A,Manufactured Housing,41.034385,-85.126394,,
"1730 Port Clinton Rd Fremont,OH 43420",Berch Terrace Mobile Home Park,OH-Berch Terrace Mobile Home Park-1730,"Sandusky, OH",Relatively Low,Knights Communities,Keel Team,56,N/A,N/A,Manufactured Housing,41.366616,-83.112906,,
"15070 E Colonial Dr Orlando,FL 32826",Big Oaks Mobile Home Park,FL-Big Oaks Mobile Home Park-15070,"Orange, FL",Relatively High,Homes of America,Alden Global Capital,55,2021,No,Manufactured Housing,28.565032,-81.160379,,
"9505 N Bedford Rd Macedonia,OH 44056",Ledgewood,OH-Ledgewood-9505,"Summit, OH",Relatively Moderate,Horizon Land Company,Federal Capital Partners,55,N/A,Fannie Mae,Manufactured Housing,41.342406,-81.508824,,
"Constitution Way Duncansville,PA 16635",Independence Place,PA-Independence Place-Constitution,"Blair, PA",Relatively Low,Legacy Communities,Legacy Communities,55,N/A,N/A,Manufactured Housing,40.4336,-78.410801,,
"1110 Glenbriar Ct Mountain Home,AR 72653",Glenbriar Park,AR-Glenbriar Park-1110,"Baxter, AR",Relatively Low,Knights Communities,Keel Team,55,N/A,Fannie Mae,Manufactured Housing,36.324815,-92.363352,,
"1401 N Illinois St Swansea,IL 62226",Swansea Village Mobile Home Park,IL-Swansea Village Mobile Home Park-1401,"St. Clair, IL",Relatively High,Homes of America,Alden Global Capital,54,2021,No,Manufactured Housing,38.528041,-89.984769,,
"2600 Pineapple Ave Melbourne,FL 32935",Hollandale,FL-Hollandale-2600,"Brevard, FL",Relatively High,Riverstone Communities,Riverstone Capital Partners,54,2006,Fannie Mae,Manufactured Housing,28.149248,-80.637027,,
"8 Race Path Way Asheville,NC 28806",Ridgeview,NC-Ridgeview -8,"Buncombe, NC",Relatively Moderate,RHP Properties (RHP),RHP Properties,54,N/A,No,Manufactured Housing,35.604304,-82.608546,,
"404 Lincoln Avenue Reeseville,WI 53579",Reeseville Acres,WI-Reeseville Acres-404,"Dodge, WI",Relatively Low,RHP Properties (RHP),RHP Properties,53,2022,No,Manufactured Housing,43.307605,-88.839794,,
"5225 S Orange Blossom Trail Orlando,FL 32829",Wheel Estates,FL-Wheel Estates-5225,"Orange, FL",Relatively High,RHP Properties (Brookfield),Brookfield Corporation,53,2017,No,Manufactured Housing,28.485238,-81.395261,,
"3736 FM 482 New Braunfels,TX 78132",Brookfield Estates,TX-Brookfield Estates-3736,"Comal, TX",Relatively Moderate,Horizon Land Company,Federal Capital Partners,53,2023,No,Manufactured Housing,29.671818,-98.163357,,
"608 Blaine Pike Portland,IN 47371",Sunny Days MHC,IN-Sunny Days MHC-608,"Jay, IN",Very Low,Impact Communities,MHP Funds,53,N/A,Freddie Mac,Manufactured Housing,40.42626,-84.988395,,
"73651 Chambers St South Haven,MI",South Haven Mobile Home Park,MI-South Haven Mobile Home Park-73651,"Van Buren, MI",Relatively Low,Homes of America,Alden Global Capital,53,2021,N/A,Manufactured Housing,42.399012,-86.26079,,
"1977 Whitehall Rd Muskegon,MI 49445",Shady Oaks,MI-Shady Oaks-1977,"Muskegon, MI",Relatively Low,Homes of America,Alden Global Capital,53,2021,N/A,Manufactured Housing,43.291245,-86.261581,,
"7701 Brighton Blvd Commerce City,CO 80022",Commerce Heights,CO-Commerce Heights-7701,"Adams, CO",Relatively Moderate,RHP Properties (Brookfield),Brookfield Corporation,52,2017,No,Manufactured Housing,39.837982,-104.925315,,
"2155 County Rd X C-15 Mosinee,WI 54455",Kountry Squire,WI-Kountry Squire-2155,"Marathon, WI",Relatively Moderate,RHP Properties (RHP),RHP Properties,52,2022,No,Manufactured Housing,44.845258,-89.609425,,
"1030 N Delaware Dr Apache Junction,AZ 85120",Minari,AZ-Minari-1030,"Pinal, AZ",Relatively Moderate,Treehouse Communities,The Blackstone Group,52,2018,Fannie Mae,Manufactured Housing,33.424613,-111.57315,,
"4733 NW Green Hills Ct Riverside,MO 64150",Green Hills,MO-Green Hills-4733,"Platte, MO",Relatively Low,Horizon Land Company,Federal Capital Partners,52,2021,No,Manufactured Housing,39.180162,-94.647575,,
"2436 N Austin St Seguin,TX 78155",Springshire Estates,TX-Springshire Estates-2436,"Guadalupe, TX",Relatively Moderate,Horizon Land Company,Federal Capital Partners,52,N/A,No,Manufactured Housing,29.594723,-97.965521,,
"410 Glenair St Princeton,WV 24739",Elk View,WV-Elk View-410,"Mercer, WV",Relatively Low,Homes of America,Alden Global Capital,52,2021,No,Manufactured Housing,37.329885,-81.149832,,
"2911 Ervien Ln SW Albuquerque,NM 87121",Riverside West,NM-Riverside West-2911,"Bernalillo, NM",Relatively High,Impact Communities,MHP Funds,52,N/A,No,Manufactured Housing,35.042622,-106.712621,,
"4 Lawrence Lane St. Charles,MN 55972",Sherwood Park,MN-Sherwood Park -4,"Winona, MN",Relatively Low,RHP Properties (RHP),RHP Properties,52,N/A,Fannie Mae,Manufactured Housing,43.965587,-92.072315,,
"208 S Main St Etna Green,IN 46524",Etna Green Mobile Home Park,IN-Etna Green Mobile Home Park-208,"Kosciusko, IN",Relatively Low,Knights Communities,Keel Team,52,N/A,Fannie Mae,Manufactured Housing,41.275102,-86.051677,,
"206 Tilghman Ave Federalsburg,MD 21632",Tilghman,MD-Tilghman-206,"Caroline, MD",Relatively Low,Sunrise Communities,Sunrise Communities,52,N/A,N/A,Manufactured Housing,38.690953,-75.786038,,
"2700 N Woodland Blvd Deland,FL 32720",Lakeside Mobile Home Park,FL-Lakeside Mobile Home Park-2700,"Volusia, FL",Relatively High,Homes of America,Alden Global Capital,52,2021,N/A,Manufactured Housing,29.079446,-81.317072,,
"1951 N Hampton Rd Boise,ID",Hampton Mobile Estates,ID-Hampton Mobile Estates-1951,"Ada, ID",Relatively Moderate,Impact Communities,MHP Funds,52,2016,N/A,Manufactured Housing,43.622333,-116.310574,,
"4835 Sturgis Rd Rapid City,SD 57702",Cimarron Park,SD-Cimarron Park-4835,"Pennington, SD",Relatively Low,Impact Communities,MHP Funds,51,N/A,No,Manufactured Housing,44.137695,-103.30373,,
"5201 S Haggerty Rd. Canton,MI 48188",Glen Ridge,MI-Glen Ridge -5201,"Wayne, MI",Relatively High,RHP Properties (RHP),RHP Properties,51,N/A,No,Manufactured Housing,42.269811,-83.446302,,
"905 E 3rd Ave Coal Valley,IL 61240",Whispering Hills,IL-Whispering Hills-905,"Rock Island, IL",Relatively Moderate,Yes! Communities,Stockbridge Capital Group,50,2012,Fannie Mae,Manufactured Housing,41.509119,-90.416353,,
"1120 E Laurel Ave Foley,AL 36535",Cedar Grove Mobile Home Park,AL-Cedar Grove Mobile Home Park-1120,"Baldwin, AL",Relatively High,Homes of America,Alden Global Capital,50,2022,No,Manufactured Housing,30.404952,-87.661635,,
"3720 Black Highway Adrian,MI 49221",Sunset Mobile Home Park,MI-Sunset Mobile Home Park-3720,"Lenawee, MI",Relatively Low,Homes of America,Alden Global Capital,50,2021,No,Manufactured Housing,41.944543,-83.98973,,
"4530 9th Street E Bradenton,FL 34208",Twin Oaks Mobile Home Park of Bradenton,FL-Twin Oaks Mobile Home Park of Bradenton-4530,"Manatee, FL",Relatively High,The Carlyle Group,The Carlyle Group,50,2018,No,Manufactured Housing,27.459783,-82.556286,,
"2400 Arroyo Dr Durango,CO 81301",Apache Mobile Home Park,CO-Apache Mobile Home Park-2400,"La Plata, CO",Relatively Low,Impact Communities,MHP Funds,50,N/A,Freddie Mac,Manufactured Housing,37.291786,-107.885116,,
"1119 S Main St Lumberton,TX 77657",Lumberton Manufactured Home Community,TX-Lumberton Manufactured Home Community-1119,"Hardin, TX",Relatively Low,Impact Communities,MHP Funds,50,N/A,No,Manufactured Housing,30.235887,-94.194536,,
"1830 Royle Rd Summerville,SC 29486",Royle Court,SC-Royle Court-1830,"Berkeley, SC",Relatively High,Impact Communities,MHP Funds,50,N/A,Freddie Mac,Manufactured Housing,33.040516,-80.112638,,
"1119 S. Main St Lumberton,TX 77657",Lumberton,TX-Lumberton-1119,"Hardin, TX",Relatively Low,Impact Communities,MHP Funds,50,N/A,No,Manufactured Housing,30.235887,-94.194536,,
"134 East Forest St Lone Rock,WI 53556",River Rock MHP,WI-River Rock MHP-134,"Richland, WI",Relatively Low,Impact Communities,MHP Funds,50,N/A,No,Manufactured Housing,43.187674,-90.197703,,
"N4510 County Rd A Cambridge,WI 53523",Breezy Knoll Community,WI-Breezy Knoll Community-N4510,"Jefferson, WI",Relatively Low,Impact Communities,MHP Funds,50,2021,Freddie Mac,Manufactured Housing,43.00852,-88.966469,,
"5405 NE 77th Ct Vancouver,WA 98662",Idylwood,WA-Idylwood-5405,"Clark, WA",Relatively Moderate,Crow Holdings,Crow Holdings Capital - Real Estate,50,2021,No,Manufactured Housing,45.661096,-122.594756,,
"155 N Ivy St. Branford,CT 06404",Highland Bluff,CT-Highland Bluff -155,"South Central Connecticut, CT",Relatively High,RHP Properties (RHP),RHP Properties,50,2004,No,Manufactured Housing,41.289661,-72.816461,,
"3800 Southside Cir Florence,SC 29505",Southside Mobile Home Park,SC-Southside Mobile Home Park-3800,"Florence, SC",Relatively Moderate,Knights Communities,Keel Team,50,N/A,N/A,Manufactured Housing,34.116903,-79.776196,,
"1351 E Little Creek Rd Norfolk,VA 23518",Hogshires Trailer Court,VA-Hogshires Trailer Court-1351,"Norfolk, VA",Relatively Moderate,Knights Communities,Keel Team,50,N/A,N/A,Manufactured Housing,36.91522,-76.234966,,
"5315 Pickron Ln Tampa,FL",Duncan Mobile Home Park,FL-Duncan Mobile Home Park-5315,"Hillsborough, FL",Relatively High,Homes of America,Alden Global Capital,50,2023,N/A,Manufactured Housing,27.993761,-82.337643,,
"211 Willow Drive Spencer,WI 55479",Willow Grove,WI-Willow Grove-211,"Marathon, WI",Relatively Moderate,RHP Properties (RHP),RHP Properties,49,2022,No,Manufactured Housing,44.749097,-90.295847,,
"778 NJ-36 Hazlet,NJ 7730",Sam's MHC,NJ-Sam's MHC-778,"Monmouth, NJ",Relatively High,Horizon Land Company,Federal Capital Partners,49,N/A,No,Manufactured Housing,40.437255,-74.166623,,
"5198 Charral Rd Killeen,TX 76542",Killeen MHP Oak Creek & Killeen MHP Cedar Knob,TX-Killeen MHP Oak Creek & Killeen MHP Cedar Knob-5198,"Bell, TX",Relatively Moderate,Impact Communities,MHP Funds,49,N/A,No,Manufactured Housing,31.058103,-97.712236,,
"2425 E US Highway 223 Adrian,MI 49221",Southgate Mobile Home Park,MI-Southgate Mobile Home Park-2425,"Lenawee, MI",Relatively Low,Homes of America,Alden Global Capital,48,2021,No,Manufactured Housing,41.875163,-84.015198,,
"3201 S Douglas Ave Springfield,IL 62704",Edgewood Mobile Home Park,IL-Edgewood Mobile Home Park-3201,"Sangamon, IL",Relatively Moderate,Knights Communities,Keel Team,48,N/A,N/A,Manufactured Housing,39.762761,-89.672334,,
"2201 Wichita St Pasadena,TX",Wichita Mobile Home Park,TX-Wichita Mobile Home Park-2201,"Harris, TX",Very High,Impact Communities,MHP Funds,48,2017,N/A,Manufactured Housing,29.67986,-95.176433,,
"13 Parkview Dr Clinton,PA 15026",Parkview Heights,PA-Parkview Heights-13,"Allegheny, PA",Relatively High,Homes of America,Alden Global Capital,47,2022,No,Manufactured Housing,40.490941,-80.300125,,
"515 Edgebrook Dr Champaign,IL 61802",Edgebrook Estates,IL-Edgebrook Estates-515,"Champaign, IL",Relatively Moderate,Horizon Land Company,Federal Capital Partners,47,2018,No,Manufactured Housing,40.131537,-88.251612,,
"5068 W Old Hwy 81 New Braunfels,TX 78132",Donahue Elite,TX-Donahue Elite-5068,"Comal, TX",Relatively Moderate,Horizon Land Company,Federal Capital Partners,47,N/A,No,Manufactured Housing,29.660868,-98.179304,,
"100 Coyote Bend Seguin,TX 78155",Coyote Bend Estates,TX-Coyote Bend Estates-100,"Guadalupe, TX",Relatively Moderate,Horizon Land Company,Federal Capital Partners,47,N/A,No,Manufactured Housing,29.527847,-97.915307,,
"751 Avenue C Cheyenne,WY 82007",Circle ER Ranch MHP,WY-Circle ER Ranch MHP-751,"Laramie, WY",Relatively Low,Impact Communities,MHP Funds,47,N/A,Freddie Mac,Manufactured Housing,41.110093,-104.788704,,
"4413 N Texas Ave Bryan,TX 77803",Village Park North,TX-Village Park North-4413,"Brazos, TX",Relatively Moderate,Impact Communities,MHP Funds,46,N/A,Freddie Mac,Manufactured Housing,30.708429,-96.397336,,
"452 Elm St Breckenridge,MI 48615",Breckenridge Manfuactured Home Community,MI-Breckenridge Manfuactured Home Community-452,"Gratiot, MI",Relatively Low,Knights Communities,Keel Team,46,2021,Fannie Mae,Manufactured Housing,43.414766,-84.48795,,
"5633 Cinnamon Ln Gulf Shores,AL 36542",River Pointe Mobile Home Park,AL-River Pointe Mobile Home Park-5633,"Baldwin, AL",Relatively High,Homes of America,Alden Global Capital,45,2022,No,Manufactured Housing,30.306038,-87.720083,,
"21752 Pacific Coast Hwy Huntington Beach,CA 92646",Cabrillo Mobile Home Park,CA-Cabrillo Mobile Home Park-21752,"Orange, CA",Very High,Hometown America,Calzada Capital Partners,45,N/A,No,Manufactured Housing,33.646746,-117.98392,,
"499 Augusta Rd Winslow,ME 4901",Pine View Park,ME-Pine View Park-499,"Kennebec, ME",Relatively Low,Homes of America,Alden Global Capital,45,2022,No,Manufactured Housing,44.525845,-69.644643,,
"4701 Glenwood Ave Deer Park,TX 77536",Fawnbrook Village,TX-Fawnbrook Village-4701,"Harris, TX",Very High,Horizon Land Company,Federal Capital Partners,45,N/A,No,Manufactured Housing,29.667206,-95.129434,,
"111 Bonneau Heights Circle Gettysburg,PA 17325",Bonneau Heights,PA-Bonneau Heights-111,"Adams, PA",Relatively Low,RHP Properties (RHP),RHP Properties,45,N/A,No,Manufactured Housing,39.816234,-77.138719,,
"105 Aztalan Street Johnson Creek,WI 53038",Back Acres,WI-Back Acres -105,"Jefferson, WI",Relatively Low,RHP Properties (RHP),RHP Properties,45,N/A,Freddie Mac,Manufactured Housing,43.075313,-88.776011,,
"5410 N Falkenburg Rd Tampa,FL 33610",Carosel Mobile Home Park,FL-Carosel Mobile Home Park-5410,"Hillsborough, FL",Relatively High,Homes of America,Alden Global Capital,45,2023,N/A,Manufactured Housing,27.99686,-82.335525,,
"302 S Hwy 5 Pleasantville,IA 50225",Vista Village MHC,IA-Vista Village MHC-302,"Marion, IA",Very Low,Horizon Land Company,Federal Capital Partners,44,N/A,No,Manufactured Housing,41.384109,-93.261834,,
"201 21st Ave S Fort Dodge,IA 50501",Frontier Village,IA-Frontier Village-201,"Webster, IA",Relatively Low,Impact Communities,MHP Funds,44,N/A,No,Manufactured Housing,42.477814,-94.206347,,
"2166 Wyoming Ave Laramie,WY 82070",Blake's Mobile Home Ranch,WY-Blake's Mobile Home Ranch-2166,"Albany, WY",Relatively Low,Impact Communities,MHP Funds,44,N/A,No,Manufactured Housing,41.312544,-105.625534,,
"2900 Cranbery Highway East Wareham,MA 02538",Red Wing Estates,MA-Red Wing Estates-2900,"Plymouth, MA",Relatively Moderate,Legacy Communities,Legacy Communities,44,2021,Freddie Mac,Manufactured Housing,41.761188,-70.666285,,
"315 Linwood Ave Alma,MI 48801",Briarwood Manufactured Home Coummunity,MI-Briarwood Manufactured Home Coummunity-315,"Gratiot, MI",Relatively Low,Knights Communities,Keel Team,44,N/A,Fannie Mae,Manufactured Housing,43.378675,-84.638797,,
"6817 N Habana Ave Tampa,FL 33614",Ralston Beach Trailer Park,FL-Ralston Beach Trailer Park-6817,"Hillsborough, FL",Relatively High,Homes of America,Alden Global Capital,43,2022,No,Manufactured Housing,28.009858,-82.487584,,
"27 Woodland BLVD S Deland,FL 32720",Lakeside Village Mobile Home and RV Park,FL-Lakeside Village Mobile Home and RV Park-27,"Volusia, FL",Relatively High,Homes of America,Alden Global Capital,43,2021,No,Manufactured Housing,29.273296,-81.084537,,
"2800 Proctor St Irving,TX 75061",Cobbelstone MHC,TX-Cobbelstone MHC-2800,"Dallas, TX",Very High,Horizon Land Company,Federal Capital Partners,43,2021,No,Manufactured Housing,32.828769,-96.902655,,
"4259 Phillips Hwy Jacksonville,FL 32207",Pine Oaks,FL-Pine Oaks-4259,"Duval, FL",Relatively High,Treehouse Communities,The Blackstone Group,43,2019,No,Manufactured Housing,30.280177,-81.627646,,
"401 Silent Valley Rd Lockhart,TX 78644",Live Oak MHC,TX-Live Oak MHC-401,"Caldwell, TX",Relatively Low,Impact Communities,MHP Funds,43,N/A,No,Manufactured Housing,29.89761,-97.681359,,
"5020 Highway 90 Marianna,FL 32446",Eastgate Mobile Home Park,FL-Eastgate Mobile Home Park-5020,"Jackson, FL",Relatively Low,Homes of America,Alden Global Capital,42,2022,No,Manufactured Housing,30.748116,-85.18445,,
"6212 Kracker Ave Gibsonton,FL 33534",Treasure Cove,FL-Treasure Cove-6212,"Hillsborough, FL",Relatively High,Homes of America,Alden Global Capital,42,2022,No,Manufactured Housing,27.814833,-82.38336,,
"700 Jackson St Hillsdale,IL 61257",Hillsdale Estates,IL-Hillsdale Estates-700,"Rock Island, IL",Relatively Moderate,Homes of America,Alden Global Capital,42,2020,No,Manufactured Housing,41.603644,-90.17145,,
"1746 Wilson Rd Urbana,IL 61802",Wilson's on University MHC,IL-Wilson's on University MHC-1746,"Champaign, IL",Relatively Moderate,Horizon Land Company,Federal Capital Partners,42,2021,No,Manufactured Housing,40.116935,-88.184312,,
"2028 Mamie Eisenhower Ave Boone,IA 50036",Sunrise MHC,IA-Sunrise MHC-2028,"Boone, IA",Very Low,Horizon Land Company,Federal Capital Partners,42,2021,No,Manufactured Housing,42.056731,-93.859767,,
"100 Barrington Cir Greer,SC 29651",Barrington MHP,SC-Barrington MHP-100,"Spartanburg, SC",Relatively Moderate,Impact Communities,MHP Funds,42,N/A,No,Manufactured Housing,34.92173,-82.22146,,
"76 Court Street Lewiston,MN 55952",Lewiston Park,MN-Lewiston Park -76,"Winona, MN",Relatively Low,RHP Properties (RHP),RHP Properties,42,N/A,Fannie Mae,Manufactured Housing,43.978808,-91.870103,,
"Roadrunner Dr and Stadium Drive Bellwood,PA 16617",Bellwood Place,PA-Bellwood Place-Roadrunner,"Blair, PA",Relatively Low,Legacy Communities,Legacy Communities,42,N/A,Freddie Mac,Manufactured Housing,40.593524,-78.332811,,
"100 N Main St Quincy,MI 49082",North Trail Village,MI-North Trail Village-100,"Calhoun, MI",Relatively Low,Cambio Communities,Silver Creek Capital,42,N/A,No,Manufactured Housing,42.092349,-84.98621,,
"14651 Old Pascagoula Rd Grand Bay,AL 36541",Pecan Grove Mobile Home Park,AL-Pecan Grove Mobile Home Park-14651,"Mobile, AL",Relatively High,Homes of America,Alden Global Capital,41,2022,No,Manufactured Housing,30.507446,-88.39189,,
"8401 Bowles Rd Tampa,FL 33610",Countryside Village Mobile Home Park,FL-Countryside Village Mobile Home Park-8401,"Hillsborough, FL",Relatively High,Homes of America,Alden Global Capital,41,2022,No,Manufactured Housing,28.023003,-82.346333,,
"34 Norman Lane Perry,KS 66073",Perry Plaza,KS-Perry Plaza-34,"Jefferson, KS",Very Low,Impact Communities,MHP Funds,41,N/A,No,Manufactured Housing,39.079516,-95.389543,,
"300 N. Rolling Meadows Dr. North Fond Du Lac,WI 54937",Green Meadows,WI-Green Meadows -300,"Fond Du Lac, WI",Relatively Low,RHP Properties (RHP),RHP Properties,41,N/A,No,Manufactured Housing,43.7995,-88.492517,,
"1166 Hollywood Heights Rd Caseyville,IL 62232",Quail Run of Caseyville,IL-Quail Run of Caseyville-1166,"St. Clair, IL",Relatively High,Homes of America,Alden Global Capital,40,2021,No,Manufactured Housing,38.636062,-89.988697,,
"1870 Sheridan Kenosha,WI 53140",Alford Park,WI-Alford Park-1870,"Kenosha, WI",Relatively Moderate,Homes of America,Alden Global Capital,40,2021,No,Manufactured Housing,42.622319,-87.826932,,
"1735 West 3150 S West Valley City,UT 84119",Redwood Village,UT-Redwood Village-1735,"Salt Lake, UT",Relatively High,RHP Properties (Brookfield),Brookfield Corporation,40,2017,No,Manufactured Housing,40.702579,-111.940567,,
"2906 Otranto Rd North Charleston,SC 29406",Deerwood Acres,SC-Deerwood Acres-2906,"Charleston, SC",Relatively High,Horizon Land Company,Federal Capital Partners,40,N/A,No,Manufactured Housing,32.962499,-80.066307,,
"757 98th St SW Albuquerque,NM 87121",Rosewood MHP,NM-Rosewood MHP-757,"Bernalillo, NM",Relatively High,Impact Communities,MHP Funds,40,N/A,Freddie Mac,Manufactured Housing,35.057387,-106.741528,,
"2835 70th St Des Moines,IA 50322",Rockynn Mobile Home Park,IA-Rockynn Mobile Home Park-2835,"Polk, IA",Relatively Moderate,Impact Communities,MHP Funds,40,N/A,No,Manufactured Housing,41.621544,-93.710683,,
"8507 White Horse Rd Greenville,SC 29617",Park West & West Brook Communities,SC-Park West & West Brook Communities-8507,"Greenville, SC",Relatively Moderate,Impact Communities,MHP Funds,40,N/A,No,Manufactured Housing,34.900463,-82.463564,,
"10359 County Rd Y Mazomanie,WI 53560",Mazomanie MHP,WI-Mazomanie MHP-10359,"Dane, WI",Relatively Moderate,Impact Communities,MHP Funds,40,2021,No,Manufactured Housing,43.232029,-89.784512,,
"4901 US Hwy 301 North Ellenton,FL 34222",Pelican Pier West,FL-Pelican Pier West-4901,"Manatee, FL",Relatively High,Legacy Communities,Legacy Communities,40,N/A,Freddie Mac,Manufactured Housing,27.523379,-82.514117,,
"35108 Waters Edge Lakeland,FL 34731",Picciola Landing,FL-Picciola Landing-35108,"Lake, FL",Relatively Moderate,Legacy Communities,Legacy Communities,40,N/A,N/A,Manufactured Housing,28.821135,-81.844201,,
"3935 N Trail Dayton,OH 45414",Sunnybrook Estates Mobile Home Park,OH-Sunnybrook Estates Mobile Home Park-3935,"Montgomery, OH",Relatively Moderate,Knights Communities,Keel Team,40,N/A,N/A,Manufactured Housing,39.805879,-84.188122,,
"10610 Bay Hills Circle Thonotosassa,FL 33592",Bay Hills Village,FL-Bay Hills Village-10610,"Hillsborough, FL",Relatively High,Homes of America,Alden Global Capital,39,2023,No,Manufactured Housing,28.054515,-82.300266,,
"227 N 2nd St Berthoud,CO 80513",Sunshine Acres,CO-Sunshine Acres -227,"Larimer, CO",Relatively Moderate,Impact Communities,MHP Funds,39,N/A,Freddie Mac,Manufactured Housing,40.301114,-105.076878,,
"502 N Buffalo Bill Ave North Platte,NE 69101",Westgate Mobile Home Court,NE-Westgate Mobile Home Court-502,"Lincoln, NE",Relatively Low,Impact Communities,MHP Funds,39,N/A,No,Manufactured Housing,41.141406,-100.791633,,
"380 Williams Rd. Fletcher,NC 28732",Homestead,NC-Homestead -380,"Buncombe, NC",Relatively Moderate,RHP Properties (RHP),RHP Properties,39,N/A,No,Manufactured Housing,35.485944,-82.480978,,
"5110 US-2 BUS Minot,ND 58701",Holiday Park Mobile Home,ND-Holiday Park Mobile Home-5110,"Ward, ND",Relatively Low,Homes of America,Alden Global Capital,38,2022,No,Manufactured Housing,48.226832,-101.218689,,
"511 E Oakdale Keene,TX 76059",Happy Hollow,TX-Happy Hollow-511,"Johnson, TX",Relatively Moderate,Horizon Land Company,Federal Capital Partners,38,2021,No,Manufactured Housing,32.399994,-97.316634,,
"N10356 Lake Rd Ironwood,MI 49938",Ironwood Estates,MI-Ironwood Estates-N10356,"Gogebic, MI",Very Low,Impact Communities,MHP Funds,38,N/A,No,Manufactured Housing,46.536276,-90.156109,,
"202 E Railroad St Hudson,IN 46767",Hudson Mobile Home Community,IN-Hudson Mobile Home Community-202,"Steuben, IN",Very Low,Knights Communities,Keel Team,38,2022,Fannie Mae,Manufactured Housing,41.529502,-85.077717,,
"1006 3rd St NE Roseau,MN 56751",Eastside Mobile Home Court,MN-Eastside Mobile Home Court-1006,"Roseau, MN",Relatively Low,Knights Communities,Keel Team,38,N/A,No,Manufactured Housing,48.8477,-95.747504,,
"708 W Hurst Blvd Hurst,TX",Regional Estates MHP,TX-Regional Estates MHP-708,"Tarrant, TX",Relatively High,Impact Communities,MHP Funds,38,N/A,N/A,Manufactured Housing,32.809454,-97.182374,,
"350 Austin Ave Bridge City,TX 77611",Stadium Village,TX-Stadium Village-350,"Orange, TX",Relatively Moderate,Impact Communities,MHP Funds,37,N/A,No,Manufactured Housing,30.038139,-93.820338,,
"535 County Road 204 Durango,CO 81301",Junction Creek,CO-Junction Creek-535,"La Plata, CO",Relatively Low,Impact Communities,MHP Funds,37,N/A,No,Manufactured Housing,37.308201,-107.887464,,
"100 Brookstone Dr Easley,SC 29642",Windy Hill MHP,SC-Windy Hill MHP-100,"Anderson, SC",Relatively Moderate,Impact Communities,MHP Funds,36,N/A,No,Manufactured Housing,34.720694,-82.560102,,
"17030 County Road 10 Foley,AL 36535",Dolphin Mobile Home Park,AL-Dolphin Mobile Home Park-17030,"Baldwin, AL",Relatively High,Homes of America,Alden Global Capital,35,2022,No,Manufactured Housing,30.331672,-87.734062,,
"3925 N Combee Rd Lakeland,FL 33805",Ten Rocks Mobile Home Park,FL-Ten Rocks Mobile Home Park-3925,"Polk, FL",Relatively High,Homes of America,Alden Global Capital,35,2021,No,Manufactured Housing,28.092945,-81.904189,,
"900 Bybrook Dr Fenton,MO 63026",Romaine Commons,MO-Romaine Commons-900,"Jefferson, MO",Relatively Moderate,Horizon Land Company,Federal Capital Partners,35,N/A,No,Manufactured Housing,38.470657,-90.44464,,
"901 Red Wing Ave Kenyon,MN 55946",Southview Estates,MN-Southview Estates-901,"Goodhue, MN",Relatively Low,Impact Communities,MHP Funds,35,2018,No,Manufactured Housing,44.262166,-92.985589,,
"414 E Locust St Chatham,IL 62629",Blue Spruce Mobile Home Park,IL-Blue Spruce Mobile Home Park-414,"Sangamon, IL",Relatively Moderate,Homes of America,Alden Global Capital,34,2021,No,Manufactured Housing,39.672681,-89.699813,,
"1750 Roosevelt Ave 1 Belleville,IL 62226",Pine Manor Mobile Home Park,IL-Pine Manor Mobile Home Park-1750,"St. Clair, IL",Relatively High,Homes of America,Alden Global Capital,34,2021,No,Manufactured Housing,38.514225,-90.012058,,
"1 Fern St Urbana,IL 61802",Spruce Commons ,IL-Spruce Commons -1,"Champaign, IL",Relatively Moderate,Horizon Land Company,Federal Capital Partners,34,2018,No,Manufactured Housing,40.139117,-88.203671,,
"458 Oakridge Church Rd Tifton,GA 31794",Oakridge Mobile Home Park,GA-Oakridge Mobile Home Park-458,"Tift, GA",Relatively Low,Knights Communities,Keel Team,34,N/A,N/A,Manufactured Housing,31.402208,-83.48182,,
"902 Center St W Pencer,MN 56751",Westside Mobile Home Community,MN-Westside Mobile Home Community-902,"Roseau, MN",Relatively Low,Knights Communities,Keel Team,34,N/A,No,Manufactured Housing,48.84606,-95.775906,,
"2310 S 50TH ST Tampa,FL 33619",J&L Family Park,FL-J&L Family Park-2310,"Hillsborough, FL",Relatively High,Homes of America,Alden Global Capital,33,2022,No,Manufactured Housing,27.927265,-82.401258,,
"Pleasant Valley Dr Belleville/Swansea,IL 62226",Pleasant Valley Mobile Home Park,IL-Pleasant Valley Mobile Home Park-Pleasant,"St. Clair, IL",Relatively High,Homes of America,Alden Global Capital,33,2021,No,Manufactured Housing,38.540375,-89.9804,,
"4665 W 100 S Wabash,IN 46992",Rhoades Wheel Mobile Home Park,IN-Rhoades Wheel Mobile Home Park-4665,"Wabash, IN",Very Low,Homes of America,Alden Global Capital,32,2023,No,Manufactured Housing,40.759273,-85.809855,,
"1 Elmira Court Bloomfield,IA 52537",Lakeside Estates,IA-Lakeside Estates-1,"Davis, IA",Relatively Low,Impact Communities,MHP Funds,32,N/A,No,Manufactured Housing,40.738891,-92.420224,,
"412 Sarah St Birnamwood,WI 54414",Village View,WI-Village View-412,"Shawano, WI",Relatively Low,Impact Communities,MHP Funds,32,N/A,No,Manufactured Housing,44.933186,-89.215684,,
"9710 York St Anamosa,IA 52205",Fairview Terrace Mobile Home Park,IA-Fairview Terrace Mobile Home Park-9710,"Jones, IA",Very Low,Knights Communities,Keel Team,32,N/A,N/A,Manufactured Housing,42.074524,-91.329851,,
"100 1st Ave Mendota,IL 61342",Cherry Estates MHP,IL-Cherry Estates MHP-100,"Lasalle, IL",Relatively Moderate,Knights Communities,Keel Team,32,N/A,N/A,Manufactured Housing,41.540753,-89.10879,,
"9917 E Ellicott St Tampa,FL 33610",Shearwood Mobile Home Park,FL-Shearwood Mobile Home Park-9917,"Hillsborough, FL",Relatively High,Homes of America,Alden Global Capital,32,2023,N/A,Manufactured Housing,27.990244,-82.338171,,
"921 Shamrock Lane Albany,MN 56307",Shamrock,MN-Shamrock -921,"Stearns, MN",Relatively Moderate,RHP Properties (RHP),RHP Properties,31,N/A,No,Manufactured Housing,45.62898,-94.577373,,
"4464 E 125 1st Rd Earlville,IL 60518",Earlville Estates MHP,IL-Earlville Estates MHP-4464,"Lasalle, IL",Relatively Moderate,Knights Communities,Keel Team,31,N/A,N/A,Manufactured Housing,41.5834,-89.147213,,
"468 E Wsahsington St Upland,IN 46989",Lightle Mobile Home Park,IN-Lightle Mobile Home Park-468,"Grant, IN",Relatively Low,Knights Communities,Keel Team,31,N/A,N/A,Manufactured Housing,40.474572,-85.492063,,
"11416 E US Highway 92 Seffner,FL",Family Rentals Of Seffner,FL-Family Rentals Of Seffner-11416,"Hillsborough, FL",Relatively High,Homes of America,Alden Global Capital,31,2023,N/A,Manufactured Housing,28.001616,-82.308026,,
"2845 North Ave Grand Junction,CO 81501",Twin Rivers MHC,CO-Twin Rivers MHC-2845,"Mesa, CO",Relatively Low,Horizon Land Company,Federal Capital Partners,30,2021,No,Manufactured Housing,39.07694,-108.525829,,
"4400 North Harbor City Blvd Melbourne,FL 32935",Mobiland by the Sea,FL-Mobiland by the Sea-4400,"Brevard, FL",Relatively High,Treehouse Communities,The Blackstone Group,30,N/A,No,Manufactured Housing,28.160399,-80.641764,,
"284 Sandusky St Mechanicsburg,OH 43044",Darby View,OH-Darby View-284,"Champaign, OH",Very Low,Impact Communities,MHP Funds,30,2025,Freddie Mac,Manufactured Housing,40.07755,-83.548994,,
"3701 Woodlawn Ave McClure,OH 43534",Willow Haven Mobile Home Commmunity,OH-Willow Haven Mobile Home Commmunity-3701,"Henry, OH",Very Low,Knights Communities,Keel Team,30,N/A,N/A,Manufactured Housing,41.378496,-83.937243,,
"20070 Justice Rd Orchard City,CO",Cherry Acres,CO-Cherry Acres-20070,"Delta, CO",Relatively Low,Impact Communities,MHP Funds,30,N/A,N/A,Manufactured Housing,38.797971,-107.988595,,
"18600 E Silverhill Ave Robertsdale,AL 36567",Robertsdale Mobile Home Park,AL-Robertsdale Mobile Home Park-18600,"Baldwin, AL",Relatively High,Homes of America,Alden Global Capital,29,2022,No,Manufactured Housing,30.545816,-87.706498,,
"825 E 7th St Craig,CO 81625",Elk Valley MHC,CO-Elk Valley MHC-825,"Moffat, CO",Very Low,Horizon Land Company,Federal Capital Partners,29,N/A,No,Manufactured Housing,40.518467,-107.537319,,
"123 Alves Ln New Braunfels,TX 78130",Agave Mobile Home Park,TX-Agave Mobile Home Park-123,"Comal, TX",Relatively Moderate,Impact Communities,MHP Funds,29,N/A,No,Manufactured Housing,29.695199,-98.082823,,
"3 Nicholas Drive Dayton,TN 37321",Mountain Creek,TN-Mountain Creek-3,"Rhea, TN",Relatively Low,Homes of America,Alden Global Capital,28,2022,No,Manufactured Housing,35.515386,-85.00781,,
"1413 Rosharon Rd Alvin,TX",1413 Rosharon,TX-1413 Rosharon-1413,"Brazoria, TX",Relatively Moderate,Impact Communities,MHP Funds,28,2018,N/A,Manufactured Housing,29.406297,-95.257651,,
"14226 Elwood Dr Bowling Green,VA 22427",The Hill Mobile Home Park,VA-The Hill Mobile Home Park-14226,"Caroline, VA",Very Low,Homes of America,Alden Global Capital,27,2021,No,Manufactured Housing,38.06672,-77.329815,,
"2201 N Hwy 77 Wahoo,NE 68066",Wahoo Mobile Home Park,NE-Wahoo Mobile Home Park -2201,"Saunders, NE",Very Low,Impact Communities,MHP Funds,26,N/A,No,Manufactured Housing,41.225124,-96.608386,,
"70710 Elkhart Edwardsburg,MI 49112",C&M Park,MI-C&M Park -70710,"Cass, MI",Relatively Low,RHP Properties (RHP),RHP Properties,26,N/A,No,Manufactured Housing,41.772159,-86.050232,,
"6427 Black Dairy Rd Seffner,FL 33584",Black Dairy Road Mobile Home & RV Spaces,FL-Black Dairy Road Mobile Home & RV Spaces-6427,"Hillsborough, FL",Relatively High,Homes of America,Alden Global Capital,25,2023,No,Manufactured Housing,28.020816,-82.310438,,
"10719 Hazen Ave Thonotosassa,FL 10719",Dalia Mobile Home Park,FL-Dalia Mobile Home Park-10719,"Hillsborough, FL",Relatively High,Homes of America,Alden Global Capital,25,2023,No,Manufactured Housing,28.058359,-82.294552,,
"10602 Taylor Rd Thonotosassa,FL 33592",Triple T Mobile Home Park,FL-Triple T Mobile Home Park-10602,"Hillsborough, FL",Relatively High,Homes of America,Alden Global Capital,25,2023,No,Manufactured Housing,28.045407,-82.294435,,
"38621 Fir Ave Zephyrhills,FL 33542",Southern Living,FL-Southern Living-38621,"Pasco, FL",Relatively High,Homes of America,Alden Global Capital,25,2023,No,Manufactured Housing,28.21974,-82.17777,,
"1410 Jack Calhoun Dr Kissimmee,FL 34741",Wagon Wheel Mobile Home Park,FL-Wagon Wheel Mobile Home Park-1410,"Osceola, FL",Relatively Moderate,Homes of America,Alden Global Capital,25,2021,No,Manufactured Housing,28.278234,-81.437025,,
"927 Miller Street Kewaunee,WI 54216",Lake Bluff,WI-Lake Bluff -927,"Kewaunee, WI",Very Low,RHP Properties (RHP),RHP Properties,25,N/A,Fannie Mae,Manufactured Housing,44.461249,-87.512943,,
"3705 27th St Kenosha,WI 53144",Nelson's Hilltop,WI-Nelson's Hilltop-3705,"Kenosha, WI",Relatively Moderate,Knights Communities,Keel Team,25,N/A,N/A,Manufactured Housing,42.613755,-87.854436,,
"911 E Duke St Vermillion,SD 57069",Vermillion Mobile Home Park,SD-Vermillion Mobile Home Park-911,"Clay, SD",Very Low,Knights Communities,Keel Team,25,N/A,Fannie Mae,Manufactured Housing,42.788358,-96.917102,,
"3995 Highway 90 Marianna,FL 32446",Southwind Mobile Home Park,FL-Southwind Mobile Home Park-3995,"Jackson, FL",Relatively Low,Homes of America,Alden Global Capital,24,2022,No,Manufactured Housing,30.783477,-85.262926,,
"10801 MAIN ST Thonotosassa,FL 33592",Parkview Mobile Home Park,FL-Parkview Mobile Home Park-10801,"Hillsborough, FL",Relatively High,Homes of America,Alden Global Capital,24,2023,No,Manufactured Housing,28.056401,-82.294326,,
"6700 N Rome Ave Tampa,FL 33604",North Rome,FL-North Rome-6700,"Hillsborough, FL",Relatively High,Homes of America,Alden Global Capital,24,2022,No,Manufactured Housing,28.008067,-82.476424,,
"10107 Main St Thonotosassa,FL",Countryside Mobile Home Park,FL-Countryside Mobile Home Park-10107,"Hillsborough, FL",Relatively High,Homes of America,Alden Global Capital,24,2023,N/A,Manufactured Housing,28.054342,-82.313414,,
"8207 Bowles Rd Tampa,FL 33637",Garden Springs,FL-Garden Springs-8207,"Hillsborough, FL",Relatively High,Homes of America,Alden Global Capital,23,2022,No,Manufactured Housing,28.021909,-82.347025,,
"8786 Magnolia Springs Hwy Foley,AL 36535",Sweet Bay Mobile Home Park,AL-Sweet Bay Mobile Home Park-8786,"Baldwin, AL",Relatively High,Homes of America,Alden Global Capital,23,2022,No,Manufactured Housing,30.35213,-87.766851,,
"151 Hwy La Fayette,GA 30278",Forest Green Mobile Home Park,GA-Forest Green Mobile Home Park-151,"Fayette, GA",Relatively Low,Homes of America,Alden Global Capital,23,2021,No,Manufactured Housing,33.448273,-84.449726,,
"4821 Williams Rd Tampa,FL 33610",Kentwood Mobile Home Community,FL-Kentwood Mobile Home Community-4821,"Hillsborough, FL",Relatively High,Homes of America,Alden Global Capital,23,2022,No,Manufactured Housing,27.990437,-82.317561,,
"1696 Wald Rd New Braunfels,TX 78132",Creekside Crossing,TX-Creekside Crossing -1696,"Comal, TX",Relatively Moderate,Horizon Land Company,Federal Capital Partners,23,N/A,No,Manufactured Housing,29.682656,-98.163771,,
"531 West John Street Markesan,WI 53946",Markesan,WI-Markesan -531,"Green Lake, WI",Relatively Low,RHP Properties (RHP),RHP Properties,23,N/A,Fannie Mae,Manufactured Housing,43.708042,-88.995682,,
"410 East South Street Albion,IN 46701",Kozy Valley Estates Mobile Home Park,IN-Kozy Valley Estates Mobile Home Park-410,"Noble, IN",Relatively Low,Homes of America,Alden Global Capital,22,2022,No,Manufactured Housing,41.392926,-85.419942,,
"10719 Ohio Ave Thonotosassa,FL 33592",10719 Ohio,FL-10719 Ohio-10719,"Hillsborough, FL",Relatively High,Homes of America,Alden Global Capital,22,2023,N/A,Manufactured Housing,28.061449,-82.295894,,
"4285 N Yellowstone Hwy ,ID",Collective Communities Autumn Cove MHC,ID-Collective Communities Autumn Cove MHC-4285,"Yellowstone, MT",Relatively Moderate,Havenpark Communities,Havenpark Capital Partners,22,N/A,N/A,Manufactured Housing,45.66912,-108.77153,,
"657 E Lake St Lake Mills,WI 53551",Quiet Creek MHP,WI-Quiet Creek MHP-657,"Jefferson, WI",Relatively Low,Impact Communities,MHP Funds,21,N/A,Freddie Mac,Manufactured Housing,43.078691,-88.900607,,
"680 Union St Rockland,MA 2370",Live Oaks Village,MA-Live Oaks Village-680,"Plymouth, MA",Relatively Moderate,Hometown America,Calzada Capital Partners,20,2007,No,Manufactured Housing,42.140133,-70.921951,,
"706 Butler St Silver Cliff,CO 81252",Silver Cliff MHC,CO-Silver Cliff MHC-706,"Custer, CO",Very Low,Impact Communities,MHP Funds,20,N/A,No,Manufactured Housing,38.135946,-105.439923,,
"18539 Reservoir Rd Sagertown,PA 16433",Hayfield Estates Mobile Home Park,PA-Hayfield Estates Mobile Home Park-18539,"Crawford, PA",Relatively Low,Knights Communities,Keel Team,20,N/A,Fannie Mae,Manufactured Housing,41.71761,-80.169759,,
"300 N 14th St Oostburg,WI 53070",300 N 14th,WI-300 N 14th-300,"Sheboygan, WI",Relatively Low,Havenpark Communities,Havenpark Capital Partners,20,2019,N/A,Manufactured Housing,43.625772,-87.806841,,
"4804 Clewis Ave Tampa,FL 33610",River Breeze Mobile Home Park,FL-River Breeze Mobile Home Park-4804,"Hillsborough, FL",Relatively High,Homes of America,Alden Global Capital,19,2023,No,Manufactured Housing,27.989119,-82.348724,,
"8841 Richmond St Gibsonton,FL 76012",Oakwood Mobile Home Park,FL-Oakwood Mobile Home Park-8841,"Hillsborough, FL",Relatively High,Homes of America,Alden Global Capital,19,2021,Fannie Mae,Manufactured Housing,27.843319,-82.35521,,
"5319 Clewis Ave Tampa,FL 33610",Clewis Mobile Home Park,FL-Clewis Mobile Home Park-5319,"Hillsborough, FL",Relatively High,Homes of America,Alden Global Capital,19,2025,N/A,Manufactured Housing,27.992307,-82.347375,,
"2896 JR Dr Cottondale,FL 32431",Quiet Oaks Mobile Home park,FL-Quiet Oaks Mobile Home park-2896,"Jackson, FL",Relatively Low,Homes of America,Alden Global Capital,18,2022,No,Manufactured Housing,30.766931,-85.361296,,
"5139 Green Key Rd New Port Richey,FL 34652",Pleasantville Mobile Home Park,FL-Pleasantville Mobile Home Park-5139,"Pasco, FL",Relatively High,Homes of America,Alden Global Capital,18,2023,No,Manufactured Housing,28.254342,-82.728981,,
"704 Saratoga Rd Gansevoort,NY 12831",Park D'Antoine,NY-Park D'Antoine-704,"Saratoga, NY",Relatively Low,RHP Properties (RHP),RHP Properties,18,N/A,No,Manufactured Housing,43.142251,-73.766316,,
"764 E Chandler Blvd Chandler,AZ 85225",TRS Villa Nueva (Elmwood),AZ-TRS Villa Nueva (Elmwood)-764,"Maricopa, AZ",Very High,Treehouse Communities,The Blackstone Group,18,N/A,No,Manufactured Housing,33.30666,-111.829254,,
"1915 S 13th St Niles,MI 49120",Franklin Woods,MI-Franklin Woods-1915,"Berrien, MI",Relatively Moderate,Impact Communities,MHP Funds,18,N/A,No,Manufactured Housing,41.796815,-86.244744,,
"1505 E. Main St Trinidad,CO 81082",Trinidad,CO-Trinidad-1505,"Las Animas, CO",Very Low,Impact Communities,MHP Funds,18,N/A,No,Manufactured Housing,37.17493,-104.491496,,
"12966 Morris Bridge Rd Thonotosassa,FL",Shady Grove Mobile Home Park,FL-Shady Grove Mobile Home Park-12966,"Hillsborough, FL",Relatively High,Homes of America,Alden Global Capital,18,2023,N/A,Manufactured Housing,28.081544,-82.32555,,
"689 Highway 50 Delta,CO 81416",Riverwood Inn and RV Park,CO-Riverwood Inn and RV Park-689,"Delta, CO",Relatively Low,Impact Communities,MHP Funds,17,N/A,No,Manufactured Housing,38.754762,-108.066422,,
"2410 E Main St Urbana,IL 61802",Trailside ,IL-Trailside -2410,"Champaign, IL",Relatively Moderate,Horizon Land Company,Federal Capital Partners,16,2021,No,Manufactured Housing,40.113117,-88.174982,,
"35 CR 221 Durango,CO 81303",Falfa MHP,CO-Falfa MHP-35,"La Plata, CO",Relatively Low,Impact Communities,MHP Funds,16,N/A,No,Manufactured Housing,37.215209,-107.794507,,
"1450 Myrtle Street Marinette,WI 54143",Forest Glen,WI-Forest Glen -1450,"Marinette, WI",Relatively Low,RHP Properties (RHP),RHP Properties,16,N/A,Fannie Mae,Manufactured Housing,45.090762,-87.645799,,
"8916 Gall Blvd Zephyrhills,FL",MHP Zephyrhills,FL-MHP Zephyrhills-8916,"Pasco, FL",Relatively High,Homes of America,Alden Global Capital,16,2023,N/A,Manufactured Housing,28.287073,-82.186463,,
"10740 Skewlee Rd Thonotosassa,FL 33592",Country Grove Mobile Home Park,FL-Country Grove Mobile Home Park-10740,"Hillsborough, FL",Relatively High,Homes of America,Alden Global Capital,15,2023,No,Manufactured Housing,28.051112,-82.296898,,
"6170 Boykin Rd Theodore,AL 36582",Plantation Square Estates,AL-Plantation Square Estates-6170,"Mobile, AL",Relatively High,Homes of America,Alden Global Capital,15,2022,No,Manufactured Housing,30.559786,-88.187033,,
"5035 Pine St Seffner,FL 33584",Sunshine Mobile Home Park,FL-Sunshine Mobile Home Park-5035,"Hillsborough, FL",Relatively High,Homes of America,Alden Global Capital,15,2023,No,Manufactured Housing,27.983702,-82.29218,,
"10310 TANNER RD Tampa,FL 33610",Lulore Mobile Home Park,FL-Lulore Mobile Home Park-10310,"Hillsborough, FL",Relatively High,Homes of America,Alden Global Capital,13,2023,No,Manufactured Housing,27.992566,-82.330629,,
"11213 East Sligh Avenue Seffner,FL 33584",Oak Knoll,FL-Oak Knoll -11213,"Hillsborough, FL",Relatively High,Homes of America,Alden Global Capital,13,2023,No,Manufactured Housing,28.010031,-82.312654,,
"11017 E US HWY 92 Tampa,FL 33610",Burnes Mobile Home Park,FL-Burnes Mobile Home Park-11017,"Hillsborough, FL",Relatively High,Homes of America,Alden Global Capital,12,2023,No,Manufactured Housing,27.998879,-82.315613,,
"301 27TH ST SE Ruskin,FL 33570",Tuck Away Park,FL-Tuck Away Park-301,"Hillsborough, FL",Relatively High,Homes of America,Alden Global Capital,12,2023,No,Manufactured Housing,27.715637,-82.399158,,
"8106 Old Spanish Trail Sneads,FL 32460",Old Spanish Trail Mobile Home Park,FL-Old Spanish Trail Mobile Home Park-8106,"Jackson, FL",Relatively Low,Homes of America,Alden Global Capital,12,2022,No,Manufactured Housing,30.70816,-84.916314,,
"11933 N 301 HWY Thonotosassa,FL 33592",Tidy Nest Mobile Home Park,FL-Tidy Nest Mobile Home Park-11933,"Hillsborough, FL",Relatively High,Homes of America,Alden Global Capital,12,2023,No,Manufactured Housing,28.059314,-82.308414,,
"12491 Wagon Wheel Rd Eckert,CO 81418",Wagon Wheel,CO-Wagon Wheel-12491,"Delta, CO",Relatively Low,Impact Communities,MHP Funds,12,N/A,No,Manufactured Housing,38.83503,-107.961164,,
"11939 N US Highway 301 Thonotosassa,FL 33592",Tidy Nest,FL-Tidy Nest-11939,"Hillsborough, FL",Relatively High,Homes of America,Alden Global Capital,12,2023,N/A,Manufactured Housing,28.061016,-82.308479,,
"40 Parkridge San Francisco,CA",40 Park Ridge,CA-40 Park Ridge-40,"San Francisco, CA",Very High,Fortress Investment Group,,12,2025,N/A,Manufactured Housing,37.751726,-122.445332,,
"23 Van Wyck St Buffalo,NY 14219",Wayside Mobile Home Court,NY-Wayside Mobile Home Court -23,"Erie, NY",Relatively High,Knights Communities,Keel Team,11,N/A,N/A,Manufactured Housing,42.806364,-78.824898,,
"5779 Fort Rd Greenwood,FL 32443",Oak Park Mobile Home Parks,FL-Oak Park Mobile Home Parks-5779,"Jackson, FL",Relatively Low,Homes of America,Alden Global Capital,10,2022,No,Manufactured Housing,30.863838,-85.114284,,
"1265 Wilson Rd Rossville,GA 30741",Home Place Mobile Home Park,GA-Home Place Mobile Home Park-1265,"Walker, GA",Relatively Low,Homes of America,Alden Global Capital,10,2021,No,Manufactured Housing,34.976886,-85.310136,,
"47 N. High St. Clinton,CT 06413",Cedar Grove,CT-Cedar Grove -47,"Lower Connecticut, CT",#N/A,RHP Properties (RHP),RHP Properties,10,2004,No,Manufactured Housing,41.285159,-72.532159,,
"4821 Indialantic Dr Orlando,FL",4821 Indialantic Dr,FL-4821 Indialantic Dr-4821,"Orange, FL",Relatively High,Fortress Investment Group,,10,2019,N/A,Manufactured Housing,28.572123,-81.444634,,
"9314 Ashley Oaks Ct Tampa,FL 33610",Ashley Oaks Condominiums,FL-Ashley Oaks Condominiums-9314,"Hillsborough, FL",Relatively High,Homes of America,Alden Global Capital,9,2023,No,Manufactured Housing,27.986803,-82.346231,,
"1661 Powder Springs Rd Marietta,GA 30064",Lamplighter Village,GA-Lamplighter Village-1661,"Cobb, GA",Relatively High,Yes! Communities,Stockbridge Capital Group,8,2015,Fannie Mae,Manufactured Housing,33.90033,-84.601407,,
"11300 US Hwy 271 Tyler,TX 75708",Eagle Creek,TX-Eagle Creek-11300,"Smith, TX",Relatively Moderate,Yes! Communities,Stockbridge Capital Group,7,2008,Fannie Mae,Manufactured Housing,32.418649,-95.220224,,
"11010 Jim John Ln Seffner,FL 33584",Lakewood Mobile Home Park,FL-Lakewood Mobile Home Park-11010,"Hillsborough, FL",Relatively High,Homes of America,Alden Global Capital,7,2023,N/A,Manufactured Housing,27.986369,-82.311869,,
"11520 E US Highway 92 Seffner,FL 33584",Twin Palms Court,FL-Twin Palms Court-11520,"Hillsborough, FL",Relatively High,Homes of America,Alden Global Capital,1,2023,N/A,Manufactured Housing,28.001627,-82.306194,,
"6016 Atticus Lane Seffner,FL 33584",Angel Woods Mobile Home Park,FL-Angel Woods Mobile Home Park-6016,"Hillsborough, FL",Relatively High,Homes of America,Alden Global Capital,,2023,No,Manufactured Housing,28.002349,-82.305696,,
"12073 Emory Oaks Loop Thonotosassa,FL 33592",Green Oaks Mobile Home Park,FL-Green Oaks Mobile Home Park-12073,"Hillsborough, FL",Relatively High,Homes of America,Alden Global Capital,,2023,No,Manufactured Housing,28.062144,-82.307269,,
"5315 SHADY ALLEY LN Tampa,FL 33610",Tampa and Maria Mobile Home Park,FL-Tampa and Maria Mobile Home Park-5315,"Hillsborough, FL",Relatively High,Homes of America,Alden Global Capital,,2023,No,Manufactured Housing,27.994781,-82.346872,,
"48 McLemore Ln Ringgold,GA 30736",Woodland Mobile Home Park,GA-Woodland Mobile Home Park-48,"Catoosa, GA",Relatively Low,Homes of America,Alden Global Capital,,2021,No,Manufactured Housing,34.954341,-85.149432,,
"38036 Arts Road Zephyrhills,FL 33540",Zephyrhills Mobile Home Park,FL-Zephyrhills Mobile Home Park-38036,"Pasco, FL",Relatively High,Homes of America,Alden Global Capital,,2023,No,Manufactured Housing,28.287096,-82.186756,,
"4807 SHERWOOD PARK LN Tampa,FL 33610",Sherwood Mobile Home Park,FL-Sherwood Mobile Home Park-4807,"Hillsborough, FL",Relatively High,Homes of America,Alden Global Capital,,2023,No,Manufactured Housing,27.989897,-82.338817,,
"8 Arbor Mill Lane Ringgold,GA 30736",Arbor Mill Mobile Home Park,GA-Arbor Mill Mobile Home Park-8,"Catoosa, GA",Relatively Low,Homes of America,Alden Global Capital,,2021,No,Manufactured Housing,34.972982,-85.161406,,
"708 McCracken Dr Mineral,VA 23117",Six-O-Five Village,VA-Six-O-Five Village-708,"Louisa, VA",Very Low,Homes of America,Alden Global Capital,,2022,No,Manufactured Housing,37.972416,-77.915169,,
"4011 Lakepoint St West Bloomfield,MI 48323",Pheasant Run,MI-Pheasant Run-4011,"Oakland, MI",Relatively High,Homes of America,Alden Global Capital,,2021,No,Manufactured Housing,42.577597,-83.429421,,
"213 Hurst Lane Tiverton,RI 2878",Countryview Estates,RI-Countryview Estates-213,"Newport, RI",Very Low,Hometown America,Calzada Capital Partners,,2002,Fannie Mae,Manufactured Housing,41.660163,-71.145704,,
"100 Freeman Dr Lebanon,PA 17042",Alden Place,PA-Alden Place-100,"Lebanon, PA",Relatively Low,Hometown America,Calzada Capital Partners,,2020,No,Manufactured Housing,40.274948,-76.424789,,
"601 Old Post Rd Aberdeen,MD 21001",Spring Valley,MD-Spring Valley-601,"Harford, MD",Relatively Low,Horizon Land Company,Federal Capital Partners,,N/A,Fannie Mae,Manufactured Housing,39.515571,-76.147109,,
"1419 Sunrise Hwy Bay Shore,NY 11706",Bay Shore,NY-Bay Shore-1419,"Suffolk, NY",Relatively High,Horizon Land Company,Federal Capital Partners,,2022,No,Manufactured Housing,40.692992,-73.398371,,
"101 Drake Rd Hamlin,NY 14464",Hidden Creek,NY-Hidden Creek-101,"Monroe, NY",Relatively Moderate,Horizon Land Company,Federal Capital Partners,,N/A,No,Manufactured Housing,43.312045,-77.943009,,
"31 Meadow Lane Wilmer,TX 75172",Knollridge,TX-Knollridge-31,"Dallas, TX",Very High,Horizon Land Company,Federal Capital Partners,,N/A,No,Manufactured Housing,32.59521,-96.680482,,
"10938-10940 Lee St Tampa,FL 33610",Shady Acres Mobile Home Park,FL-Shady Acres Mobile Home Park-10938,"Hillsborough, FL",Relatively High,Homes of America,Alden Global Capital,,2023,No,Manufactured Housing,27.994803,-82.31505,,
"1475 South Walnut St Starke,FL 32091",Starke KOA,FL-Starke KOA-1475,"Bradford, FL",Very Low,Treehouse Communities,The Blackstone Group,,N/A,No,Manufactured Housing,29.931398,-82.118457,,
"30700 Wekiva River Rd Sorrento,FL 32776",Wekiva Falls RV Resort,FL-Wekiva Falls RV Resort-30700,"Lake, FL",Relatively Moderate,Treehouse Communities,The Blackstone Group,,N/A,No,Manufactured Housing,28.79585,-81.420772,,
"1030 E. Columbia Ave Battle Creek,MI 49014",Baker MHP LLC,MI-Baker MHP LLC-1030,"Calhoun, MI",Relatively Low,Homes of America,Alden Global Capital,,2022,No,Manufactured Housing,42.300195,-85.169001,,
"2403 County Road 203 Durango,CO 81301",Valley West Mobile Home Park,CO-Valley West Mobile Home Park -2403,"La Plata, CO",Relatively Low,Impact Communities,MHP Funds,,N/A,No,Manufactured Housing,37.334438,-107.855232,,
"665 W Philadelphia St Armagh,PA 15920",Hunters Run,PA-Hunters Run-665,"Indiana, PA",Relatively Low,Impact Communities,MHP Funds,,N/A,No,Manufactured Housing,40.623248,-79.152696,,
"4106 E 24th St Columbus,NE 68601",Country View Estates,NE-Country View Estates-4106,"Platte, NE",Relatively Low,Impact Communities,MHP Funds,,N/A,Freddie Mac,Manufactured Housing,41.439045,-97.27522,,
"20040 Kenosha Rd Austin,CO 81410",Cherry Acres,CO-Cherry Acres-20040,"Delta, CO",Relatively Low,Impact Communities,MHP Funds,,N/A,Freddie Mac,Manufactured Housing,38.798907,-107.988814,,
"2216 Lincoln St Cedar Falls,IA 50613",Lincoln Street MH Villa,IA-Lincoln Street MH Villa-2216,"Black Hawk, IA",Relatively Low,Impact Communities,MHP Funds,,N/A,No,Manufactured Housing,42.542809,-92.417849,,
"1101 Commerce St Bryan,TX 77803",Westwood MHP,TX-Westwood MHP-1101,"Brazos, TX",Relatively Moderate,Impact Communities,MHP Funds,,N/A,No,Manufactured Housing,30.666103,-96.381809,,
"833 E Duke St Vermillion,SD 57069",Suburban MHP,SD-Suburban MHP-833,"Clay, SD",Very Low,Impact Communities,MHP Funds,,N/A,Freddie Mac,Manufactured Housing,42.78839,-96.918217,,
"518 E Capital Ave Grand Island,NE 68801",Capital MHP,NE-Capital MHP-518,"Hall, NE",Relatively Low,Impact Communities,MHP Funds,,N/A,No,Manufactured Housing,40.946137,-98.345095,,
"2300 79th Ave W Rock Island,IL 61201",Lakeview Estates,IL-Lakeview Estates-2300,"Rock Island, IL",Relatively Moderate,Impact Communities,MHP Funds,,N/A,Freddie Mac,Manufactured Housing,41.441571,-90.577342,,
"1404 E. Fox Farm Rd Cheyenne,WY 82007",Avalon Mobile Manor,WY-Avalon Mobile Manor-1404,"Laramie, WY",Relatively Low,Impact Communities,MHP Funds,,N/A,Freddie Mac,Manufactured Housing,41.116528,-104.783457,,
"N2686 County Road Y Clintonville,WI 54929",Lake Valley,WI-Lake Valley-N2686,"Shawano, WI",Relatively Low,Impact Communities,MHP Funds,,N/A,No,Manufactured Housing,44.685863,-88.676287,,
"W9192 Ripley Rd Cambridge,WI 53523",Ripley Estates MHP,WI-Ripley Estates MHP-W9192,"Jefferson, WI",Relatively Low,Impact Communities,MHP Funds,,2021,No,Manufactured Housing,43.005808,-88.987719,,
"2615 S 7200 W Magna,UT 84044",Western Estates,UT-Western Estates-2615,"Salt Lake, UT",Relatively High,RHP Properties (Brookfield),Brookfield Corporation,,N/A,No,Manufactured Housing,40.712923,-112.064225,,
"6876 Marilane St Merritt Island,FL 32953",Colony,FL-Colony-6876,"Brevard, FL",Relatively High,Homes of America,Alden Global Capital,,2021,N/A,Manufactured Housing,28.481934,-80.706856,,
"2630 4th St Peru,IL 61354",Peru Estates MHP,IL-Peru Estates MHP-2630,"Lasalle, IL",Relatively Moderate,Knights Communities,Keel Team,,N/A,N/A,Manufactured Housing,41.327661,-89.140046,,
"2885 East Midway Blvd Denver,CO 80234",Front Range,CO-Front Range-2885,"Broomfield, CO",Very Low,Kingsley Management,Kingsley Management,,N/A,N/A,Manufactured Housing,39.929998,-105.022073,,
"146 Soaring Heights Valdosta,GA 31602",Timberview,GA-Timberview-146,"Brooks, GA",Very Low,Sunrise Communities,Sunrise Communities,,N/A,N/A,Manufactured Housing,30.855878,-83.368471,,
"2325 W Virginia St Apache Junction,AZ 85120",,AZ-2325-W-85120,"Pinal, AZ",Relatively Moderate,Treehouse Communities,,,N/A,N/A,Manufactured Housing,33.41886,-111.570305,,
"9915 E US Highway 92 Tampa,FL",2325 W Virginia,FL-2325 W Virginia-9915,"Hillsborough, FL",Relatively High,Homes of America,Alden Global Capital,,2023,N/A,Manufactured Housing,27.995011,-82.336754,,
"11024 Old Hillsborough Ave Tampa,FL 33610",Ledbetters MHP,FL-Ledbetters MHP-11024,"Hillsborough, FL",Relatively High,Homes of America,Alden Global Capital,,2023,N/A,Manufactured Housing,27.997234,-82.314937,,
"100 Stoney Creek Cir Durham,NC 27577",100 Stoney Creek,NC-100 Stoney Creek-100,"Johnston, NC",Relatively Moderate,Riverstone Communities,Riverstone Capital Partners,,2008,N/A,Manufactured Housing,35.574892,-78.349546,,
"5711 Yale St Houston,TX 77076",Shady Oak Village,TX-Shady Oak Village-5711,"Harris, TX",Very High,Riverstone Communities,Riverstone Capital Partners,,2014,N/A,Manufactured Housing,29.850269,-95.405994,,
"1505 S Road 40 E Pasco,WA",Lakeview Mobile Home Park,WA-Lakeview Mobile Home Park-1505,"Franklin, WA",Relatively Low,The Carlyle Group,The Carlyle Group,,N/A,N/A,Manufactured Housing,46.213322,-119.043946,,
"3701 Baynard Dr Punta Gorda,FL 33950",Harbor Belle Rv Resort,FL-Harbor Belle Rv Resort-3701,"Charlotte, FL",Relatively High,Legacy Communities,Legacy Communities,,2021,N/A,Manufactured Housing,26.901269,-82.041336,,
"750 Malabar Rd Malabar,FL 32950",Enchanted Lakes RV Resort,FL-Enchanted Lakes RV Resort-750,"Brevard, FL",Relatively High,Legacy Communities,Legacy Communities,,2019,N/A,Manufactured Housing,28.000127,-80.606844,,
"2725 N Mile Rd Boise,ID 83713",Ponderosa,ID-Ponderosa-2725,"Ada, ID",Relatively Moderate,The Carlyle Group,The Carlyle Group,,N/A,N/A,Manufactured Housing,43.602613,-116.323727,,
"1500 N Angel St Layton,UT 84041",Mountain View,UT-Mountain View-1500,"Davis, UT",Relatively Moderate,The Carlyle Group,The Carlyle Group,,N/A,N/A,Manufactured Housing,41.081294,-111.987053,,